id,t1,t2,label,mask,change_ratio
BCD_r0000_c0000,T1/BCD_r0000_c0000.png,T2/BCD_r0000_c0000.png,0,masks/BCD_r0000_c0000.png,0.00000000
BCD_r0000_c0001,T1/BCD_r0000_c0001.png,T2/BCD_r0000_c0001.png,0,masks/BCD_r0000_c0001.png,0.00000000
BCD_r0000_c0002,T1/BCD_r0000_c0002.png,T2/BCD_r0000_c0002.png,0,masks/BCD_r0000_c0002.png,0.00000000
BCD_r0000_c0003,T1/BCD_r0000_c0003.png,T2/BCD_r0000_c0003.png,0,masks/BCD_r0000_c0003.png,0.00000000
BCD_r0000_c0004,T1/BCD_r0000_c0004.png,T2/BCD_r0000_c0004.png,0,masks/BCD_r0000_c0004.png,0.00000000
BCD_r0000_c0005,T1/BCD_r0000_c0005.png,T2/BCD_r0000_c0005.png,0,masks/BCD_r0000_c0005.png,0.00000000
BCD_r0000_c0006,T1/BCD_r0000_c0006.png,T2/BCD_r0000_c0006.png,0,masks/BCD_r0000_c0006.png,0.00000000
BCD_r0000_c0007,T1/BCD_r0000_c0007.png,T2/BCD_r0000_c0007.png,0,masks/BCD_r0000_c0007.png,0.00000000
BCD_r0000_c0008,T1/BCD_r0000_c0008.png,T2/BCD_r0000_c0008.png,0,masks/BCD_r0000_c0008.png,0.00000000
BCD_r0000_c0009,T1/BCD_r0000_c0009.png,T2/BCD_r0000_c0009.png,0,masks/BCD_r0000_c0009.png,0.00000000
BCD_r0000_c0010,T1/BCD_r0000_c0010.png,T2/BCD_r0000_c0010.png,0,masks/BCD_r0000_c0010.png,0.00000000
BCD_r0000_c0011,T1/BCD_r0000_c0011.png,T2/BCD_r0000_c0011.png,0,masks/BCD_r0000_c0011.png,0.00000000
BCD_r0000_c0012,T1/BCD_r0000_c0012.png,T2/BCD_r0000_c0012.png,0,masks/BCD_r0000_c0012.png,0.00000000
BCD_r0000_c0013,T1/BCD_r0000_c0013.png,T2/BCD_r0000_c0013.png,0,masks/BCD_r0000_c0013.png,0.00000000
BCD_r0000_c0014,T1/BCD_r0000_c0014.png,T2/BCD_r0000_c0014.png,0,masks/BCD_r0000_c0014.png,0.00000000
BCD_r0000_c0015,T1/BCD_r0000_c0015.png,T2/BCD_r0000_c0015.png,0,masks/BCD_r0000_c0015.png,0.00000000
BCD_r0000_c0016,T1/BCD_r0000_c0016.png,T2/BCD_r0000_c0016.png,0,masks/BCD_r0000_c0016.png,0.00000000
BCD_r0000_c0017,T1/BCD_r0000_c0017.png,T2/BCD_r0000_c0017.png,1,masks/BCD_r0000_c0017.png,0.03306362
BCD_r0000_c0018,T1/BCD_r0000_c0018.png,T2/BCD_r0000_c0018.png,1,masks/BCD_r0000_c0018.png,0.05516582
BCD_r0000_c0019,T1/BCD_r0000_c0019.png,T2/BCD_r0000_c0019.png,0,masks/BCD_r0000_c0019.png,0.00000000
BCD_r0000_c0020,T1/BCD_r0000_c0020.png,T2/BCD_r0000_c0020.png,0,masks/BCD_r0000_c0020.png,0.00000000
BCD_r0000_c0021,T1/BCD_r0000_c0021.png,T2/BCD_r0000_c0021.png,0,masks/BCD_r0000_c0021.png,0.00000000
BCD_r0000_c0022,T1/BCD_r0000_c0022.png,T2/BCD_r0000_c0022.png,0,masks/BCD_r0000_c0022.png,0.00000000
BCD_r0000_c0023,T1/BCD_r0000_c0023.png,T2/BCD_r0000_c0023.png,0,masks/BCD_r0000_c0023.png,0.00000000
BCD_r0000_c0024,T1/BCD_r0000_c0024.png,T2/BCD_r0000_c0024.png,1,masks/BCD_r0000_c0024.png,0.01074219
BCD_r0000_c0025,T1/BCD_r0000_c0025.png,T2/BCD_r0000_c0025.png,1,masks/BCD_r0000_c0025.png,0.00480309
BCD_r0000_c0026,T1/BCD_r0000_c0026.png,T2/BCD_r0000_c0026.png,0,masks/BCD_r0000_c0026.png,0.00000000
BCD_r0000_c0027,T1/BCD_r0000_c0027.png,T2/BCD_r0000_c0027.png,0,masks/BCD_r0000_c0027.png,0.00000000
BCD_r0000_c0028,T1/BCD_r0000_c0028.png,T2/BCD_r0000_c0028.png,0,masks/BCD_r0000_c0028.png,0.00000000
BCD_r0000_c0029,T1/BCD_r0000_c0029.png,T2/BCD_r0000_c0029.png,0,masks/BCD_r0000_c0029.png,0.00000000
BCD_r0000_c0030,T1/BCD_r0000_c0030.png,T2/BCD_r0000_c0030.png,0,masks/BCD_r0000_c0030.png,0.00000000
BCD_r0000_c0031,T1/BCD_r0000_c0031.png,T2/BCD_r0000_c0031.png,0,masks/BCD_r0000_c0031.png,0.00000000
BCD_r0000_c0032,T1/BCD_r0000_c0032.png,T2/BCD_r0000_c0032.png,1,masks/BCD_r0000_c0032.png,0.03872369
BCD_r0000_c0033,T1/BCD_r0000_c0033.png,T2/BCD_r0000_c0033.png,0,masks/BCD_r0000_c0033.png,0.00000000
BCD_r0000_c0034,T1/BCD_r0000_c0034.png,T2/BCD_r0000_c0034.png,0,masks/BCD_r0000_c0034.png,0.00000000
BCD_r0000_c0035,T1/BCD_r0000_c0035.png,T2/BCD_r0000_c0035.png,0,masks/BCD_r0000_c0035.png,0.00000000
BCD_r0000_c0036,T1/BCD_r0000_c0036.png,T2/BCD_r0000_c0036.png,0,masks/BCD_r0000_c0036.png,0.00000000
BCD_r0000_c0037,T1/BCD_r0000_c0037.png,T2/BCD_r0000_c0037.png,1,masks/BCD_r0000_c0037.png,0.05189732
BCD_r0000_c0038,T1/BCD_r0000_c0038.png,T2/BCD_r0000_c0038.png,0,masks/BCD_r0000_c0038.png,0.00000000
BCD_r0000_c0039,T1/BCD_r0000_c0039.png,T2/BCD_r0000_c0039.png,0,masks/BCD_r0000_c0039.png,0.00000000
BCD_r0000_c0040,T1/BCD_r0000_c0040.png,T2/BCD_r0000_c0040.png,0,masks/BCD_r0000_c0040.png,0.00000000
BCD_r0000_c0041,T1/BCD_r0000_c0041.png,T2/BCD_r0000_c0041.png,0,masks/BCD_r0000_c0041.png,0.00000000
BCD_r0000_c0042,T1/BCD_r0000_c0042.png,T2/BCD_r0000_c0042.png,0,masks/BCD_r0000_c0042.png,0.00000000
BCD_r0000_c0043,T1/BCD_r0000_c0043.png,T2/BCD_r0000_c0043.png,0,masks/BCD_r0000_c0043.png,0.00000000
BCD_r0000_c0044,T1/BCD_r0000_c0044.png,T2/BCD_r0000_c0044.png,0,masks/BCD_r0000_c0044.png,0.00000000
BCD_r0000_c0045,T1/BCD_r0000_c0045.png,T2/BCD_r0000_c0045.png,0,masks/BCD_r0000_c0045.png,0.00000000
BCD_r0000_c0046,T1/BCD_r0000_c0046.png,T2/BCD_r0000_c0046.png,0,masks/BCD_r0000_c0046.png,0.00000000
BCD_r0000_c0047,T1/BCD_r0000_c0047.png,T2/BCD_r0000_c0047.png,0,masks/BCD_r0000_c0047.png,0.00000000
BCD_r0000_c0048,T1/BCD_r0000_c0048.png,T2/BCD_r0000_c0048.png,1,masks/BCD_r0000_c0048.png,0.03274474
BCD_r0000_c0049,T1/BCD_r0000_c0049.png,T2/BCD_r0000_c0049.png,0,masks/BCD_r0000_c0049.png,0.00000000
BCD_r0000_c0050,T1/BCD_r0000_c0050.png,T2/BCD_r0000_c0050.png,0,masks/BCD_r0000_c0050.png,0.00000000
BCD_r0000_c0051,T1/BCD_r0000_c0051.png,T2/BCD_r0000_c0051.png,0,masks/BCD_r0000_c0051.png,0.00000000
BCD_r0000_c0052,T1/BCD_r0000_c0052.png,T2/BCD_r0000_c0052.png,0,masks/BCD_r0000_c0052.png,0.00000000
BCD_r0000_c0053,T1/BCD_r0000_c0053.png,T2/BCD_r0000_c0053.png,0,masks/BCD_r0000_c0053.png,0.00000000
BCD_r0000_c0054,T1/BCD_r0000_c0054.png,T2/BCD_r0000_c0054.png,0,masks/BCD_r0000_c0054.png,0.00000000
BCD_r0000_c0055,T1/BCD_r0000_c0055.png,T2/BCD_r0000_c0055.png,0,masks/BCD_r0000_c0055.png,0.00000000
BCD_r0000_c0056,T1/BCD_r0000_c0056.png,T2/BCD_r0000_c0056.png,1,masks/BCD_r0000_c0056.png,0.14068479
BCD_r0000_c0057,T1/BCD_r0000_c0057.png,T2/BCD_r0000_c0057.png,1,masks/BCD_r0000_c0057.png,0.05058195
BCD_r0000_c0058,T1/BCD_r0000_c0058.png,T2/BCD_r0000_c0058.png,0,masks/BCD_r0000_c0058.png,0.00000000
BCD_r0000_c0059,T1/BCD_r0000_c0059.png,T2/BCD_r0000_c0059.png,0,masks/BCD_r0000_c0059.png,0.00000000
BCD_r0000_c0060,T1/BCD_r0000_c0060.png,T2/BCD_r0000_c0060.png,0,masks/BCD_r0000_c0060.png,0.00000000
BCD_r0000_c0061,T1/BCD_r0000_c0061.png,T2/BCD_r0000_c0061.png,0,masks/BCD_r0000_c0061.png,0.00000000
BCD_r0000_c0062,T1/BCD_r0000_c0062.png,T2/BCD_r0000_c0062.png,0,masks/BCD_r0000_c0062.png,0.00000000
BCD_r0000_c0063,T1/BCD_r0000_c0063.png,T2/BCD_r0000_c0063.png,0,masks/BCD_r0000_c0063.png,0.00000000
BCD_r0000_c0064,T1/BCD_r0000_c0064.png,T2/BCD_r0000_c0064.png,0,masks/BCD_r0000_c0064.png,0.00000000
BCD_r0000_c0065,T1/BCD_r0000_c0065.png,T2/BCD_r0000_c0065.png,0,masks/BCD_r0000_c0065.png,0.00000000
BCD_r0000_c0066,T1/BCD_r0000_c0066.png,T2/BCD_r0000_c0066.png,0,masks/BCD_r0000_c0066.png,0.00000000
BCD_r0000_c0067,T1/BCD_r0000_c0067.png,T2/BCD_r0000_c0067.png,0,masks/BCD_r0000_c0067.png,0.00000000
BCD_r0000_c0068,T1/BCD_r0000_c0068.png,T2/BCD_r0000_c0068.png,0,masks/BCD_r0000_c0068.png,0.00000000
BCD_r0000_c0069,T1/BCD_r0000_c0069.png,T2/BCD_r0000_c0069.png,1,masks/BCD_r0000_c0069.png,0.06154337
BCD_r0000_c0070,T1/BCD_r0000_c0070.png,T2/BCD_r0000_c0070.png,1,masks/BCD_r0000_c0070.png,0.01193798
BCD_r0000_c0071,T1/BCD_r0000_c0071.png,T2/BCD_r0000_c0071.png,0,masks/BCD_r0000_c0071.png,0.00000000
BCD_r0000_c0072,T1/BCD_r0000_c0072.png,T2/BCD_r0000_c0072.png,1,masks/BCD_r0000_c0072.png,0.19007095
BCD_r0000_c0073,T1/BCD_r0000_c0073.png,T2/BCD_r0000_c0073.png,1,masks/BCD_r0000_c0073.png,0.03708945
BCD_r0000_c0074,T1/BCD_r0000_c0074.png,T2/BCD_r0000_c0074.png,0,masks/BCD_r0000_c0074.png,0.00000000
BCD_r0000_c0075,T1/BCD_r0000_c0075.png,T2/BCD_r0000_c0075.png,0,masks/BCD_r0000_c0075.png,0.00000000
BCD_r0000_c0076,T1/BCD_r0000_c0076.png,T2/BCD_r0000_c0076.png,0,masks/BCD_r0000_c0076.png,0.00000000
BCD_r0000_c0077,T1/BCD_r0000_c0077.png,T2/BCD_r0000_c0077.png,1,masks/BCD_r0000_c0077.png,0.04484216
BCD_r0000_c0078,T1/BCD_r0000_c0078.png,T2/BCD_r0000_c0078.png,0,masks/BCD_r0000_c0078.png,0.00000000
BCD_r0000_c0079,T1/BCD_r0000_c0079.png,T2/BCD_r0000_c0079.png,0,masks/BCD_r0000_c0079.png,0.00000000
BCD_r0000_c0080,T1/BCD_r0000_c0080.png,T2/BCD_r0000_c0080.png,0,masks/BCD_r0000_c0080.png,0.00000000
BCD_r0000_c0081,T1/BCD_r0000_c0081.png,T2/BCD_r0000_c0081.png,0,masks/BCD_r0000_c0081.png,0.00000000
BCD_r0000_c0082,T1/BCD_r0000_c0082.png,T2/BCD_r0000_c0082.png,1,masks/BCD_r0000_c0082.png,0.00607860
BCD_r0000_c0083,T1/BCD_r0000_c0083.png,T2/BCD_r0000_c0083.png,1,masks/BCD_r0000_c0083.png,0.00113600
BCD_r0000_c0084,T1/BCD_r0000_c0084.png,T2/BCD_r0000_c0084.png,0,masks/BCD_r0000_c0084.png,0.00000000
BCD_r0000_c0085,T1/BCD_r0000_c0085.png,T2/BCD_r0000_c0085.png,1,masks/BCD_r0000_c0085.png,0.00956633
BCD_r0000_c0086,T1/BCD_r0000_c0086.png,T2/BCD_r0000_c0086.png,1,masks/BCD_r0000_c0086.png,0.00410555
BCD_r0000_c0087,T1/BCD_r0000_c0087.png,T2/BCD_r0000_c0087.png,0,masks/BCD_r0000_c0087.png,0.00000000
BCD_r0000_c0088,T1/BCD_r0000_c0088.png,T2/BCD_r0000_c0088.png,0,masks/BCD_r0000_c0088.png,0.00000000
BCD_r0000_c0089,T1/BCD_r0000_c0089.png,T2/BCD_r0000_c0089.png,0,masks/BCD_r0000_c0089.png,0.00000000
BCD_r0000_c0090,T1/BCD_r0000_c0090.png,T2/BCD_r0000_c0090.png,0,masks/BCD_r0000_c0090.png,0.00000000
BCD_r0000_c0091,T1/BCD_r0000_c0091.png,T2/BCD_r0000_c0091.png,0,masks/BCD_r0000_c0091.png,0.00000000
BCD_r0000_c0092,T1/BCD_r0000_c0092.png,T2/BCD_r0000_c0092.png,0,masks/BCD_r0000_c0092.png,0.00000000
BCD_r0000_c0093,T1/BCD_r0000_c0093.png,T2/BCD_r0000_c0093.png,0,masks/BCD_r0000_c0093.png,0.00000000
BCD_r0000_c0094,T1/BCD_r0000_c0094.png,T2/BCD_r0000_c0094.png,0,masks/BCD_r0000_c0094.png,0.00000000
BCD_r0000_c0095,T1/BCD_r0000_c0095.png,T2/BCD_r0000_c0095.png,0,masks/BCD_r0000_c0095.png,0.00000000
BCD_r0000_c0096,T1/BCD_r0000_c0096.png,T2/BCD_r0000_c0096.png,1,masks/BCD_r0000_c0096.png,0.01664142
BCD_r0000_c0097,T1/BCD_r0000_c0097.png,T2/BCD_r0000_c0097.png,1,masks/BCD_r0000_c0097.png,0.00277025
BCD_r0000_c0098,T1/BCD_r0000_c0098.png,T2/BCD_r0000_c0098.png,0,masks/BCD_r0000_c0098.png,0.00000000
BCD_r0000_c0099,T1/BCD_r0000_c0099.png,T2/BCD_r0000_c0099.png,0,masks/BCD_r0000_c0099.png,0.00000000
BCD_r0000_c0100,T1/BCD_r0000_c0100.png,T2/BCD_r0000_c0100.png,0,masks/BCD_r0000_c0100.png,0.00000000
BCD_r0000_c0101,T1/BCD_r0000_c0101.png,T2/BCD_r0000_c0101.png,0,masks/BCD_r0000_c0101.png,0.00000000
BCD_r0000_c0102,T1/BCD_r0000_c0102.png,T2/BCD_r0000_c0102.png,0,masks/BCD_r0000_c0102.png,0.00000000
BCD_r0000_c0103,T1/BCD_r0000_c0103.png,T2/BCD_r0000_c0103.png,0,masks/BCD_r0000_c0103.png,0.00000000
BCD_r0000_c0104,T1/BCD_r0000_c0104.png,T2/BCD_r0000_c0104.png,0,masks/BCD_r0000_c0104.png,0.00000000
BCD_r0000_c0105,T1/BCD_r0000_c0105.png,T2/BCD_r0000_c0105.png,0,masks/BCD_r0000_c0105.png,0.00000000
BCD_r0000_c0106,T1/BCD_r0000_c0106.png,T2/BCD_r0000_c0106.png,0,masks/BCD_r0000_c0106.png,0.00000000
BCD_r0000_c0107,T1/BCD_r0000_c0107.png,T2/BCD_r0000_c0107.png,0,masks/BCD_r0000_c0107.png,0.00000000
BCD_r0000_c0108,T1/BCD_r0000_c0108.png,T2/BCD_r0000_c0108.png,0,masks/BCD_r0000_c0108.png,0.00000000
BCD_r0000_c0109,T1/BCD_r0000_c0109.png,T2/BCD_r0000_c0109.png,0,masks/BCD_r0000_c0109.png,0.00000000
BCD_r0000_c0110,T1/BCD_r0000_c0110.png,T2/BCD_r0000_c0110.png,0,masks/BCD_r0000_c0110.png,0.00000000
BCD_r0000_c0111,T1/BCD_r0000_c0111.png,T2/BCD_r0000_c0111.png,0,masks/BCD_r0000_c0111.png,0.00000000
BCD_r0000_c0112,T1/BCD_r0000_c0112.png,T2/BCD_r0000_c0112.png,0,masks/BCD_r0000_c0112.png,0.00000000
BCD_r0000_c0113,T1/BCD_r0000_c0113.png,T2/BCD_r0000_c0113.png,0,masks/BCD_r0000_c0113.png,0.00000000
BCD_r0000_c0114,T1/BCD_r0000_c0114.png,T2/BCD_r0000_c0114.png,0,masks/BCD_r0000_c0114.png,0.00000000
BCD_r0000_c0115,T1/BCD_r0000_c0115.png,T2/BCD_r0000_c0115.png,1,masks/BCD_r0000_c0115.png,0.03346221
BCD_r0000_c0116,T1/BCD_r0000_c0116.png,T2/BCD_r0000_c0116.png,0,masks/BCD_r0000_c0116.png,0.00000000
BCD_r0000_c0117,T1/BCD_r0000_c0117.png,T2/BCD_r0000_c0117.png,0,masks/BCD_r0000_c0117.png,0.00000000
BCD_r0000_c0118,T1/BCD_r0000_c0118.png,T2/BCD_r0000_c0118.png,0,masks/BCD_r0000_c0118.png,0.00000000
BCD_r0000_c0119,T1/BCD_r0000_c0119.png,T2/BCD_r0000_c0119.png,0,masks/BCD_r0000_c0119.png,0.00000000
BCD_r0000_c0120,T1/BCD_r0000_c0120.png,T2/BCD_r0000_c0120.png,0,masks/BCD_r0000_c0120.png,0.00000000
BCD_r0000_c0121,T1/BCD_r0000_c0121.png,T2/BCD_r0000_c0121.png,0,masks/BCD_r0000_c0121.png,0.00000000
BCD_r0000_c0122,T1/BCD_r0000_c0122.png,T2/BCD_r0000_c0122.png,0,masks/BCD_r0000_c0122.png,0.00000000
BCD_r0000_c0123,T1/BCD_r0000_c0123.png,T2/BCD_r0000_c0123.png,1,masks/BCD_r0000_c0123.png,0.05129943
BCD_r0000_c0124,T1/BCD_r0000_c0124.png,T2/BCD_r0000_c0124.png,0,masks/BCD_r0000_c0124.png,0.00000000
BCD_r0000_c0125,T1/BCD_r0000_c0125.png,T2/BCD_r0000_c0125.png,1,masks/BCD_r0000_c0125.png,0.09867267
BCD_r0000_c0126,T1/BCD_r0000_c0126.png,T2/BCD_r0000_c0126.png,0,masks/BCD_r0000_c0126.png,0.00000000
BCD_r0000_c0127,T1/BCD_r0000_c0127.png,T2/BCD_r0000_c0127.png,0,masks/BCD_r0000_c0127.png,0.00000000
BCD_r0000_c0128,T1/BCD_r0000_c0128.png,T2/BCD_r0000_c0128.png,0,masks/BCD_r0000_c0128.png,0.00000000
BCD_r0000_c0129,T1/BCD_r0000_c0129.png,T2/BCD_r0000_c0129.png,0,masks/BCD_r0000_c0129.png,0.00000000
BCD_r0000_c0130,T1/BCD_r0000_c0130.png,T2/BCD_r0000_c0130.png,0,masks/BCD_r0000_c0130.png,0.00000000
BCD_r0000_c0131,T1/BCD_r0000_c0131.png,T2/BCD_r0000_c0131.png,0,masks/BCD_r0000_c0131.png,0.00000000
BCD_r0000_c0132,T1/BCD_r0000_c0132.png,T2/BCD_r0000_c0132.png,0,masks/BCD_r0000_c0132.png,0.00000000
BCD_r0000_c0133,T1/BCD_r0000_c0133.png,T2/BCD_r0000_c0133.png,0,masks/BCD_r0000_c0133.png,0.00000000
BCD_r0000_c0134,T1/BCD_r0000_c0134.png,T2/BCD_r0000_c0134.png,0,masks/BCD_r0000_c0134.png,0.00000000
BCD_r0000_c0135,T1/BCD_r0000_c0135.png,T2/BCD_r0000_c0135.png,0,masks/BCD_r0000_c0135.png,0.00000000
BCD_r0000_c0136,T1/BCD_r0000_c0136.png,T2/BCD_r0000_c0136.png,0,masks/BCD_r0000_c0136.png,0.00000000
BCD_r0000_c0137,T1/BCD_r0000_c0137.png,T2/BCD_r0000_c0137.png,0,masks/BCD_r0000_c0137.png,0.00000000
BCD_r0000_c0138,T1/BCD_r0000_c0138.png,T2/BCD_r0000_c0138.png,0,masks/BCD_r0000_c0138.png,0.00000000
BCD_r0000_c0139,T1/BCD_r0000_c0139.png,T2/BCD_r0000_c0139.png,0,masks/BCD_r0000_c0139.png,0.00000000
BCD_r0000_c0140,T1/BCD_r0000_c0140.png,T2/BCD_r0000_c0140.png,0,masks/BCD_r0000_c0140.png,0.00000000
BCD_r0000_c0141,T1/BCD_r0000_c0141.png,T2/BCD_r0000_c0141.png,0,masks/BCD_r0000_c0141.png,0.00000000
BCD_r0000_c0142,T1/BCD_r0000_c0142.png,T2/BCD_r0000_c0142.png,0,masks/BCD_r0000_c0142.png,0.00000000
BCD_r0000_c0143,T1/BCD_r0000_c0143.png,T2/BCD_r0000_c0143.png,0,masks/BCD_r0000_c0143.png,0.00000000
BCD_r0000_c0144,T1/BCD_r0000_c0144.png,T2/BCD_r0000_c0144.png,0,masks/BCD_r0000_c0144.png,0.00000000
BCD_r0001_c0000,T1/BCD_r0001_c0000.png,T2/BCD_r0001_c0000.png,0,masks/BCD_r0001_c0000.png,0.00000000
BCD_r0001_c0001,T1/BCD_r0001_c0001.png,T2/BCD_r0001_c0001.png,1,masks/BCD_r0001_c0001.png,0.02168367
BCD_r0001_c0002,T1/BCD_r0001_c0002.png,T2/BCD_r0001_c0002.png,0,masks/BCD_r0001_c0002.png,0.00000000
BCD_r0001_c0003,T1/BCD_r0001_c0003.png,T2/BCD_r0001_c0003.png,0,masks/BCD_r0001_c0003.png,0.00000000
BCD_r0001_c0004,T1/BCD_r0001_c0004.png,T2/BCD_r0001_c0004.png,0,masks/BCD_r0001_c0004.png,0.00000000
BCD_r0001_c0005,T1/BCD_r0001_c0005.png,T2/BCD_r0001_c0005.png,0,masks/BCD_r0001_c0005.png,0.00000000
BCD_r0001_c0006,T1/BCD_r0001_c0006.png,T2/BCD_r0001_c0006.png,0,masks/BCD_r0001_c0006.png,0.00000000
BCD_r0001_c0007,T1/BCD_r0001_c0007.png,T2/BCD_r0001_c0007.png,0,masks/BCD_r0001_c0007.png,0.00000000
BCD_r0001_c0008,T1/BCD_r0001_c0008.png,T2/BCD_r0001_c0008.png,0,masks/BCD_r0001_c0008.png,0.00000000
BCD_r0001_c0009,T1/BCD_r0001_c0009.png,T2/BCD_r0001_c0009.png,0,masks/BCD_r0001_c0009.png,0.00000000
BCD_r0001_c0010,T1/BCD_r0001_c0010.png,T2/BCD_r0001_c0010.png,0,masks/BCD_r0001_c0010.png,0.00000000
BCD_r0001_c0011,T1/BCD_r0001_c0011.png,T2/BCD_r0001_c0011.png,0,masks/BCD_r0001_c0011.png,0.00000000
BCD_r0001_c0012,T1/BCD_r0001_c0012.png,T2/BCD_r0001_c0012.png,0,masks/BCD_r0001_c0012.png,0.00000000
BCD_r0001_c0013,T1/BCD_r0001_c0013.png,T2/BCD_r0001_c0013.png,0,masks/BCD_r0001_c0013.png,0.00000000
BCD_r0001_c0014,T1/BCD_r0001_c0014.png,T2/BCD_r0001_c0014.png,0,masks/BCD_r0001_c0014.png,0.00000000
BCD_r0001_c0015,T1/BCD_r0001_c0015.png,T2/BCD_r0001_c0015.png,0,masks/BCD_r0001_c0015.png,0.00000000
BCD_r0001_c0016,T1/BCD_r0001_c0016.png,T2/BCD_r0001_c0016.png,1,masks/BCD_r0001_c0016.png,0.31154337
BCD_r0001_c0017,T1/BCD_r0001_c0017.png,T2/BCD_r0001_c0017.png,1,masks/BCD_r0001_c0017.png,0.30711894
BCD_r0001_c0018,T1/BCD_r0001_c0018.png,T2/BCD_r0001_c0018.png,0,masks/BCD_r0001_c0018.png,0.00000000
BCD_r0001_c0019,T1/BCD_r0001_c0019.png,T2/BCD_r0001_c0019.png,0,masks/BCD_r0001_c0019.png,0.00000000
BCD_r0001_c0020,T1/BCD_r0001_c0020.png,T2/BCD_r0001_c0020.png,0,masks/BCD_r0001_c0020.png,0.00000000
BCD_r0001_c0021,T1/BCD_r0001_c0021.png,T2/BCD_r0001_c0021.png,0,masks/BCD_r0001_c0021.png,0.00000000
BCD_r0001_c0022,T1/BCD_r0001_c0022.png,T2/BCD_r0001_c0022.png,0,masks/BCD_r0001_c0022.png,0.00000000
BCD_r0001_c0023,T1/BCD_r0001_c0023.png,T2/BCD_r0001_c0023.png,0,masks/BCD_r0001_c0023.png,0.00000000
BCD_r0001_c0024,T1/BCD_r0001_c0024.png,T2/BCD_r0001_c0024.png,0,masks/BCD_r0001_c0024.png,0.00000000
BCD_r0001_c0025,T1/BCD_r0001_c0025.png,T2/BCD_r0001_c0025.png,0,masks/BCD_r0001_c0025.png,0.00000000
BCD_r0001_c0026,T1/BCD_r0001_c0026.png,T2/BCD_r0001_c0026.png,1,masks/BCD_r0001_c0026.png,0.02863919
BCD_r0001_c0027,T1/BCD_r0001_c0027.png,T2/BCD_r0001_c0027.png,1,masks/BCD_r0001_c0027.png,0.03519611
BCD_r0001_c0028,T1/BCD_r0001_c0028.png,T2/BCD_r0001_c0028.png,0,masks/BCD_r0001_c0028.png,0.00000000
BCD_r0001_c0029,T1/BCD_r0001_c0029.png,T2/BCD_r0001_c0029.png,0,masks/BCD_r0001_c0029.png,0.00000000
BCD_r0001_c0030,T1/BCD_r0001_c0030.png,T2/BCD_r0001_c0030.png,1,masks/BCD_r0001_c0030.png,0.01534598
BCD_r0001_c0031,T1/BCD_r0001_c0031.png,T2/BCD_r0001_c0031.png,0,masks/BCD_r0001_c0031.png,0.00000000
BCD_r0001_c0032,T1/BCD_r0001_c0032.png,T2/BCD_r0001_c0032.png,1,masks/BCD_r0001_c0032.png,0.25314892
BCD_r0001_c0033,T1/BCD_r0001_c0033.png,T2/BCD_r0001_c0033.png,1,masks/BCD_r0001_c0033.png,0.14170121
BCD_r0001_c0034,T1/BCD_r0001_c0034.png,T2/BCD_r0001_c0034.png,0,masks/BCD_r0001_c0034.png,0.00000000
BCD_r0001_c0035,T1/BCD_r0001_c0035.png,T2/BCD_r0001_c0035.png,0,masks/BCD_r0001_c0035.png,0.00000000
BCD_r0001_c0036,T1/BCD_r0001_c0036.png,T2/BCD_r0001_c0036.png,0,masks/BCD_r0001_c0036.png,0.00000000
BCD_r0001_c0037,T1/BCD_r0001_c0037.png,T2/BCD_r0001_c0037.png,0,masks/BCD_r0001_c0037.png,0.00000000
BCD_r0001_c0038,T1/BCD_r0001_c0038.png,T2/BCD_r0001_c0038.png,0,masks/BCD_r0001_c0038.png,0.00000000
BCD_r0001_c0039,T1/BCD_r0001_c0039.png,T2/BCD_r0001_c0039.png,0,masks/BCD_r0001_c0039.png,0.00000000
BCD_r0001_c0040,T1/BCD_r0001_c0040.png,T2/BCD_r0001_c0040.png,1,masks/BCD_r0001_c0040.png,0.01620297
BCD_r0001_c0041,T1/BCD_r0001_c0041.png,T2/BCD_r0001_c0041.png,1,masks/BCD_r0001_c0041.png,0.01315370
BCD_r0001_c0042,T1/BCD_r0001_c0042.png,T2/BCD_r0001_c0042.png,0,masks/BCD_r0001_c0042.png,0.00000000
BCD_r0001_c0043,T1/BCD_r0001_c0043.png,T2/BCD_r0001_c0043.png,0,masks/BCD_r0001_c0043.png,0.00000000
BCD_r0001_c0044,T1/BCD_r0001_c0044.png,T2/BCD_r0001_c0044.png,0,masks/BCD_r0001_c0044.png,0.00000000
BCD_r0001_c0045,T1/BCD_r0001_c0045.png,T2/BCD_r0001_c0045.png,0,masks/BCD_r0001_c0045.png,0.00000000
BCD_r0001_c0046,T1/BCD_r0001_c0046.png,T2/BCD_r0001_c0046.png,0,masks/BCD_r0001_c0046.png,0.00000000
BCD_r0001_c0047,T1/BCD_r0001_c0047.png,T2/BCD_r0001_c0047.png,0,masks/BCD_r0001_c0047.png,0.00000000
BCD_r0001_c0048,T1/BCD_r0001_c0048.png,T2/BCD_r0001_c0048.png,0,masks/BCD_r0001_c0048.png,0.00000000
BCD_r0001_c0049,T1/BCD_r0001_c0049.png,T2/BCD_r0001_c0049.png,0,masks/BCD_r0001_c0049.png,0.00000000
BCD_r0001_c0050,T1/BCD_r0001_c0050.png,T2/BCD_r0001_c0050.png,1,masks/BCD_r0001_c0050.png,0.01343272
BCD_r0001_c0051,T1/BCD_r0001_c0051.png,T2/BCD_r0001_c0051.png,0,masks/BCD_r0001_c0051.png,0.00000000
BCD_r0001_c0052,T1/BCD_r0001_c0052.png,T2/BCD_r0001_c0052.png,0,masks/BCD_r0001_c0052.png,0.00000000
BCD_r0001_c0053,T1/BCD_r0001_c0053.png,T2/BCD_r0001_c0053.png,0,masks/BCD_r0001_c0053.png,0.00000000
BCD_r0001_c0054,T1/BCD_r0001_c0054.png,T2/BCD_r0001_c0054.png,0,masks/BCD_r0001_c0054.png,0.00000000
BCD_r0001_c0055,T1/BCD_r0001_c0055.png,T2/BCD_r0001_c0055.png,0,masks/BCD_r0001_c0055.png,0.00000000
BCD_r0001_c0056,T1/BCD_r0001_c0056.png,T2/BCD_r0001_c0056.png,0,masks/BCD_r0001_c0056.png,0.00000000
BCD_r0001_c0057,T1/BCD_r0001_c0057.png,T2/BCD_r0001_c0057.png,0,masks/BCD_r0001_c0057.png,0.00000000
BCD_r0001_c0058,T1/BCD_r0001_c0058.png,T2/BCD_r0001_c0058.png,0,masks/BCD_r0001_c0058.png,0.00000000
BCD_r0001_c0059,T1/BCD_r0001_c0059.png,T2/BCD_r0001_c0059.png,0,masks/BCD_r0001_c0059.png,0.00000000
BCD_r0001_c0060,T1/BCD_r0001_c0060.png,T2/BCD_r0001_c0060.png,0,masks/BCD_r0001_c0060.png,0.00000000
BCD_r0001_c0061,T1/BCD_r0001_c0061.png,T2/BCD_r0001_c0061.png,1,masks/BCD_r0001_c0061.png,0.21145568
BCD_r0001_c0062,T1/BCD_r0001_c0062.png,T2/BCD_r0001_c0062.png,1,masks/BCD_r0001_c0062.png,0.11407844
BCD_r0001_c0063,T1/BCD_r0001_c0063.png,T2/BCD_r0001_c0063.png,0,masks/BCD_r0001_c0063.png,0.00000000
BCD_r0001_c0064,T1/BCD_r0001_c0064.png,T2/BCD_r0001_c0064.png,0,masks/BCD_r0001_c0064.png,0.00000000
BCD_r0001_c0065,T1/BCD_r0001_c0065.png,T2/BCD_r0001_c0065.png,0,masks/BCD_r0001_c0065.png,0.00000000
BCD_r0001_c0066,T1/BCD_r0001_c0066.png,T2/BCD_r0001_c0066.png,0,masks/BCD_r0001_c0066.png,0.00000000
BCD_r0001_c0067,T1/BCD_r0001_c0067.png,T2/BCD_r0001_c0067.png,0,masks/BCD_r0001_c0067.png,0.00000000
BCD_r0001_c0068,T1/BCD_r0001_c0068.png,T2/BCD_r0001_c0068.png,0,masks/BCD_r0001_c0068.png,0.00000000
BCD_r0001_c0069,T1/BCD_r0001_c0069.png,T2/BCD_r0001_c0069.png,1,masks/BCD_r0001_c0069.png,0.02419483
BCD_r0001_c0070,T1/BCD_r0001_c0070.png,T2/BCD_r0001_c0070.png,1,masks/BCD_r0001_c0070.png,0.02533084
BCD_r0001_c0071,T1/BCD_r0001_c0071.png,T2/BCD_r0001_c0071.png,1,masks/BCD_r0001_c0071.png,0.08211097
BCD_r0001_c0072,T1/BCD_r0001_c0072.png,T2/BCD_r0001_c0072.png,1,masks/BCD_r0001_c0072.png,0.26937181
BCD_r0001_c0073,T1/BCD_r0001_c0073.png,T2/BCD_r0001_c0073.png,1,masks/BCD_r0001_c0073.png,0.20021524
BCD_r0001_c0074,T1/BCD_r0001_c0074.png,T2/BCD_r0001_c0074.png,1,masks/BCD_r0001_c0074.png,0.14855708
BCD_r0001_c0075,T1/BCD_r0001_c0075.png,T2/BCD_r0001_c0075.png,0,masks/BCD_r0001_c0075.png,0.00000000
BCD_r0001_c0076,T1/BCD_r0001_c0076.png,T2/BCD_r0001_c0076.png,0,masks/BCD_r0001_c0076.png,0.00000000
BCD_r0001_c0077,T1/BCD_r0001_c0077.png,T2/BCD_r0001_c0077.png,1,masks/BCD_r0001_c0077.png,0.09460698
BCD_r0001_c0078,T1/BCD_r0001_c0078.png,T2/BCD_r0001_c0078.png,0,masks/BCD_r0001_c0078.png,0.00000000
BCD_r0001_c0079,T1/BCD_r0001_c0079.png,T2/BCD_r0001_c0079.png,0,masks/BCD_r0001_c0079.png,0.00000000
BCD_r0001_c0080,T1/BCD_r0001_c0080.png,T2/BCD_r0001_c0080.png,0,masks/BCD_r0001_c0080.png,0.00000000
BCD_r0001_c0081,T1/BCD_r0001_c0081.png,T2/BCD_r0001_c0081.png,0,masks/BCD_r0001_c0081.png,0.00000000
BCD_r0001_c0082,T1/BCD_r0001_c0082.png,T2/BCD_r0001_c0082.png,1,masks/BCD_r0001_c0082.png,0.09384965
BCD_r0001_c0083,T1/BCD_r0001_c0083.png,T2/BCD_r0001_c0083.png,1,masks/BCD_r0001_c0083.png,0.03011400
BCD_r0001_c0084,T1/BCD_r0001_c0084.png,T2/BCD_r0001_c0084.png,0,masks/BCD_r0001_c0084.png,0.00000000
BCD_r0001_c0085,T1/BCD_r0001_c0085.png,T2/BCD_r0001_c0085.png,1,masks/BCD_r0001_c0085.png,0.12364477
BCD_r0001_c0086,T1/BCD_r0001_c0086.png,T2/BCD_r0001_c0086.png,1,masks/BCD_r0001_c0086.png,0.15088887
BCD_r0001_c0087,T1/BCD_r0001_c0087.png,T2/BCD_r0001_c0087.png,0,masks/BCD_r0001_c0087.png,0.00000000
BCD_r0001_c0088,T1/BCD_r0001_c0088.png,T2/BCD_r0001_c0088.png,0,masks/BCD_r0001_c0088.png,0.00000000
BCD_r0001_c0089,T1/BCD_r0001_c0089.png,T2/BCD_r0001_c0089.png,0,masks/BCD_r0001_c0089.png,0.00000000
BCD_r0001_c0090,T1/BCD_r0001_c0090.png,T2/BCD_r0001_c0090.png,0,masks/BCD_r0001_c0090.png,0.00000000
BCD_r0001_c0091,T1/BCD_r0001_c0091.png,T2/BCD_r0001_c0091.png,0,masks/BCD_r0001_c0091.png,0.00000000
BCD_r0001_c0092,T1/BCD_r0001_c0092.png,T2/BCD_r0001_c0092.png,0,masks/BCD_r0001_c0092.png,0.00000000
BCD_r0001_c0093,T1/BCD_r0001_c0093.png,T2/BCD_r0001_c0093.png,0,masks/BCD_r0001_c0093.png,0.00000000
BCD_r0001_c0094,T1/BCD_r0001_c0094.png,T2/BCD_r0001_c0094.png,0,masks/BCD_r0001_c0094.png,0.00000000
BCD_r0001_c0095,T1/BCD_r0001_c0095.png,T2/BCD_r0001_c0095.png,0,masks/BCD_r0001_c0095.png,0.00000000
BCD_r0001_c0096,T1/BCD_r0001_c0096.png,T2/BCD_r0001_c0096.png,0,masks/BCD_r0001_c0096.png,0.00000000
BCD_r0001_c0097,T1/BCD_r0001_c0097.png,T2/BCD_r0001_c0097.png,0,masks/BCD_r0001_c0097.png,0.00000000
BCD_r0001_c0098,T1/BCD_r0001_c0098.png,T2/BCD_r0001_c0098.png,0,masks/BCD_r0001_c0098.png,0.00000000
BCD_r0001_c0099,T1/BCD_r0001_c0099.png,T2/BCD_r0001_c0099.png,0,masks/BCD_r0001_c0099.png,0.00000000
BCD_r0001_c0100,T1/BCD_r0001_c0100.png,T2/BCD_r0001_c0100.png,0,masks/BCD_r0001_c0100.png,0.00000000
BCD_r0001_c0101,T1/BCD_r0001_c0101.png,T2/BCD_r0001_c0101.png,0,masks/BCD_r0001_c0101.png,0.00000000
BCD_r0001_c0102,T1/BCD_r0001_c0102.png,T2/BCD_r0001_c0102.png,0,masks/BCD_r0001_c0102.png,0.00000000
BCD_r0001_c0103,T1/BCD_r0001_c0103.png,T2/BCD_r0001_c0103.png,0,masks/BCD_r0001_c0103.png,0.00000000
BCD_r0001_c0104,T1/BCD_r0001_c0104.png,T2/BCD_r0001_c0104.png,1,masks/BCD_r0001_c0104.png,0.01971062
BCD_r0001_c0105,T1/BCD_r0001_c0105.png,T2/BCD_r0001_c0105.png,0,masks/BCD_r0001_c0105.png,0.00000000
BCD_r0001_c0106,T1/BCD_r0001_c0106.png,T2/BCD_r0001_c0106.png,0,masks/BCD_r0001_c0106.png,0.00000000
BCD_r0001_c0107,T1/BCD_r0001_c0107.png,T2/BCD_r0001_c0107.png,0,masks/BCD_r0001_c0107.png,0.00000000
BCD_r0001_c0108,T1/BCD_r0001_c0108.png,T2/BCD_r0001_c0108.png,0,masks/BCD_r0001_c0108.png,0.00000000
BCD_r0001_c0109,T1/BCD_r0001_c0109.png,T2/BCD_r0001_c0109.png,0,masks/BCD_r0001_c0109.png,0.00000000
BCD_r0001_c0110,T1/BCD_r0001_c0110.png,T2/BCD_r0001_c0110.png,0,masks/BCD_r0001_c0110.png,0.00000000
BCD_r0001_c0111,T1/BCD_r0001_c0111.png,T2/BCD_r0001_c0111.png,0,masks/BCD_r0001_c0111.png,0.00000000
BCD_r0001_c0112,T1/BCD_r0001_c0112.png,T2/BCD_r0001_c0112.png,0,masks/BCD_r0001_c0112.png,0.00000000
BCD_r0001_c0113,T1/BCD_r0001_c0113.png,T2/BCD_r0001_c0113.png,1,masks/BCD_r0001_c0113.png,0.04866869
BCD_r0001_c0114,T1/BCD_r0001_c0114.png,T2/BCD_r0001_c0114.png,1,masks/BCD_r0001_c0114.png,0.21500319
BCD_r0001_c0115,T1/BCD_r0001_c0115.png,T2/BCD_r0001_c0115.png,1,masks/BCD_r0001_c0115.png,0.37613600
BCD_r0001_c0116,T1/BCD_r0001_c0116.png,T2/BCD_r0001_c0116.png,1,masks/BCD_r0001_c0116.png,0.00187341
BCD_r0001_c0117,T1/BCD_r0001_c0117.png,T2/BCD_r0001_c0117.png,0,masks/BCD_r0001_c0117.png,0.00000000
BCD_r0001_c0118,T1/BCD_r0001_c0118.png,T2/BCD_r0001_c0118.png,1,masks/BCD_r0001_c0118.png,0.19160555
BCD_r0001_c0119,T1/BCD_r0001_c0119.png,T2/BCD_r0001_c0119.png,1,masks/BCD_r0001_c0119.png,0.00615832
BCD_r0001_c0120,T1/BCD_r0001_c0120.png,T2/BCD_r0001_c0120.png,0,masks/BCD_r0001_c0120.png,0.00000000
BCD_r0001_c0121,T1/BCD_r0001_c0121.png,T2/BCD_r0001_c0121.png,0,masks/BCD_r0001_c0121.png,0.00000000
BCD_r0001_c0122,T1/BCD_r0001_c0122.png,T2/BCD_r0001_c0122.png,0,masks/BCD_r0001_c0122.png,0.00000000
BCD_r0001_c0123,T1/BCD_r0001_c0123.png,T2/BCD_r0001_c0123.png,0,masks/BCD_r0001_c0123.png,0.00000000
BCD_r0001_c0124,T1/BCD_r0001_c0124.png,T2/BCD_r0001_c0124.png,0,masks/BCD_r0001_c0124.png,0.00000000
BCD_r0001_c0125,T1/BCD_r0001_c0125.png,T2/BCD_r0001_c0125.png,0,masks/BCD_r0001_c0125.png,0.00000000
BCD_r0001_c0126,T1/BCD_r0001_c0126.png,T2/BCD_r0001_c0126.png,0,masks/BCD_r0001_c0126.png,0.00000000
BCD_r0001_c0127,T1/BCD_r0001_c0127.png,T2/BCD_r0001_c0127.png,0,masks/BCD_r0001_c0127.png,0.00000000
BCD_r0001_c0128,T1/BCD_r0001_c0128.png,T2/BCD_r0001_c0128.png,0,masks/BCD_r0001_c0128.png,0.00000000
BCD_r0001_c0129,T1/BCD_r0001_c0129.png,T2/BCD_r0001_c0129.png,0,masks/BCD_r0001_c0129.png,0.00000000
BCD_r0001_c0130,T1/BCD_r0001_c0130.png,T2/BCD_r0001_c0130.png,0,masks/BCD_r0001_c0130.png,0.00000000
BCD_r0001_c0131,T1/BCD_r0001_c0131.png,T2/BCD_r0001_c0131.png,0,masks/BCD_r0001_c0131.png,0.00000000
BCD_r0001_c0132,T1/BCD_r0001_c0132.png,T2/BCD_r0001_c0132.png,0,masks/BCD_r0001_c0132.png,0.00000000
BCD_r0001_c0133,T1/BCD_r0001_c0133.png,T2/BCD_r0001_c0133.png,0,masks/BCD_r0001_c0133.png,0.00000000
BCD_r0001_c0134,T1/BCD_r0001_c0134.png,T2/BCD_r0001_c0134.png,1,masks/BCD_r0001_c0134.png,0.00534120
BCD_r0001_c0135,T1/BCD_r0001_c0135.png,T2/BCD_r0001_c0135.png,0,masks/BCD_r0001_c0135.png,0.00000000
BCD_r0001_c0136,T1/BCD_r0001_c0136.png,T2/BCD_r0001_c0136.png,0,masks/BCD_r0001_c0136.png,0.00000000
BCD_r0001_c0137,T1/BCD_r0001_c0137.png,T2/BCD_r0001_c0137.png,0,masks/BCD_r0001_c0137.png,0.00000000
BCD_r0001_c0138,T1/BCD_r0001_c0138.png,T2/BCD_r0001_c0138.png,0,masks/BCD_r0001_c0138.png,0.00000000
BCD_r0001_c0139,T1/BCD_r0001_c0139.png,T2/BCD_r0001_c0139.png,0,masks/BCD_r0001_c0139.png,0.00000000
BCD_r0001_c0140,T1/BCD_r0001_c0140.png,T2/BCD_r0001_c0140.png,0,masks/BCD_r0001_c0140.png,0.00000000
BCD_r0001_c0141,T1/BCD_r0001_c0141.png,T2/BCD_r0001_c0141.png,0,masks/BCD_r0001_c0141.png,0.00000000
BCD_r0001_c0142,T1/BCD_r0001_c0142.png,T2/BCD_r0001_c0142.png,0,masks/BCD_r0001_c0142.png,0.00000000
BCD_r0001_c0143,T1/BCD_r0001_c0143.png,T2/BCD_r0001_c0143.png,0,masks/BCD_r0001_c0143.png,0.00000000
BCD_r0001_c0144,T1/BCD_r0001_c0144.png,T2/BCD_r0001_c0144.png,0,masks/BCD_r0001_c0144.png,0.00000000
BCD_r0002_c0000,T1/BCD_r0002_c0000.png,T2/BCD_r0002_c0000.png,0,masks/BCD_r0002_c0000.png,0.00000000
BCD_r0002_c0001,T1/BCD_r0002_c0001.png,T2/BCD_r0002_c0001.png,0,masks/BCD_r0002_c0001.png,0.00000000
BCD_r0002_c0002,T1/BCD_r0002_c0002.png,T2/BCD_r0002_c0002.png,0,masks/BCD_r0002_c0002.png,0.00000000
BCD_r0002_c0003,T1/BCD_r0002_c0003.png,T2/BCD_r0002_c0003.png,0,masks/BCD_r0002_c0003.png,0.00000000
BCD_r0002_c0004,T1/BCD_r0002_c0004.png,T2/BCD_r0002_c0004.png,0,masks/BCD_r0002_c0004.png,0.00000000
BCD_r0002_c0005,T1/BCD_r0002_c0005.png,T2/BCD_r0002_c0005.png,0,masks/BCD_r0002_c0005.png,0.00000000
BCD_r0002_c0006,T1/BCD_r0002_c0006.png,T2/BCD_r0002_c0006.png,0,masks/BCD_r0002_c0006.png,0.00000000
BCD_r0002_c0007,T1/BCD_r0002_c0007.png,T2/BCD_r0002_c0007.png,0,masks/BCD_r0002_c0007.png,0.00000000
BCD_r0002_c0008,T1/BCD_r0002_c0008.png,T2/BCD_r0002_c0008.png,0,masks/BCD_r0002_c0008.png,0.00000000
BCD_r0002_c0009,T1/BCD_r0002_c0009.png,T2/BCD_r0002_c0009.png,0,masks/BCD_r0002_c0009.png,0.00000000
BCD_r0002_c0010,T1/BCD_r0002_c0010.png,T2/BCD_r0002_c0010.png,0,masks/BCD_r0002_c0010.png,0.00000000
BCD_r0002_c0011,T1/BCD_r0002_c0011.png,T2/BCD_r0002_c0011.png,0,masks/BCD_r0002_c0011.png,0.00000000
BCD_r0002_c0012,T1/BCD_r0002_c0012.png,T2/BCD_r0002_c0012.png,0,masks/BCD_r0002_c0012.png,0.00000000
BCD_r0002_c0013,T1/BCD_r0002_c0013.png,T2/BCD_r0002_c0013.png,1,masks/BCD_r0002_c0013.png,0.02158402
BCD_r0002_c0014,T1/BCD_r0002_c0014.png,T2/BCD_r0002_c0014.png,0,masks/BCD_r0002_c0014.png,0.00000000
BCD_r0002_c0015,T1/BCD_r0002_c0015.png,T2/BCD_r0002_c0015.png,0,masks/BCD_r0002_c0015.png,0.00000000
BCD_r0002_c0016,T1/BCD_r0002_c0016.png,T2/BCD_r0002_c0016.png,1,masks/BCD_r0002_c0016.png,0.04819037
BCD_r0002_c0017,T1/BCD_r0002_c0017.png,T2/BCD_r0002_c0017.png,1,masks/BCD_r0002_c0017.png,0.03184790
BCD_r0002_c0018,T1/BCD_r0002_c0018.png,T2/BCD_r0002_c0018.png,0,masks/BCD_r0002_c0018.png,0.00000000
BCD_r0002_c0019,T1/BCD_r0002_c0019.png,T2/BCD_r0002_c0019.png,0,masks/BCD_r0002_c0019.png,0.00000000
BCD_r0002_c0020,T1/BCD_r0002_c0020.png,T2/BCD_r0002_c0020.png,0,masks/BCD_r0002_c0020.png,0.00000000
BCD_r0002_c0021,T1/BCD_r0002_c0021.png,T2/BCD_r0002_c0021.png,0,masks/BCD_r0002_c0021.png,0.00000000
BCD_r0002_c0022,T1/BCD_r0002_c0022.png,T2/BCD_r0002_c0022.png,1,masks/BCD_r0002_c0022.png,0.01297433
BCD_r0002_c0023,T1/BCD_r0002_c0023.png,T2/BCD_r0002_c0023.png,0,masks/BCD_r0002_c0023.png,0.00000000
BCD_r0002_c0024,T1/BCD_r0002_c0024.png,T2/BCD_r0002_c0024.png,0,masks/BCD_r0002_c0024.png,0.00000000
BCD_r0002_c0025,T1/BCD_r0002_c0025.png,T2/BCD_r0002_c0025.png,0,masks/BCD_r0002_c0025.png,0.00000000
BCD_r0002_c0026,T1/BCD_r0002_c0026.png,T2/BCD_r0002_c0026.png,0,masks/BCD_r0002_c0026.png,0.00000000
BCD_r0002_c0027,T1/BCD_r0002_c0027.png,T2/BCD_r0002_c0027.png,0,masks/BCD_r0002_c0027.png,0.00000000
BCD_r0002_c0028,T1/BCD_r0002_c0028.png,T2/BCD_r0002_c0028.png,1,masks/BCD_r0002_c0028.png,0.07126913
BCD_r0002_c0029,T1/BCD_r0002_c0029.png,T2/BCD_r0002_c0029.png,0,masks/BCD_r0002_c0029.png,0.00000000
BCD_r0002_c0030,T1/BCD_r0002_c0030.png,T2/BCD_r0002_c0030.png,0,masks/BCD_r0002_c0030.png,0.00000000
BCD_r0002_c0031,T1/BCD_r0002_c0031.png,T2/BCD_r0002_c0031.png,0,masks/BCD_r0002_c0031.png,0.00000000
BCD_r0002_c0032,T1/BCD_r0002_c0032.png,T2/BCD_r0002_c0032.png,0,masks/BCD_r0002_c0032.png,0.00000000
BCD_r0002_c0033,T1/BCD_r0002_c0033.png,T2/BCD_r0002_c0033.png,1,masks/BCD_r0002_c0033.png,0.09263393
BCD_r0002_c0034,T1/BCD_r0002_c0034.png,T2/BCD_r0002_c0034.png,0,masks/BCD_r0002_c0034.png,0.00000000
BCD_r0002_c0035,T1/BCD_r0002_c0035.png,T2/BCD_r0002_c0035.png,0,masks/BCD_r0002_c0035.png,0.00000000
BCD_r0002_c0036,T1/BCD_r0002_c0036.png,T2/BCD_r0002_c0036.png,0,masks/BCD_r0002_c0036.png,0.00000000
BCD_r0002_c0037,T1/BCD_r0002_c0037.png,T2/BCD_r0002_c0037.png,0,masks/BCD_r0002_c0037.png,0.00000000
BCD_r0002_c0038,T1/BCD_r0002_c0038.png,T2/BCD_r0002_c0038.png,0,masks/BCD_r0002_c0038.png,0.00000000
BCD_r0002_c0039,T1/BCD_r0002_c0039.png,T2/BCD_r0002_c0039.png,0,masks/BCD_r0002_c0039.png,0.00000000
BCD_r0002_c0040,T1/BCD_r0002_c0040.png,T2/BCD_r0002_c0040.png,0,masks/BCD_r0002_c0040.png,0.00000000
BCD_r0002_c0041,T1/BCD_r0002_c0041.png,T2/BCD_r0002_c0041.png,0,masks/BCD_r0002_c0041.png,0.00000000
BCD_r0002_c0042,T1/BCD_r0002_c0042.png,T2/BCD_r0002_c0042.png,0,masks/BCD_r0002_c0042.png,0.00000000
BCD_r0002_c0043,T1/BCD_r0002_c0043.png,T2/BCD_r0002_c0043.png,0,masks/BCD_r0002_c0043.png,0.00000000
BCD_r0002_c0044,T1/BCD_r0002_c0044.png,T2/BCD_r0002_c0044.png,0,masks/BCD_r0002_c0044.png,0.00000000
BCD_r0002_c0045,T1/BCD_r0002_c0045.png,T2/BCD_r0002_c0045.png,0,masks/BCD_r0002_c0045.png,0.00000000
BCD_r0002_c0046,T1/BCD_r0002_c0046.png,T2/BCD_r0002_c0046.png,0,masks/BCD_r0002_c0046.png,0.00000000
BCD_r0002_c0047,T1/BCD_r0002_c0047.png,T2/BCD_r0002_c0047.png,0,masks/BCD_r0002_c0047.png,0.00000000
BCD_r0002_c0048,T1/BCD_r0002_c0048.png,T2/BCD_r0002_c0048.png,0,masks/BCD_r0002_c0048.png,0.00000000
BCD_r0002_c0049,T1/BCD_r0002_c0049.png,T2/BCD_r0002_c0049.png,0,masks/BCD_r0002_c0049.png,0.00000000
BCD_r0002_c0050,T1/BCD_r0002_c0050.png,T2/BCD_r0002_c0050.png,1,masks/BCD_r0002_c0050.png,0.04928651
BCD_r0002_c0051,T1/BCD_r0002_c0051.png,T2/BCD_r0002_c0051.png,1,masks/BCD_r0002_c0051.png,0.01506696
BCD_r0002_c0052,T1/BCD_r0002_c0052.png,T2/BCD_r0002_c0052.png,0,masks/BCD_r0002_c0052.png,0.00000000
BCD_r0002_c0053,T1/BCD_r0002_c0053.png,T2/BCD_r0002_c0053.png,0,masks/BCD_r0002_c0053.png,0.00000000
BCD_r0002_c0054,T1/BCD_r0002_c0054.png,T2/BCD_r0002_c0054.png,0,masks/BCD_r0002_c0054.png,0.00000000
BCD_r0002_c0055,T1/BCD_r0002_c0055.png,T2/BCD_r0002_c0055.png,0,masks/BCD_r0002_c0055.png,0.00000000
BCD_r0002_c0056,T1/BCD_r0002_c0056.png,T2/BCD_r0002_c0056.png,0,masks/BCD_r0002_c0056.png,0.00000000
BCD_r0002_c0057,T1/BCD_r0002_c0057.png,T2/BCD_r0002_c0057.png,0,masks/BCD_r0002_c0057.png,0.00000000
BCD_r0002_c0058,T1/BCD_r0002_c0058.png,T2/BCD_r0002_c0058.png,0,masks/BCD_r0002_c0058.png,0.00000000
BCD_r0002_c0059,T1/BCD_r0002_c0059.png,T2/BCD_r0002_c0059.png,0,masks/BCD_r0002_c0059.png,0.00000000
BCD_r0002_c0060,T1/BCD_r0002_c0060.png,T2/BCD_r0002_c0060.png,0,masks/BCD_r0002_c0060.png,0.00000000
BCD_r0002_c0061,T1/BCD_r0002_c0061.png,T2/BCD_r0002_c0061.png,1,masks/BCD_r0002_c0061.png,0.02875877
BCD_r0002_c0062,T1/BCD_r0002_c0062.png,T2/BCD_r0002_c0062.png,1,masks/BCD_r0002_c0062.png,0.15431680
BCD_r0002_c0063,T1/BCD_r0002_c0063.png,T2/BCD_r0002_c0063.png,1,masks/BCD_r0002_c0063.png,0.00769292
BCD_r0002_c0064,T1/BCD_r0002_c0064.png,T2/BCD_r0002_c0064.png,1,masks/BCD_r0002_c0064.png,0.02170360
BCD_r0002_c0065,T1/BCD_r0002_c0065.png,T2/BCD_r0002_c0065.png,0,masks/BCD_r0002_c0065.png,0.00000000
BCD_r0002_c0066,T1/BCD_r0002_c0066.png,T2/BCD_r0002_c0066.png,0,masks/BCD_r0002_c0066.png,0.00000000
BCD_r0002_c0067,T1/BCD_r0002_c0067.png,T2/BCD_r0002_c0067.png,0,masks/BCD_r0002_c0067.png,0.00000000
BCD_r0002_c0068,T1/BCD_r0002_c0068.png,T2/BCD_r0002_c0068.png,0,masks/BCD_r0002_c0068.png,0.00000000
BCD_r0002_c0069,T1/BCD_r0002_c0069.png,T2/BCD_r0002_c0069.png,0,masks/BCD_r0002_c0069.png,0.00000000
BCD_r0002_c0070,T1/BCD_r0002_c0070.png,T2/BCD_r0002_c0070.png,0,masks/BCD_r0002_c0070.png,0.00000000
BCD_r0002_c0071,T1/BCD_r0002_c0071.png,T2/BCD_r0002_c0071.png,0,masks/BCD_r0002_c0071.png,0.00000000
BCD_r0002_c0072,T1/BCD_r0002_c0072.png,T2/BCD_r0002_c0072.png,1,masks/BCD_r0002_c0072.png,0.51339286
BCD_r0002_c0073,T1/BCD_r0002_c0073.png,T2/BCD_r0002_c0073.png,1,masks/BCD_r0002_c0073.png,0.70780851
BCD_r0002_c0074,T1/BCD_r0002_c0074.png,T2/BCD_r0002_c0074.png,1,masks/BCD_r0002_c0074.png,0.39377392
BCD_r0002_c0075,T1/BCD_r0002_c0075.png,T2/BCD_r0002_c0075.png,0,masks/BCD_r0002_c0075.png,0.00000000
BCD_r0002_c0076,T1/BCD_r0002_c0076.png,T2/BCD_r0002_c0076.png,0,masks/BCD_r0002_c0076.png,0.00000000
BCD_r0002_c0077,T1/BCD_r0002_c0077.png,T2/BCD_r0002_c0077.png,0,masks/BCD_r0002_c0077.png,0.00000000
BCD_r0002_c0078,T1/BCD_r0002_c0078.png,T2/BCD_r0002_c0078.png,0,masks/BCD_r0002_c0078.png,0.00000000
BCD_r0002_c0079,T1/BCD_r0002_c0079.png,T2/BCD_r0002_c0079.png,0,masks/BCD_r0002_c0079.png,0.00000000
BCD_r0002_c0080,T1/BCD_r0002_c0080.png,T2/BCD_r0002_c0080.png,0,masks/BCD_r0002_c0080.png,0.00000000
BCD_r0002_c0081,T1/BCD_r0002_c0081.png,T2/BCD_r0002_c0081.png,0,masks/BCD_r0002_c0081.png,0.00000000
BCD_r0002_c0082,T1/BCD_r0002_c0082.png,T2/BCD_r0002_c0082.png,0,masks/BCD_r0002_c0082.png,0.00000000
BCD_r0002_c0083,T1/BCD_r0002_c0083.png,T2/BCD_r0002_c0083.png,0,masks/BCD_r0002_c0083.png,0.00000000
BCD_r0002_c0084,T1/BCD_r0002_c0084.png,T2/BCD_r0002_c0084.png,0,masks/BCD_r0002_c0084.png,0.00000000
BCD_r0002_c0085,T1/BCD_r0002_c0085.png,T2/BCD_r0002_c0085.png,0,masks/BCD_r0002_c0085.png,0.00000000
BCD_r0002_c0086,T1/BCD_r0002_c0086.png,T2/BCD_r0002_c0086.png,0,masks/BCD_r0002_c0086.png,0.00000000
BCD_r0002_c0087,T1/BCD_r0002_c0087.png,T2/BCD_r0002_c0087.png,0,masks/BCD_r0002_c0087.png,0.00000000
BCD_r0002_c0088,T1/BCD_r0002_c0088.png,T2/BCD_r0002_c0088.png,0,masks/BCD_r0002_c0088.png,0.00000000
BCD_r0002_c0089,T1/BCD_r0002_c0089.png,T2/BCD_r0002_c0089.png,0,masks/BCD_r0002_c0089.png,0.00000000
BCD_r0002_c0090,T1/BCD_r0002_c0090.png,T2/BCD_r0002_c0090.png,0,masks/BCD_r0002_c0090.png,0.00000000
BCD_r0002_c0091,T1/BCD_r0002_c0091.png,T2/BCD_r0002_c0091.png,1,masks/BCD_r0002_c0091.png,0.01385124
BCD_r0002_c0092,T1/BCD_r0002_c0092.png,T2/BCD_r0002_c0092.png,0,masks/BCD_r0002_c0092.png,0.00000000
BCD_r0002_c0093,T1/BCD_r0002_c0093.png,T2/BCD_r0002_c0093.png,1,masks/BCD_r0002_c0093.png,0.07583307
BCD_r0002_c0094,T1/BCD_r0002_c0094.png,T2/BCD_r0002_c0094.png,1,masks/BCD_r0002_c0094.png,0.07254464
BCD_r0002_c0095,T1/BCD_r0002_c0095.png,T2/BCD_r0002_c0095.png,0,masks/BCD_r0002_c0095.png,0.00000000
BCD_r0002_c0096,T1/BCD_r0002_c0096.png,T2/BCD_r0002_c0096.png,0,masks/BCD_r0002_c0096.png,0.00000000
BCD_r0002_c0097,T1/BCD_r0002_c0097.png,T2/BCD_r0002_c0097.png,0,masks/BCD_r0002_c0097.png,0.00000000
BCD_r0002_c0098,T1/BCD_r0002_c0098.png,T2/BCD_r0002_c0098.png,0,masks/BCD_r0002_c0098.png,0.00000000
BCD_r0002_c0099,T1/BCD_r0002_c0099.png,T2/BCD_r0002_c0099.png,0,masks/BCD_r0002_c0099.png,0.00000000
BCD_r0002_c0100,T1/BCD_r0002_c0100.png,T2/BCD_r0002_c0100.png,0,masks/BCD_r0002_c0100.png,0.00000000
BCD_r0002_c0101,T1/BCD_r0002_c0101.png,T2/BCD_r0002_c0101.png,0,masks/BCD_r0002_c0101.png,0.00000000
BCD_r0002_c0102,T1/BCD_r0002_c0102.png,T2/BCD_r0002_c0102.png,0,masks/BCD_r0002_c0102.png,0.00000000
BCD_r0002_c0103,T1/BCD_r0002_c0103.png,T2/BCD_r0002_c0103.png,0,masks/BCD_r0002_c0103.png,0.00000000
BCD_r0002_c0104,T1/BCD_r0002_c0104.png,T2/BCD_r0002_c0104.png,0,masks/BCD_r0002_c0104.png,0.00000000
BCD_r0002_c0105,T1/BCD_r0002_c0105.png,T2/BCD_r0002_c0105.png,0,masks/BCD_r0002_c0105.png,0.00000000
BCD_r0002_c0106,T1/BCD_r0002_c0106.png,T2/BCD_r0002_c0106.png,0,masks/BCD_r0002_c0106.png,0.00000000
BCD_r0002_c0107,T1/BCD_r0002_c0107.png,T2/BCD_r0002_c0107.png,1,masks/BCD_r0002_c0107.png,0.03298390
BCD_r0002_c0108,T1/BCD_r0002_c0108.png,T2/BCD_r0002_c0108.png,1,masks/BCD_r0002_c0108.png,0.01610332
BCD_r0002_c0109,T1/BCD_r0002_c0109.png,T2/BCD_r0002_c0109.png,1,masks/BCD_r0002_c0109.png,0.13612085
BCD_r0002_c0110,T1/BCD_r0002_c0110.png,T2/BCD_r0002_c0110.png,0,masks/BCD_r0002_c0110.png,0.00000000
BCD_r0002_c0111,T1/BCD_r0002_c0111.png,T2/BCD_r0002_c0111.png,0,masks/BCD_r0002_c0111.png,0.00000000
BCD_r0002_c0112,T1/BCD_r0002_c0112.png,T2/BCD_r0002_c0112.png,0,masks/BCD_r0002_c0112.png,0.00000000
BCD_r0002_c0113,T1/BCD_r0002_c0113.png,T2/BCD_r0002_c0113.png,0,masks/BCD_r0002_c0113.png,0.00000000
BCD_r0002_c0114,T1/BCD_r0002_c0114.png,T2/BCD_r0002_c0114.png,1,masks/BCD_r0002_c0114.png,0.06028779
BCD_r0002_c0115,T1/BCD_r0002_c0115.png,T2/BCD_r0002_c0115.png,1,masks/BCD_r0002_c0115.png,0.05644133
BCD_r0002_c0116,T1/BCD_r0002_c0116.png,T2/BCD_r0002_c0116.png,0,masks/BCD_r0002_c0116.png,0.00000000
BCD_r0002_c0117,T1/BCD_r0002_c0117.png,T2/BCD_r0002_c0117.png,0,masks/BCD_r0002_c0117.png,0.00000000
BCD_r0002_c0118,T1/BCD_r0002_c0118.png,T2/BCD_r0002_c0118.png,1,masks/BCD_r0002_c0118.png,0.22126116
BCD_r0002_c0119,T1/BCD_r0002_c0119.png,T2/BCD_r0002_c0119.png,1,masks/BCD_r0002_c0119.png,0.03093112
BCD_r0002_c0120,T1/BCD_r0002_c0120.png,T2/BCD_r0002_c0120.png,0,masks/BCD_r0002_c0120.png,0.00000000
BCD_r0002_c0121,T1/BCD_r0002_c0121.png,T2/BCD_r0002_c0121.png,1,masks/BCD_r0002_c0121.png,0.02084662
BCD_r0002_c0122,T1/BCD_r0002_c0122.png,T2/BCD_r0002_c0122.png,0,masks/BCD_r0002_c0122.png,0.00000000
BCD_r0002_c0123,T1/BCD_r0002_c0123.png,T2/BCD_r0002_c0123.png,0,masks/BCD_r0002_c0123.png,0.00000000
BCD_r0002_c0124,T1/BCD_r0002_c0124.png,T2/BCD_r0002_c0124.png,1,masks/BCD_r0002_c0124.png,0.06891741
BCD_r0002_c0125,T1/BCD_r0002_c0125.png,T2/BCD_r0002_c0125.png,1,masks/BCD_r0002_c0125.png,0.01498724
BCD_r0002_c0126,T1/BCD_r0002_c0126.png,T2/BCD_r0002_c0126.png,0,masks/BCD_r0002_c0126.png,0.00000000
BCD_r0002_c0127,T1/BCD_r0002_c0127.png,T2/BCD_r0002_c0127.png,0,masks/BCD_r0002_c0127.png,0.00000000
BCD_r0002_c0128,T1/BCD_r0002_c0128.png,T2/BCD_r0002_c0128.png,0,masks/BCD_r0002_c0128.png,0.00000000
BCD_r0002_c0129,T1/BCD_r0002_c0129.png,T2/BCD_r0002_c0129.png,0,masks/BCD_r0002_c0129.png,0.00000000
BCD_r0002_c0130,T1/BCD_r0002_c0130.png,T2/BCD_r0002_c0130.png,0,masks/BCD_r0002_c0130.png,0.00000000
BCD_r0002_c0131,T1/BCD_r0002_c0131.png,T2/BCD_r0002_c0131.png,0,masks/BCD_r0002_c0131.png,0.00000000
BCD_r0002_c0132,T1/BCD_r0002_c0132.png,T2/BCD_r0002_c0132.png,0,masks/BCD_r0002_c0132.png,0.00000000
BCD_r0002_c0133,T1/BCD_r0002_c0133.png,T2/BCD_r0002_c0133.png,0,masks/BCD_r0002_c0133.png,0.00000000
BCD_r0002_c0134,T1/BCD_r0002_c0134.png,T2/BCD_r0002_c0134.png,1,masks/BCD_r0002_c0134.png,0.21031967
BCD_r0002_c0135,T1/BCD_r0002_c0135.png,T2/BCD_r0002_c0135.png,0,masks/BCD_r0002_c0135.png,0.00000000
BCD_r0002_c0136,T1/BCD_r0002_c0136.png,T2/BCD_r0002_c0136.png,0,masks/BCD_r0002_c0136.png,0.00000000
BCD_r0002_c0137,T1/BCD_r0002_c0137.png,T2/BCD_r0002_c0137.png,0,masks/BCD_r0002_c0137.png,0.00000000
BCD_r0002_c0138,T1/BCD_r0002_c0138.png,T2/BCD_r0002_c0138.png,0,masks/BCD_r0002_c0138.png,0.00000000
BCD_r0002_c0139,T1/BCD_r0002_c0139.png,T2/BCD_r0002_c0139.png,0,masks/BCD_r0002_c0139.png,0.00000000
BCD_r0002_c0140,T1/BCD_r0002_c0140.png,T2/BCD_r0002_c0140.png,0,masks/BCD_r0002_c0140.png,0.00000000
BCD_r0002_c0141,T1/BCD_r0002_c0141.png,T2/BCD_r0002_c0141.png,0,masks/BCD_r0002_c0141.png,0.00000000
BCD_r0002_c0142,T1/BCD_r0002_c0142.png,T2/BCD_r0002_c0142.png,0,masks/BCD_r0002_c0142.png,0.00000000
BCD_r0002_c0143,T1/BCD_r0002_c0143.png,T2/BCD_r0002_c0143.png,0,masks/BCD_r0002_c0143.png,0.00000000
BCD_r0002_c0144,T1/BCD_r0002_c0144.png,T2/BCD_r0002_c0144.png,0,masks/BCD_r0002_c0144.png,0.00000000
BCD_r0003_c0000,T1/BCD_r0003_c0000.png,T2/BCD_r0003_c0000.png,0,masks/BCD_r0003_c0000.png,0.00000000
BCD_r0003_c0001,T1/BCD_r0003_c0001.png,T2/BCD_r0003_c0001.png,1,masks/BCD_r0003_c0001.png,0.01604353
BCD_r0003_c0002,T1/BCD_r0003_c0002.png,T2/BCD_r0003_c0002.png,0,masks/BCD_r0003_c0002.png,0.00000000
BCD_r0003_c0003,T1/BCD_r0003_c0003.png,T2/BCD_r0003_c0003.png,1,masks/BCD_r0003_c0003.png,0.02032844
BCD_r0003_c0004,T1/BCD_r0003_c0004.png,T2/BCD_r0003_c0004.png,0,masks/BCD_r0003_c0004.png,0.00000000
BCD_r0003_c0005,T1/BCD_r0003_c0005.png,T2/BCD_r0003_c0005.png,0,masks/BCD_r0003_c0005.png,0.00000000
BCD_r0003_c0006,T1/BCD_r0003_c0006.png,T2/BCD_r0003_c0006.png,0,masks/BCD_r0003_c0006.png,0.00000000
BCD_r0003_c0007,T1/BCD_r0003_c0007.png,T2/BCD_r0003_c0007.png,0,masks/BCD_r0003_c0007.png,0.00000000
BCD_r0003_c0008,T1/BCD_r0003_c0008.png,T2/BCD_r0003_c0008.png,0,masks/BCD_r0003_c0008.png,0.00000000
BCD_r0003_c0009,T1/BCD_r0003_c0009.png,T2/BCD_r0003_c0009.png,0,masks/BCD_r0003_c0009.png,0.00000000
BCD_r0003_c0010,T1/BCD_r0003_c0010.png,T2/BCD_r0003_c0010.png,0,masks/BCD_r0003_c0010.png,0.00000000
BCD_r0003_c0011,T1/BCD_r0003_c0011.png,T2/BCD_r0003_c0011.png,0,masks/BCD_r0003_c0011.png,0.00000000
BCD_r0003_c0012,T1/BCD_r0003_c0012.png,T2/BCD_r0003_c0012.png,1,masks/BCD_r0003_c0012.png,0.00292969
BCD_r0003_c0013,T1/BCD_r0003_c0013.png,T2/BCD_r0003_c0013.png,1,masks/BCD_r0003_c0013.png,0.07085061
BCD_r0003_c0014,T1/BCD_r0003_c0014.png,T2/BCD_r0003_c0014.png,1,masks/BCD_r0003_c0014.png,0.00502232
BCD_r0003_c0015,T1/BCD_r0003_c0015.png,T2/BCD_r0003_c0015.png,1,masks/BCD_r0003_c0015.png,0.01883371
BCD_r0003_c0016,T1/BCD_r0003_c0016.png,T2/BCD_r0003_c0016.png,1,masks/BCD_r0003_c0016.png,0.00743383
BCD_r0003_c0017,T1/BCD_r0003_c0017.png,T2/BCD_r0003_c0017.png,0,masks/BCD_r0003_c0017.png,0.00000000
BCD_r0003_c0018,T1/BCD_r0003_c0018.png,T2/BCD_r0003_c0018.png,0,masks/BCD_r0003_c0018.png,0.00000000
BCD_r0003_c0019,T1/BCD_r0003_c0019.png,T2/BCD_r0003_c0019.png,0,masks/BCD_r0003_c0019.png,0.00000000
BCD_r0003_c0020,T1/BCD_r0003_c0020.png,T2/BCD_r0003_c0020.png,0,masks/BCD_r0003_c0020.png,0.00000000
BCD_r0003_c0021,T1/BCD_r0003_c0021.png,T2/BCD_r0003_c0021.png,0,masks/BCD_r0003_c0021.png,0.00000000
BCD_r0003_c0022,T1/BCD_r0003_c0022.png,T2/BCD_r0003_c0022.png,0,masks/BCD_r0003_c0022.png,0.00000000
BCD_r0003_c0023,T1/BCD_r0003_c0023.png,T2/BCD_r0003_c0023.png,0,masks/BCD_r0003_c0023.png,0.00000000
BCD_r0003_c0024,T1/BCD_r0003_c0024.png,T2/BCD_r0003_c0024.png,0,masks/BCD_r0003_c0024.png,0.00000000
BCD_r0003_c0025,T1/BCD_r0003_c0025.png,T2/BCD_r0003_c0025.png,0,masks/BCD_r0003_c0025.png,0.00000000
BCD_r0003_c0026,T1/BCD_r0003_c0026.png,T2/BCD_r0003_c0026.png,0,masks/BCD_r0003_c0026.png,0.00000000
BCD_r0003_c0027,T1/BCD_r0003_c0027.png,T2/BCD_r0003_c0027.png,0,masks/BCD_r0003_c0027.png,0.00000000
BCD_r0003_c0028,T1/BCD_r0003_c0028.png,T2/BCD_r0003_c0028.png,0,masks/BCD_r0003_c0028.png,0.00000000
BCD_r0003_c0029,T1/BCD_r0003_c0029.png,T2/BCD_r0003_c0029.png,0,masks/BCD_r0003_c0029.png,0.00000000
BCD_r0003_c0030,T1/BCD_r0003_c0030.png,T2/BCD_r0003_c0030.png,0,masks/BCD_r0003_c0030.png,0.00000000
BCD_r0003_c0031,T1/BCD_r0003_c0031.png,T2/BCD_r0003_c0031.png,0,masks/BCD_r0003_c0031.png,0.00000000
BCD_r0003_c0032,T1/BCD_r0003_c0032.png,T2/BCD_r0003_c0032.png,0,masks/BCD_r0003_c0032.png,0.00000000
BCD_r0003_c0033,T1/BCD_r0003_c0033.png,T2/BCD_r0003_c0033.png,0,masks/BCD_r0003_c0033.png,0.00000000
BCD_r0003_c0034,T1/BCD_r0003_c0034.png,T2/BCD_r0003_c0034.png,0,masks/BCD_r0003_c0034.png,0.00000000
BCD_r0003_c0035,T1/BCD_r0003_c0035.png,T2/BCD_r0003_c0035.png,1,masks/BCD_r0003_c0035.png,0.02046795
BCD_r0003_c0036,T1/BCD_r0003_c0036.png,T2/BCD_r0003_c0036.png,0,masks/BCD_r0003_c0036.png,0.00000000
BCD_r0003_c0037,T1/BCD_r0003_c0037.png,T2/BCD_r0003_c0037.png,0,masks/BCD_r0003_c0037.png,0.00000000
BCD_r0003_c0038,T1/BCD_r0003_c0038.png,T2/BCD_r0003_c0038.png,1,masks/BCD_r0003_c0038.png,0.11356027
BCD_r0003_c0039,T1/BCD_r0003_c0039.png,T2/BCD_r0003_c0039.png,1,masks/BCD_r0003_c0039.png,0.10556840
BCD_r0003_c0040,T1/BCD_r0003_c0040.png,T2/BCD_r0003_c0040.png,0,masks/BCD_r0003_c0040.png,0.00000000
BCD_r0003_c0041,T1/BCD_r0003_c0041.png,T2/BCD_r0003_c0041.png,0,masks/BCD_r0003_c0041.png,0.00000000
BCD_r0003_c0042,T1/BCD_r0003_c0042.png,T2/BCD_r0003_c0042.png,0,masks/BCD_r0003_c0042.png,0.00000000
BCD_r0003_c0043,T1/BCD_r0003_c0043.png,T2/BCD_r0003_c0043.png,0,masks/BCD_r0003_c0043.png,0.00000000
BCD_r0003_c0044,T1/BCD_r0003_c0044.png,T2/BCD_r0003_c0044.png,0,masks/BCD_r0003_c0044.png,0.00000000
BCD_r0003_c0045,T1/BCD_r0003_c0045.png,T2/BCD_r0003_c0045.png,0,masks/BCD_r0003_c0045.png,0.00000000
BCD_r0003_c0046,T1/BCD_r0003_c0046.png,T2/BCD_r0003_c0046.png,0,masks/BCD_r0003_c0046.png,0.00000000
BCD_r0003_c0047,T1/BCD_r0003_c0047.png,T2/BCD_r0003_c0047.png,0,masks/BCD_r0003_c0047.png,0.00000000
BCD_r0003_c0048,T1/BCD_r0003_c0048.png,T2/BCD_r0003_c0048.png,0,masks/BCD_r0003_c0048.png,0.00000000
BCD_r0003_c0049,T1/BCD_r0003_c0049.png,T2/BCD_r0003_c0049.png,0,masks/BCD_r0003_c0049.png,0.00000000
BCD_r0003_c0050,T1/BCD_r0003_c0050.png,T2/BCD_r0003_c0050.png,0,masks/BCD_r0003_c0050.png,0.00000000
BCD_r0003_c0051,T1/BCD_r0003_c0051.png,T2/BCD_r0003_c0051.png,0,masks/BCD_r0003_c0051.png,0.00000000
BCD_r0003_c0052,T1/BCD_r0003_c0052.png,T2/BCD_r0003_c0052.png,0,masks/BCD_r0003_c0052.png,0.00000000
BCD_r0003_c0053,T1/BCD_r0003_c0053.png,T2/BCD_r0003_c0053.png,0,masks/BCD_r0003_c0053.png,0.00000000
BCD_r0003_c0054,T1/BCD_r0003_c0054.png,T2/BCD_r0003_c0054.png,0,masks/BCD_r0003_c0054.png,0.00000000
BCD_r0003_c0055,T1/BCD_r0003_c0055.png,T2/BCD_r0003_c0055.png,0,masks/BCD_r0003_c0055.png,0.00000000
BCD_r0003_c0056,T1/BCD_r0003_c0056.png,T2/BCD_r0003_c0056.png,0,masks/BCD_r0003_c0056.png,0.00000000
BCD_r0003_c0057,T1/BCD_r0003_c0057.png,T2/BCD_r0003_c0057.png,1,masks/BCD_r0003_c0057.png,0.17233339
BCD_r0003_c0058,T1/BCD_r0003_c0058.png,T2/BCD_r0003_c0058.png,0,masks/BCD_r0003_c0058.png,0.00000000
BCD_r0003_c0059,T1/BCD_r0003_c0059.png,T2/BCD_r0003_c0059.png,0,masks/BCD_r0003_c0059.png,0.00000000
BCD_r0003_c0060,T1/BCD_r0003_c0060.png,T2/BCD_r0003_c0060.png,0,masks/BCD_r0003_c0060.png,0.00000000
BCD_r0003_c0061,T1/BCD_r0003_c0061.png,T2/BCD_r0003_c0061.png,0,masks/BCD_r0003_c0061.png,0.00000000
BCD_r0003_c0062,T1/BCD_r0003_c0062.png,T2/BCD_r0003_c0062.png,0,masks/BCD_r0003_c0062.png,0.00000000
BCD_r0003_c0063,T1/BCD_r0003_c0063.png,T2/BCD_r0003_c0063.png,0,masks/BCD_r0003_c0063.png,0.00000000
BCD_r0003_c0064,T1/BCD_r0003_c0064.png,T2/BCD_r0003_c0064.png,0,masks/BCD_r0003_c0064.png,0.00000000
BCD_r0003_c0065,T1/BCD_r0003_c0065.png,T2/BCD_r0003_c0065.png,0,masks/BCD_r0003_c0065.png,0.00000000
BCD_r0003_c0066,T1/BCD_r0003_c0066.png,T2/BCD_r0003_c0066.png,0,masks/BCD_r0003_c0066.png,0.00000000
BCD_r0003_c0067,T1/BCD_r0003_c0067.png,T2/BCD_r0003_c0067.png,0,masks/BCD_r0003_c0067.png,0.00000000
BCD_r0003_c0068,T1/BCD_r0003_c0068.png,T2/BCD_r0003_c0068.png,0,masks/BCD_r0003_c0068.png,0.00000000
BCD_r0003_c0069,T1/BCD_r0003_c0069.png,T2/BCD_r0003_c0069.png,0,masks/BCD_r0003_c0069.png,0.00000000
BCD_r0003_c0070,T1/BCD_r0003_c0070.png,T2/BCD_r0003_c0070.png,1,masks/BCD_r0003_c0070.png,0.03224649
BCD_r0003_c0071,T1/BCD_r0003_c0071.png,T2/BCD_r0003_c0071.png,1,masks/BCD_r0003_c0071.png,0.01973055
BCD_r0003_c0072,T1/BCD_r0003_c0072.png,T2/BCD_r0003_c0072.png,1,masks/BCD_r0003_c0072.png,0.34817443
BCD_r0003_c0073,T1/BCD_r0003_c0073.png,T2/BCD_r0003_c0073.png,1,masks/BCD_r0003_c0073.png,0.72427057
BCD_r0003_c0074,T1/BCD_r0003_c0074.png,T2/BCD_r0003_c0074.png,1,masks/BCD_r0003_c0074.png,0.78053253
BCD_r0003_c0075,T1/BCD_r0003_c0075.png,T2/BCD_r0003_c0075.png,1,masks/BCD_r0003_c0075.png,0.00591916
BCD_r0003_c0076,T1/BCD_r0003_c0076.png,T2/BCD_r0003_c0076.png,0,masks/BCD_r0003_c0076.png,0.00000000
BCD_r0003_c0077,T1/BCD_r0003_c0077.png,T2/BCD_r0003_c0077.png,0,masks/BCD_r0003_c0077.png,0.00000000
BCD_r0003_c0078,T1/BCD_r0003_c0078.png,T2/BCD_r0003_c0078.png,0,masks/BCD_r0003_c0078.png,0.00000000
BCD_r0003_c0079,T1/BCD_r0003_c0079.png,T2/BCD_r0003_c0079.png,0,masks/BCD_r0003_c0079.png,0.00000000
BCD_r0003_c0080,T1/BCD_r0003_c0080.png,T2/BCD_r0003_c0080.png,0,masks/BCD_r0003_c0080.png,0.00000000
BCD_r0003_c0081,T1/BCD_r0003_c0081.png,T2/BCD_r0003_c0081.png,0,masks/BCD_r0003_c0081.png,0.00000000
BCD_r0003_c0082,T1/BCD_r0003_c0082.png,T2/BCD_r0003_c0082.png,0,masks/BCD_r0003_c0082.png,0.00000000
BCD_r0003_c0083,T1/BCD_r0003_c0083.png,T2/BCD_r0003_c0083.png,0,masks/BCD_r0003_c0083.png,0.00000000
BCD_r0003_c0084,T1/BCD_r0003_c0084.png,T2/BCD_r0003_c0084.png,0,masks/BCD_r0003_c0084.png,0.00000000
BCD_r0003_c0085,T1/BCD_r0003_c0085.png,T2/BCD_r0003_c0085.png,0,masks/BCD_r0003_c0085.png,0.00000000
BCD_r0003_c0086,T1/BCD_r0003_c0086.png,T2/BCD_r0003_c0086.png,1,masks/BCD_r0003_c0086.png,0.27289939
BCD_r0003_c0087,T1/BCD_r0003_c0087.png,T2/BCD_r0003_c0087.png,1,masks/BCD_r0003_c0087.png,0.07395966
BCD_r0003_c0088,T1/BCD_r0003_c0088.png,T2/BCD_r0003_c0088.png,0,masks/BCD_r0003_c0088.png,0.00000000
BCD_r0003_c0089,T1/BCD_r0003_c0089.png,T2/BCD_r0003_c0089.png,0,masks/BCD_r0003_c0089.png,0.00000000
BCD_r0003_c0090,T1/BCD_r0003_c0090.png,T2/BCD_r0003_c0090.png,0,masks/BCD_r0003_c0090.png,0.00000000
BCD_r0003_c0091,T1/BCD_r0003_c0091.png,T2/BCD_r0003_c0091.png,1,masks/BCD_r0003_c0091.png,0.01767777
BCD_r0003_c0092,T1/BCD_r0003_c0092.png,T2/BCD_r0003_c0092.png,0,masks/BCD_r0003_c0092.png,0.00000000
BCD_r0003_c0093,T1/BCD_r0003_c0093.png,T2/BCD_r0003_c0093.png,1,masks/BCD_r0003_c0093.png,0.00653699
BCD_r0003_c0094,T1/BCD_r0003_c0094.png,T2/BCD_r0003_c0094.png,1,masks/BCD_r0003_c0094.png,0.07826451
BCD_r0003_c0095,T1/BCD_r0003_c0095.png,T2/BCD_r0003_c0095.png,0,masks/BCD_r0003_c0095.png,0.00000000
BCD_r0003_c0096,T1/BCD_r0003_c0096.png,T2/BCD_r0003_c0096.png,1,masks/BCD_r0003_c0096.png,0.01438935
BCD_r0003_c0097,T1/BCD_r0003_c0097.png,T2/BCD_r0003_c0097.png,1,masks/BCD_r0003_c0097.png,0.07993862
BCD_r0003_c0098,T1/BCD_r0003_c0098.png,T2/BCD_r0003_c0098.png,1,masks/BCD_r0003_c0098.png,0.15896046
BCD_r0003_c0099,T1/BCD_r0003_c0099.png,T2/BCD_r0003_c0099.png,0,masks/BCD_r0003_c0099.png,0.00000000
BCD_r0003_c0100,T1/BCD_r0003_c0100.png,T2/BCD_r0003_c0100.png,0,masks/BCD_r0003_c0100.png,0.00000000
BCD_r0003_c0101,T1/BCD_r0003_c0101.png,T2/BCD_r0003_c0101.png,0,masks/BCD_r0003_c0101.png,0.00000000
BCD_r0003_c0102,T1/BCD_r0003_c0102.png,T2/BCD_r0003_c0102.png,0,masks/BCD_r0003_c0102.png,0.00000000
BCD_r0003_c0103,T1/BCD_r0003_c0103.png,T2/BCD_r0003_c0103.png,0,masks/BCD_r0003_c0103.png,0.00000000
BCD_r0003_c0104,T1/BCD_r0003_c0104.png,T2/BCD_r0003_c0104.png,0,masks/BCD_r0003_c0104.png,0.00000000
BCD_r0003_c0105,T1/BCD_r0003_c0105.png,T2/BCD_r0003_c0105.png,0,masks/BCD_r0003_c0105.png,0.00000000
BCD_r0003_c0106,T1/BCD_r0003_c0106.png,T2/BCD_r0003_c0106.png,0,masks/BCD_r0003_c0106.png,0.00000000
BCD_r0003_c0107,T1/BCD_r0003_c0107.png,T2/BCD_r0003_c0107.png,0,masks/BCD_r0003_c0107.png,0.00000000
BCD_r0003_c0108,T1/BCD_r0003_c0108.png,T2/BCD_r0003_c0108.png,0,masks/BCD_r0003_c0108.png,0.00000000
BCD_r0003_c0109,T1/BCD_r0003_c0109.png,T2/BCD_r0003_c0109.png,0,masks/BCD_r0003_c0109.png,0.00000000
BCD_r0003_c0110,T1/BCD_r0003_c0110.png,T2/BCD_r0003_c0110.png,0,masks/BCD_r0003_c0110.png,0.00000000
BCD_r0003_c0111,T1/BCD_r0003_c0111.png,T2/BCD_r0003_c0111.png,0,masks/BCD_r0003_c0111.png,0.00000000
BCD_r0003_c0112,T1/BCD_r0003_c0112.png,T2/BCD_r0003_c0112.png,0,masks/BCD_r0003_c0112.png,0.00000000
BCD_r0003_c0113,T1/BCD_r0003_c0113.png,T2/BCD_r0003_c0113.png,0,masks/BCD_r0003_c0113.png,0.00000000
BCD_r0003_c0114,T1/BCD_r0003_c0114.png,T2/BCD_r0003_c0114.png,0,masks/BCD_r0003_c0114.png,0.00000000
BCD_r0003_c0115,T1/BCD_r0003_c0115.png,T2/BCD_r0003_c0115.png,0,masks/BCD_r0003_c0115.png,0.00000000
BCD_r0003_c0116,T1/BCD_r0003_c0116.png,T2/BCD_r0003_c0116.png,1,masks/BCD_r0003_c0116.png,0.54492188
BCD_r0003_c0117,T1/BCD_r0003_c0117.png,T2/BCD_r0003_c0117.png,0,masks/BCD_r0003_c0117.png,0.00000000
BCD_r0003_c0118,T1/BCD_r0003_c0118.png,T2/BCD_r0003_c0118.png,1,masks/BCD_r0003_c0118.png,0.39604592
BCD_r0003_c0119,T1/BCD_r0003_c0119.png,T2/BCD_r0003_c0119.png,1,masks/BCD_r0003_c0119.png,0.17669802
BCD_r0003_c0120,T1/BCD_r0003_c0120.png,T2/BCD_r0003_c0120.png,0,masks/BCD_r0003_c0120.png,0.00000000
BCD_r0003_c0121,T1/BCD_r0003_c0121.png,T2/BCD_r0003_c0121.png,1,masks/BCD_r0003_c0121.png,0.02270010
BCD_r0003_c0122,T1/BCD_r0003_c0122.png,T2/BCD_r0003_c0122.png,0,masks/BCD_r0003_c0122.png,0.00000000
BCD_r0003_c0123,T1/BCD_r0003_c0123.png,T2/BCD_r0003_c0123.png,1,masks/BCD_r0003_c0123.png,0.01225686
BCD_r0003_c0124,T1/BCD_r0003_c0124.png,T2/BCD_r0003_c0124.png,0,masks/BCD_r0003_c0124.png,0.00000000
BCD_r0003_c0125,T1/BCD_r0003_c0125.png,T2/BCD_r0003_c0125.png,0,masks/BCD_r0003_c0125.png,0.00000000
BCD_r0003_c0126,T1/BCD_r0003_c0126.png,T2/BCD_r0003_c0126.png,0,masks/BCD_r0003_c0126.png,0.00000000
BCD_r0003_c0127,T1/BCD_r0003_c0127.png,T2/BCD_r0003_c0127.png,0,masks/BCD_r0003_c0127.png,0.00000000
BCD_r0003_c0128,T1/BCD_r0003_c0128.png,T2/BCD_r0003_c0128.png,0,masks/BCD_r0003_c0128.png,0.00000000
BCD_r0003_c0129,T1/BCD_r0003_c0129.png,T2/BCD_r0003_c0129.png,0,masks/BCD_r0003_c0129.png,0.00000000
BCD_r0003_c0130,T1/BCD_r0003_c0130.png,T2/BCD_r0003_c0130.png,0,masks/BCD_r0003_c0130.png,0.00000000
BCD_r0003_c0131,T1/BCD_r0003_c0131.png,T2/BCD_r0003_c0131.png,0,masks/BCD_r0003_c0131.png,0.00000000
BCD_r0003_c0132,T1/BCD_r0003_c0132.png,T2/BCD_r0003_c0132.png,0,masks/BCD_r0003_c0132.png,0.00000000
BCD_r0003_c0133,T1/BCD_r0003_c0133.png,T2/BCD_r0003_c0133.png,0,masks/BCD_r0003_c0133.png,0.00000000
BCD_r0003_c0134,T1/BCD_r0003_c0134.png,T2/BCD_r0003_c0134.png,0,masks/BCD_r0003_c0134.png,0.00000000
BCD_r0003_c0135,T1/BCD_r0003_c0135.png,T2/BCD_r0003_c0135.png,0,masks/BCD_r0003_c0135.png,0.00000000
BCD_r0003_c0136,T1/BCD_r0003_c0136.png,T2/BCD_r0003_c0136.png,1,masks/BCD_r0003_c0136.png,0.04749283
BCD_r0003_c0137,T1/BCD_r0003_c0137.png,T2/BCD_r0003_c0137.png,1,masks/BCD_r0003_c0137.png,0.03192761
BCD_r0003_c0138,T1/BCD_r0003_c0138.png,T2/BCD_r0003_c0138.png,0,masks/BCD_r0003_c0138.png,0.00000000
BCD_r0003_c0139,T1/BCD_r0003_c0139.png,T2/BCD_r0003_c0139.png,0,masks/BCD_r0003_c0139.png,0.00000000
BCD_r0003_c0140,T1/BCD_r0003_c0140.png,T2/BCD_r0003_c0140.png,0,masks/BCD_r0003_c0140.png,0.00000000
BCD_r0003_c0141,T1/BCD_r0003_c0141.png,T2/BCD_r0003_c0141.png,1,masks/BCD_r0003_c0141.png,0.02132494
BCD_r0003_c0142,T1/BCD_r0003_c0142.png,T2/BCD_r0003_c0142.png,1,masks/BCD_r0003_c0142.png,0.02279974
BCD_r0003_c0143,T1/BCD_r0003_c0143.png,T2/BCD_r0003_c0143.png,0,masks/BCD_r0003_c0143.png,0.00000000
BCD_r0003_c0144,T1/BCD_r0003_c0144.png,T2/BCD_r0003_c0144.png,0,masks/BCD_r0003_c0144.png,0.00000000
BCD_r0004_c0000,T1/BCD_r0004_c0000.png,T2/BCD_r0004_c0000.png,0,masks/BCD_r0004_c0000.png,0.00000000
BCD_r0004_c0001,T1/BCD_r0004_c0001.png,T2/BCD_r0004_c0001.png,0,masks/BCD_r0004_c0001.png,0.00000000
BCD_r0004_c0002,T1/BCD_r0004_c0002.png,T2/BCD_r0004_c0002.png,0,masks/BCD_r0004_c0002.png,0.00000000
BCD_r0004_c0003,T1/BCD_r0004_c0003.png,T2/BCD_r0004_c0003.png,0,masks/BCD_r0004_c0003.png,0.00000000
BCD_r0004_c0004,T1/BCD_r0004_c0004.png,T2/BCD_r0004_c0004.png,0,masks/BCD_r0004_c0004.png,0.00000000
BCD_r0004_c0005,T1/BCD_r0004_c0005.png,T2/BCD_r0004_c0005.png,0,masks/BCD_r0004_c0005.png,0.00000000
BCD_r0004_c0006,T1/BCD_r0004_c0006.png,T2/BCD_r0004_c0006.png,0,masks/BCD_r0004_c0006.png,0.00000000
BCD_r0004_c0007,T1/BCD_r0004_c0007.png,T2/BCD_r0004_c0007.png,1,masks/BCD_r0004_c0007.png,0.02855947
BCD_r0004_c0008,T1/BCD_r0004_c0008.png,T2/BCD_r0004_c0008.png,0,masks/BCD_r0004_c0008.png,0.00000000
BCD_r0004_c0009,T1/BCD_r0004_c0009.png,T2/BCD_r0004_c0009.png,0,masks/BCD_r0004_c0009.png,0.00000000
BCD_r0004_c0010,T1/BCD_r0004_c0010.png,T2/BCD_r0004_c0010.png,0,masks/BCD_r0004_c0010.png,0.00000000
BCD_r0004_c0011,T1/BCD_r0004_c0011.png,T2/BCD_r0004_c0011.png,0,masks/BCD_r0004_c0011.png,0.00000000
BCD_r0004_c0012,T1/BCD_r0004_c0012.png,T2/BCD_r0004_c0012.png,0,masks/BCD_r0004_c0012.png,0.00000000
BCD_r0004_c0013,T1/BCD_r0004_c0013.png,T2/BCD_r0004_c0013.png,0,masks/BCD_r0004_c0013.png,0.00000000
BCD_r0004_c0014,T1/BCD_r0004_c0014.png,T2/BCD_r0004_c0014.png,1,masks/BCD_r0004_c0014.png,0.09648039
BCD_r0004_c0015,T1/BCD_r0004_c0015.png,T2/BCD_r0004_c0015.png,1,masks/BCD_r0004_c0015.png,0.01458865
BCD_r0004_c0016,T1/BCD_r0004_c0016.png,T2/BCD_r0004_c0016.png,0,masks/BCD_r0004_c0016.png,0.00000000
BCD_r0004_c0017,T1/BCD_r0004_c0017.png,T2/BCD_r0004_c0017.png,0,masks/BCD_r0004_c0017.png,0.00000000
BCD_r0004_c0018,T1/BCD_r0004_c0018.png,T2/BCD_r0004_c0018.png,0,masks/BCD_r0004_c0018.png,0.00000000
BCD_r0004_c0019,T1/BCD_r0004_c0019.png,T2/BCD_r0004_c0019.png,0,masks/BCD_r0004_c0019.png,0.00000000
BCD_r0004_c0020,T1/BCD_r0004_c0020.png,T2/BCD_r0004_c0020.png,0,masks/BCD_r0004_c0020.png,0.00000000
BCD_r0004_c0021,T1/BCD_r0004_c0021.png,T2/BCD_r0004_c0021.png,1,masks/BCD_r0004_c0021.png,0.01470823
BCD_r0004_c0022,T1/BCD_r0004_c0022.png,T2/BCD_r0004_c0022.png,1,masks/BCD_r0004_c0022.png,0.00013951
BCD_r0004_c0023,T1/BCD_r0004_c0023.png,T2/BCD_r0004_c0023.png,0,masks/BCD_r0004_c0023.png,0.00000000
BCD_r0004_c0024,T1/BCD_r0004_c0024.png,T2/BCD_r0004_c0024.png,0,masks/BCD_r0004_c0024.png,0.00000000
BCD_r0004_c0025,T1/BCD_r0004_c0025.png,T2/BCD_r0004_c0025.png,0,masks/BCD_r0004_c0025.png,0.00000000
BCD_r0004_c0026,T1/BCD_r0004_c0026.png,T2/BCD_r0004_c0026.png,0,masks/BCD_r0004_c0026.png,0.00000000
BCD_r0004_c0027,T1/BCD_r0004_c0027.png,T2/BCD_r0004_c0027.png,0,masks/BCD_r0004_c0027.png,0.00000000
BCD_r0004_c0028,T1/BCD_r0004_c0028.png,T2/BCD_r0004_c0028.png,0,masks/BCD_r0004_c0028.png,0.00000000
BCD_r0004_c0029,T1/BCD_r0004_c0029.png,T2/BCD_r0004_c0029.png,0,masks/BCD_r0004_c0029.png,0.00000000
BCD_r0004_c0030,T1/BCD_r0004_c0030.png,T2/BCD_r0004_c0030.png,0,masks/BCD_r0004_c0030.png,0.00000000
BCD_r0004_c0031,T1/BCD_r0004_c0031.png,T2/BCD_r0004_c0031.png,0,masks/BCD_r0004_c0031.png,0.00000000
BCD_r0004_c0032,T1/BCD_r0004_c0032.png,T2/BCD_r0004_c0032.png,0,masks/BCD_r0004_c0032.png,0.00000000
BCD_r0004_c0033,T1/BCD_r0004_c0033.png,T2/BCD_r0004_c0033.png,0,masks/BCD_r0004_c0033.png,0.00000000
BCD_r0004_c0034,T1/BCD_r0004_c0034.png,T2/BCD_r0004_c0034.png,0,masks/BCD_r0004_c0034.png,0.00000000
BCD_r0004_c0035,T1/BCD_r0004_c0035.png,T2/BCD_r0004_c0035.png,0,masks/BCD_r0004_c0035.png,0.00000000
BCD_r0004_c0036,T1/BCD_r0004_c0036.png,T2/BCD_r0004_c0036.png,0,masks/BCD_r0004_c0036.png,0.00000000
BCD_r0004_c0037,T1/BCD_r0004_c0037.png,T2/BCD_r0004_c0037.png,0,masks/BCD_r0004_c0037.png,0.00000000
BCD_r0004_c0038,T1/BCD_r0004_c0038.png,T2/BCD_r0004_c0038.png,1,masks/BCD_r0004_c0038.png,0.26668128
BCD_r0004_c0039,T1/BCD_r0004_c0039.png,T2/BCD_r0004_c0039.png,0,masks/BCD_r0004_c0039.png,0.00000000
BCD_r0004_c0040,T1/BCD_r0004_c0040.png,T2/BCD_r0004_c0040.png,0,masks/BCD_r0004_c0040.png,0.00000000
BCD_r0004_c0041,T1/BCD_r0004_c0041.png,T2/BCD_r0004_c0041.png,0,masks/BCD_r0004_c0041.png,0.00000000
BCD_r0004_c0042,T1/BCD_r0004_c0042.png,T2/BCD_r0004_c0042.png,0,masks/BCD_r0004_c0042.png,0.00000000
BCD_r0004_c0043,T1/BCD_r0004_c0043.png,T2/BCD_r0004_c0043.png,0,masks/BCD_r0004_c0043.png,0.00000000
BCD_r0004_c0044,T1/BCD_r0004_c0044.png,T2/BCD_r0004_c0044.png,0,masks/BCD_r0004_c0044.png,0.00000000
BCD_r0004_c0045,T1/BCD_r0004_c0045.png,T2/BCD_r0004_c0045.png,0,masks/BCD_r0004_c0045.png,0.00000000
BCD_r0004_c0046,T1/BCD_r0004_c0046.png,T2/BCD_r0004_c0046.png,0,masks/BCD_r0004_c0046.png,0.00000000
BCD_r0004_c0047,T1/BCD_r0004_c0047.png,T2/BCD_r0004_c0047.png,1,masks/BCD_r0004_c0047.png,0.09761639
BCD_r0004_c0048,T1/BCD_r0004_c0048.png,T2/BCD_r0004_c0048.png,1,masks/BCD_r0004_c0048.png,0.00759327
BCD_r0004_c0049,T1/BCD_r0004_c0049.png,T2/BCD_r0004_c0049.png,1,masks/BCD_r0004_c0049.png,0.00866948
BCD_r0004_c0050,T1/BCD_r0004_c0050.png,T2/BCD_r0004_c0050.png,1,masks/BCD_r0004_c0050.png,0.41836735
BCD_r0004_c0051,T1/BCD_r0004_c0051.png,T2/BCD_r0004_c0051.png,1,masks/BCD_r0004_c0051.png,0.00239158
BCD_r0004_c0052,T1/BCD_r0004_c0052.png,T2/BCD_r0004_c0052.png,0,masks/BCD_r0004_c0052.png,0.00000000
BCD_r0004_c0053,T1/BCD_r0004_c0053.png,T2/BCD_r0004_c0053.png,0,masks/BCD_r0004_c0053.png,0.00000000
BCD_r0004_c0054,T1/BCD_r0004_c0054.png,T2/BCD_r0004_c0054.png,0,masks/BCD_r0004_c0054.png,0.00000000
BCD_r0004_c0055,T1/BCD_r0004_c0055.png,T2/BCD_r0004_c0055.png,0,masks/BCD_r0004_c0055.png,0.00000000
BCD_r0004_c0056,T1/BCD_r0004_c0056.png,T2/BCD_r0004_c0056.png,0,masks/BCD_r0004_c0056.png,0.00000000
BCD_r0004_c0057,T1/BCD_r0004_c0057.png,T2/BCD_r0004_c0057.png,0,masks/BCD_r0004_c0057.png,0.00000000
BCD_r0004_c0058,T1/BCD_r0004_c0058.png,T2/BCD_r0004_c0058.png,0,masks/BCD_r0004_c0058.png,0.00000000
BCD_r0004_c0059,T1/BCD_r0004_c0059.png,T2/BCD_r0004_c0059.png,0,masks/BCD_r0004_c0059.png,0.00000000
BCD_r0004_c0060,T1/BCD_r0004_c0060.png,T2/BCD_r0004_c0060.png,0,masks/BCD_r0004_c0060.png,0.00000000
BCD_r0004_c0061,T1/BCD_r0004_c0061.png,T2/BCD_r0004_c0061.png,0,masks/BCD_r0004_c0061.png,0.00000000
BCD_r0004_c0062,T1/BCD_r0004_c0062.png,T2/BCD_r0004_c0062.png,0,masks/BCD_r0004_c0062.png,0.00000000
BCD_r0004_c0063,T1/BCD_r0004_c0063.png,T2/BCD_r0004_c0063.png,1,masks/BCD_r0004_c0063.png,0.01341279
BCD_r0004_c0064,T1/BCD_r0004_c0064.png,T2/BCD_r0004_c0064.png,1,masks/BCD_r0004_c0064.png,0.00101642
BCD_r0004_c0065,T1/BCD_r0004_c0065.png,T2/BCD_r0004_c0065.png,0,masks/BCD_r0004_c0065.png,0.00000000
BCD_r0004_c0066,T1/BCD_r0004_c0066.png,T2/BCD_r0004_c0066.png,1,masks/BCD_r0004_c0066.png,0.03111049
BCD_r0004_c0067,T1/BCD_r0004_c0067.png,T2/BCD_r0004_c0067.png,0,masks/BCD_r0004_c0067.png,0.00000000
BCD_r0004_c0068,T1/BCD_r0004_c0068.png,T2/BCD_r0004_c0068.png,0,masks/BCD_r0004_c0068.png,0.00000000
BCD_r0004_c0069,T1/BCD_r0004_c0069.png,T2/BCD_r0004_c0069.png,1,masks/BCD_r0004_c0069.png,0.01793686
BCD_r0004_c0070,T1/BCD_r0004_c0070.png,T2/BCD_r0004_c0070.png,1,masks/BCD_r0004_c0070.png,0.74346301
BCD_r0004_c0071,T1/BCD_r0004_c0071.png,T2/BCD_r0004_c0071.png,1,masks/BCD_r0004_c0071.png,0.92588090
BCD_r0004_c0072,T1/BCD_r0004_c0072.png,T2/BCD_r0004_c0072.png,1,masks/BCD_r0004_c0072.png,0.92486448
BCD_r0004_c0073,T1/BCD_r0004_c0073.png,T2/BCD_r0004_c0073.png,1,masks/BCD_r0004_c0073.png,0.92378827
BCD_r0004_c0074,T1/BCD_r0004_c0074.png,T2/BCD_r0004_c0074.png,1,masks/BCD_r0004_c0074.png,0.99984056
BCD_r0004_c0075,T1/BCD_r0004_c0075.png,T2/BCD_r0004_c0075.png,1,masks/BCD_r0004_c0075.png,0.61288265
BCD_r0004_c0076,T1/BCD_r0004_c0076.png,T2/BCD_r0004_c0076.png,1,masks/BCD_r0004_c0076.png,0.10606665
BCD_r0004_c0077,T1/BCD_r0004_c0077.png,T2/BCD_r0004_c0077.png,0,masks/BCD_r0004_c0077.png,0.00000000
BCD_r0004_c0078,T1/BCD_r0004_c0078.png,T2/BCD_r0004_c0078.png,0,masks/BCD_r0004_c0078.png,0.00000000
BCD_r0004_c0079,T1/BCD_r0004_c0079.png,T2/BCD_r0004_c0079.png,1,masks/BCD_r0004_c0079.png,0.02150430
BCD_r0004_c0080,T1/BCD_r0004_c0080.png,T2/BCD_r0004_c0080.png,0,masks/BCD_r0004_c0080.png,0.00000000
BCD_r0004_c0081,T1/BCD_r0004_c0081.png,T2/BCD_r0004_c0081.png,0,masks/BCD_r0004_c0081.png,0.00000000
BCD_r0004_c0082,T1/BCD_r0004_c0082.png,T2/BCD_r0004_c0082.png,0,masks/BCD_r0004_c0082.png,0.00000000
BCD_r0004_c0083,T1/BCD_r0004_c0083.png,T2/BCD_r0004_c0083.png,0,masks/BCD_r0004_c0083.png,0.00000000
BCD_r0004_c0084,T1/BCD_r0004_c0084.png,T2/BCD_r0004_c0084.png,0,masks/BCD_r0004_c0084.png,0.00000000
BCD_r0004_c0085,T1/BCD_r0004_c0085.png,T2/BCD_r0004_c0085.png,0,masks/BCD_r0004_c0085.png,0.00000000
BCD_r0004_c0086,T1/BCD_r0004_c0086.png,T2/BCD_r0004_c0086.png,1,masks/BCD_r0004_c0086.png,0.15407765
BCD_r0004_c0087,T1/BCD_r0004_c0087.png,T2/BCD_r0004_c0087.png,0,masks/BCD_r0004_c0087.png,0.00000000
BCD_r0004_c0088,T1/BCD_r0004_c0088.png,T2/BCD_r0004_c0088.png,0,masks/BCD_r0004_c0088.png,0.00000000
BCD_r0004_c0089,T1/BCD_r0004_c0089.png,T2/BCD_r0004_c0089.png,0,masks/BCD_r0004_c0089.png,0.00000000
BCD_r0004_c0090,T1/BCD_r0004_c0090.png,T2/BCD_r0004_c0090.png,0,masks/BCD_r0004_c0090.png,0.00000000
BCD_r0004_c0091,T1/BCD_r0004_c0091.png,T2/BCD_r0004_c0091.png,1,masks/BCD_r0004_c0091.png,0.06447305
BCD_r0004_c0092,T1/BCD_r0004_c0092.png,T2/BCD_r0004_c0092.png,1,masks/BCD_r0004_c0092.png,0.03130979
BCD_r0004_c0093,T1/BCD_r0004_c0093.png,T2/BCD_r0004_c0093.png,0,masks/BCD_r0004_c0093.png,0.00000000
BCD_r0004_c0094,T1/BCD_r0004_c0094.png,T2/BCD_r0004_c0094.png,0,masks/BCD_r0004_c0094.png,0.00000000
BCD_r0004_c0095,T1/BCD_r0004_c0095.png,T2/BCD_r0004_c0095.png,0,masks/BCD_r0004_c0095.png,0.00000000
BCD_r0004_c0096,T1/BCD_r0004_c0096.png,T2/BCD_r0004_c0096.png,0,masks/BCD_r0004_c0096.png,0.00000000
BCD_r0004_c0097,T1/BCD_r0004_c0097.png,T2/BCD_r0004_c0097.png,0,masks/BCD_r0004_c0097.png,0.00000000
BCD_r0004_c0098,T1/BCD_r0004_c0098.png,T2/BCD_r0004_c0098.png,0,masks/BCD_r0004_c0098.png,0.00000000
BCD_r0004_c0099,T1/BCD_r0004_c0099.png,T2/BCD_r0004_c0099.png,0,masks/BCD_r0004_c0099.png,0.00000000
BCD_r0004_c0100,T1/BCD_r0004_c0100.png,T2/BCD_r0004_c0100.png,0,masks/BCD_r0004_c0100.png,0.00000000
BCD_r0004_c0101,T1/BCD_r0004_c0101.png,T2/BCD_r0004_c0101.png,0,masks/BCD_r0004_c0101.png,0.00000000
BCD_r0004_c0102,T1/BCD_r0004_c0102.png,T2/BCD_r0004_c0102.png,0,masks/BCD_r0004_c0102.png,0.00000000
BCD_r0004_c0103,T1/BCD_r0004_c0103.png,T2/BCD_r0004_c0103.png,0,masks/BCD_r0004_c0103.png,0.00000000
BCD_r0004_c0104,T1/BCD_r0004_c0104.png,T2/BCD_r0004_c0104.png,0,masks/BCD_r0004_c0104.png,0.00000000
BCD_r0004_c0105,T1/BCD_r0004_c0105.png,T2/BCD_r0004_c0105.png,0,masks/BCD_r0004_c0105.png,0.00000000
BCD_r0004_c0106,T1/BCD_r0004_c0106.png,T2/BCD_r0004_c0106.png,0,masks/BCD_r0004_c0106.png,0.00000000
BCD_r0004_c0107,T1/BCD_r0004_c0107.png,T2/BCD_r0004_c0107.png,0,masks/BCD_r0004_c0107.png,0.00000000
BCD_r0004_c0108,T1/BCD_r0004_c0108.png,T2/BCD_r0004_c0108.png,0,masks/BCD_r0004_c0108.png,0.00000000
BCD_r0004_c0109,T1/BCD_r0004_c0109.png,T2/BCD_r0004_c0109.png,1,masks/BCD_r0004_c0109.png,0.04390545
BCD_r0004_c0110,T1/BCD_r0004_c0110.png,T2/BCD_r0004_c0110.png,1,masks/BCD_r0004_c0110.png,0.00703524
BCD_r0004_c0111,T1/BCD_r0004_c0111.png,T2/BCD_r0004_c0111.png,0,masks/BCD_r0004_c0111.png,0.00000000
BCD_r0004_c0112,T1/BCD_r0004_c0112.png,T2/BCD_r0004_c0112.png,0,masks/BCD_r0004_c0112.png,0.00000000
BCD_r0004_c0113,T1/BCD_r0004_c0113.png,T2/BCD_r0004_c0113.png,0,masks/BCD_r0004_c0113.png,0.00000000
BCD_r0004_c0114,T1/BCD_r0004_c0114.png,T2/BCD_r0004_c0114.png,0,masks/BCD_r0004_c0114.png,0.00000000
BCD_r0004_c0115,T1/BCD_r0004_c0115.png,T2/BCD_r0004_c0115.png,0,masks/BCD_r0004_c0115.png,0.00000000
BCD_r0004_c0116,T1/BCD_r0004_c0116.png,T2/BCD_r0004_c0116.png,1,masks/BCD_r0004_c0116.png,0.00394611
BCD_r0004_c0117,T1/BCD_r0004_c0117.png,T2/BCD_r0004_c0117.png,0,masks/BCD_r0004_c0117.png,0.00000000
BCD_r0004_c0118,T1/BCD_r0004_c0118.png,T2/BCD_r0004_c0118.png,0,masks/BCD_r0004_c0118.png,0.00000000
BCD_r0004_c0119,T1/BCD_r0004_c0119.png,T2/BCD_r0004_c0119.png,0,masks/BCD_r0004_c0119.png,0.00000000
BCD_r0004_c0120,T1/BCD_r0004_c0120.png,T2/BCD_r0004_c0120.png,0,masks/BCD_r0004_c0120.png,0.00000000
BCD_r0004_c0121,T1/BCD_r0004_c0121.png,T2/BCD_r0004_c0121.png,0,masks/BCD_r0004_c0121.png,0.00000000
BCD_r0004_c0122,T1/BCD_r0004_c0122.png,T2/BCD_r0004_c0122.png,0,masks/BCD_r0004_c0122.png,0.00000000
BCD_r0004_c0123,T1/BCD_r0004_c0123.png,T2/BCD_r0004_c0123.png,0,masks/BCD_r0004_c0123.png,0.00000000
BCD_r0004_c0124,T1/BCD_r0004_c0124.png,T2/BCD_r0004_c0124.png,0,masks/BCD_r0004_c0124.png,0.00000000
BCD_r0004_c0125,T1/BCD_r0004_c0125.png,T2/BCD_r0004_c0125.png,0,masks/BCD_r0004_c0125.png,0.00000000
BCD_r0004_c0126,T1/BCD_r0004_c0126.png,T2/BCD_r0004_c0126.png,0,masks/BCD_r0004_c0126.png,0.00000000
BCD_r0004_c0127,T1/BCD_r0004_c0127.png,T2/BCD_r0004_c0127.png,0,masks/BCD_r0004_c0127.png,0.00000000
BCD_r0004_c0128,T1/BCD_r0004_c0128.png,T2/BCD_r0004_c0128.png,0,masks/BCD_r0004_c0128.png,0.00000000
BCD_r0004_c0129,T1/BCD_r0004_c0129.png,T2/BCD_r0004_c0129.png,1,masks/BCD_r0004_c0129.png,0.05600287
BCD_r0004_c0130,T1/BCD_r0004_c0130.png,T2/BCD_r0004_c0130.png,0,masks/BCD_r0004_c0130.png,0.00000000
BCD_r0004_c0131,T1/BCD_r0004_c0131.png,T2/BCD_r0004_c0131.png,0,masks/BCD_r0004_c0131.png,0.00000000
BCD_r0004_c0132,T1/BCD_r0004_c0132.png,T2/BCD_r0004_c0132.png,0,masks/BCD_r0004_c0132.png,0.00000000
BCD_r0004_c0133,T1/BCD_r0004_c0133.png,T2/BCD_r0004_c0133.png,0,masks/BCD_r0004_c0133.png,0.00000000
BCD_r0004_c0134,T1/BCD_r0004_c0134.png,T2/BCD_r0004_c0134.png,0,masks/BCD_r0004_c0134.png,0.00000000
BCD_r0004_c0135,T1/BCD_r0004_c0135.png,T2/BCD_r0004_c0135.png,0,masks/BCD_r0004_c0135.png,0.00000000
BCD_r0004_c0136,T1/BCD_r0004_c0136.png,T2/BCD_r0004_c0136.png,1,masks/BCD_r0004_c0136.png,0.10293766
BCD_r0004_c0137,T1/BCD_r0004_c0137.png,T2/BCD_r0004_c0137.png,1,masks/BCD_r0004_c0137.png,0.08025749
BCD_r0004_c0138,T1/BCD_r0004_c0138.png,T2/BCD_r0004_c0138.png,0,masks/BCD_r0004_c0138.png,0.00000000
BCD_r0004_c0139,T1/BCD_r0004_c0139.png,T2/BCD_r0004_c0139.png,0,masks/BCD_r0004_c0139.png,0.00000000
BCD_r0004_c0140,T1/BCD_r0004_c0140.png,T2/BCD_r0004_c0140.png,0,masks/BCD_r0004_c0140.png,0.00000000
BCD_r0004_c0141,T1/BCD_r0004_c0141.png,T2/BCD_r0004_c0141.png,1,masks/BCD_r0004_c0141.png,0.03742825
BCD_r0004_c0142,T1/BCD_r0004_c0142.png,T2/BCD_r0004_c0142.png,1,masks/BCD_r0004_c0142.png,0.56164302
BCD_r0004_c0143,T1/BCD_r0004_c0143.png,T2/BCD_r0004_c0143.png,1,masks/BCD_r0004_c0143.png,0.05723852
BCD_r0004_c0144,T1/BCD_r0004_c0144.png,T2/BCD_r0004_c0144.png,0,masks/BCD_r0004_c0144.png,0.00000000
BCD_r0005_c0000,T1/BCD_r0005_c0000.png,T2/BCD_r0005_c0000.png,1,masks/BCD_r0005_c0000.png,0.01684072
BCD_r0005_c0001,T1/BCD_r0005_c0001.png,T2/BCD_r0005_c0001.png,0,masks/BCD_r0005_c0001.png,0.00000000
BCD_r0005_c0002,T1/BCD_r0005_c0002.png,T2/BCD_r0005_c0002.png,0,masks/BCD_r0005_c0002.png,0.00000000
BCD_r0005_c0003,T1/BCD_r0005_c0003.png,T2/BCD_r0005_c0003.png,0,masks/BCD_r0005_c0003.png,0.00000000
BCD_r0005_c0004,T1/BCD_r0005_c0004.png,T2/BCD_r0005_c0004.png,0,masks/BCD_r0005_c0004.png,0.00000000
BCD_r0005_c0005,T1/BCD_r0005_c0005.png,T2/BCD_r0005_c0005.png,0,masks/BCD_r0005_c0005.png,0.00000000
BCD_r0005_c0006,T1/BCD_r0005_c0006.png,T2/BCD_r0005_c0006.png,0,masks/BCD_r0005_c0006.png,0.00000000
BCD_r0005_c0007,T1/BCD_r0005_c0007.png,T2/BCD_r0005_c0007.png,0,masks/BCD_r0005_c0007.png,0.00000000
BCD_r0005_c0008,T1/BCD_r0005_c0008.png,T2/BCD_r0005_c0008.png,0,masks/BCD_r0005_c0008.png,0.00000000
BCD_r0005_c0009,T1/BCD_r0005_c0009.png,T2/BCD_r0005_c0009.png,0,masks/BCD_r0005_c0009.png,0.00000000
BCD_r0005_c0010,T1/BCD_r0005_c0010.png,T2/BCD_r0005_c0010.png,0,masks/BCD_r0005_c0010.png,0.00000000
BCD_r0005_c0011,T1/BCD_r0005_c0011.png,T2/BCD_r0005_c0011.png,0,masks/BCD_r0005_c0011.png,0.00000000
BCD_r0005_c0012,T1/BCD_r0005_c0012.png,T2/BCD_r0005_c0012.png,0,masks/BCD_r0005_c0012.png,0.00000000
BCD_r0005_c0013,T1/BCD_r0005_c0013.png,T2/BCD_r0005_c0013.png,0,masks/BCD_r0005_c0013.png,0.00000000
BCD_r0005_c0014,T1/BCD_r0005_c0014.png,T2/BCD_r0005_c0014.png,0,masks/BCD_r0005_c0014.png,0.00000000
BCD_r0005_c0015,T1/BCD_r0005_c0015.png,T2/BCD_r0005_c0015.png,0,masks/BCD_r0005_c0015.png,0.00000000
BCD_r0005_c0016,T1/BCD_r0005_c0016.png,T2/BCD_r0005_c0016.png,0,masks/BCD_r0005_c0016.png,0.00000000
BCD_r0005_c0017,T1/BCD_r0005_c0017.png,T2/BCD_r0005_c0017.png,0,masks/BCD_r0005_c0017.png,0.00000000
BCD_r0005_c0018,T1/BCD_r0005_c0018.png,T2/BCD_r0005_c0018.png,0,masks/BCD_r0005_c0018.png,0.00000000
BCD_r0005_c0019,T1/BCD_r0005_c0019.png,T2/BCD_r0005_c0019.png,0,masks/BCD_r0005_c0019.png,0.00000000
BCD_r0005_c0020,T1/BCD_r0005_c0020.png,T2/BCD_r0005_c0020.png,1,masks/BCD_r0005_c0020.png,0.02022879
BCD_r0005_c0021,T1/BCD_r0005_c0021.png,T2/BCD_r0005_c0021.png,1,masks/BCD_r0005_c0021.png,0.04085619
BCD_r0005_c0022,T1/BCD_r0005_c0022.png,T2/BCD_r0005_c0022.png,1,masks/BCD_r0005_c0022.png,0.00251116
BCD_r0005_c0023,T1/BCD_r0005_c0023.png,T2/BCD_r0005_c0023.png,0,masks/BCD_r0005_c0023.png,0.00000000
BCD_r0005_c0024,T1/BCD_r0005_c0024.png,T2/BCD_r0005_c0024.png,0,masks/BCD_r0005_c0024.png,0.00000000
BCD_r0005_c0025,T1/BCD_r0005_c0025.png,T2/BCD_r0005_c0025.png,0,masks/BCD_r0005_c0025.png,0.00000000
BCD_r0005_c0026,T1/BCD_r0005_c0026.png,T2/BCD_r0005_c0026.png,0,masks/BCD_r0005_c0026.png,0.00000000
BCD_r0005_c0027,T1/BCD_r0005_c0027.png,T2/BCD_r0005_c0027.png,0,masks/BCD_r0005_c0027.png,0.00000000
BCD_r0005_c0028,T1/BCD_r0005_c0028.png,T2/BCD_r0005_c0028.png,0,masks/BCD_r0005_c0028.png,0.00000000
BCD_r0005_c0029,T1/BCD_r0005_c0029.png,T2/BCD_r0005_c0029.png,0,masks/BCD_r0005_c0029.png,0.00000000
BCD_r0005_c0030,T1/BCD_r0005_c0030.png,T2/BCD_r0005_c0030.png,0,masks/BCD_r0005_c0030.png,0.00000000
BCD_r0005_c0031,T1/BCD_r0005_c0031.png,T2/BCD_r0005_c0031.png,0,masks/BCD_r0005_c0031.png,0.00000000
BCD_r0005_c0032,T1/BCD_r0005_c0032.png,T2/BCD_r0005_c0032.png,0,masks/BCD_r0005_c0032.png,0.00000000
BCD_r0005_c0033,T1/BCD_r0005_c0033.png,T2/BCD_r0005_c0033.png,0,masks/BCD_r0005_c0033.png,0.00000000
BCD_r0005_c0034,T1/BCD_r0005_c0034.png,T2/BCD_r0005_c0034.png,0,masks/BCD_r0005_c0034.png,0.00000000
BCD_r0005_c0035,T1/BCD_r0005_c0035.png,T2/BCD_r0005_c0035.png,1,masks/BCD_r0005_c0035.png,0.00067761
BCD_r0005_c0036,T1/BCD_r0005_c0036.png,T2/BCD_r0005_c0036.png,1,masks/BCD_r0005_c0036.png,0.05871333
BCD_r0005_c0037,T1/BCD_r0005_c0037.png,T2/BCD_r0005_c0037.png,0,masks/BCD_r0005_c0037.png,0.00000000
BCD_r0005_c0038,T1/BCD_r0005_c0038.png,T2/BCD_r0005_c0038.png,1,masks/BCD_r0005_c0038.png,0.35437261
BCD_r0005_c0039,T1/BCD_r0005_c0039.png,T2/BCD_r0005_c0039.png,0,masks/BCD_r0005_c0039.png,0.00000000
BCD_r0005_c0040,T1/BCD_r0005_c0040.png,T2/BCD_r0005_c0040.png,0,masks/BCD_r0005_c0040.png,0.00000000
BCD_r0005_c0041,T1/BCD_r0005_c0041.png,T2/BCD_r0005_c0041.png,0,masks/BCD_r0005_c0041.png,0.00000000
BCD_r0005_c0042,T1/BCD_r0005_c0042.png,T2/BCD_r0005_c0042.png,0,masks/BCD_r0005_c0042.png,0.00000000
BCD_r0005_c0043,T1/BCD_r0005_c0043.png,T2/BCD_r0005_c0043.png,1,masks/BCD_r0005_c0043.png,0.02939652
BCD_r0005_c0044,T1/BCD_r0005_c0044.png,T2/BCD_r0005_c0044.png,0,masks/BCD_r0005_c0044.png,0.00000000
BCD_r0005_c0045,T1/BCD_r0005_c0045.png,T2/BCD_r0005_c0045.png,0,masks/BCD_r0005_c0045.png,0.00000000
BCD_r0005_c0046,T1/BCD_r0005_c0046.png,T2/BCD_r0005_c0046.png,0,masks/BCD_r0005_c0046.png,0.00000000
BCD_r0005_c0047,T1/BCD_r0005_c0047.png,T2/BCD_r0005_c0047.png,0,masks/BCD_r0005_c0047.png,0.00000000
BCD_r0005_c0048,T1/BCD_r0005_c0048.png,T2/BCD_r0005_c0048.png,0,masks/BCD_r0005_c0048.png,0.00000000
BCD_r0005_c0049,T1/BCD_r0005_c0049.png,T2/BCD_r0005_c0049.png,1,masks/BCD_r0005_c0049.png,0.00354751
BCD_r0005_c0050,T1/BCD_r0005_c0050.png,T2/BCD_r0005_c0050.png,1,masks/BCD_r0005_c0050.png,0.40696747
BCD_r0005_c0051,T1/BCD_r0005_c0051.png,T2/BCD_r0005_c0051.png,0,masks/BCD_r0005_c0051.png,0.00000000
BCD_r0005_c0052,T1/BCD_r0005_c0052.png,T2/BCD_r0005_c0052.png,0,masks/BCD_r0005_c0052.png,0.00000000
BCD_r0005_c0053,T1/BCD_r0005_c0053.png,T2/BCD_r0005_c0053.png,0,masks/BCD_r0005_c0053.png,0.00000000
BCD_r0005_c0054,T1/BCD_r0005_c0054.png,T2/BCD_r0005_c0054.png,0,masks/BCD_r0005_c0054.png,0.00000000
BCD_r0005_c0055,T1/BCD_r0005_c0055.png,T2/BCD_r0005_c0055.png,0,masks/BCD_r0005_c0055.png,0.00000000
BCD_r0005_c0056,T1/BCD_r0005_c0056.png,T2/BCD_r0005_c0056.png,0,masks/BCD_r0005_c0056.png,0.00000000
BCD_r0005_c0057,T1/BCD_r0005_c0057.png,T2/BCD_r0005_c0057.png,0,masks/BCD_r0005_c0057.png,0.00000000
BCD_r0005_c0058,T1/BCD_r0005_c0058.png,T2/BCD_r0005_c0058.png,0,masks/BCD_r0005_c0058.png,0.00000000
BCD_r0005_c0059,T1/BCD_r0005_c0059.png,T2/BCD_r0005_c0059.png,0,masks/BCD_r0005_c0059.png,0.00000000
BCD_r0005_c0060,T1/BCD_r0005_c0060.png,T2/BCD_r0005_c0060.png,0,masks/BCD_r0005_c0060.png,0.00000000
BCD_r0005_c0061,T1/BCD_r0005_c0061.png,T2/BCD_r0005_c0061.png,0,masks/BCD_r0005_c0061.png,0.00000000
BCD_r0005_c0062,T1/BCD_r0005_c0062.png,T2/BCD_r0005_c0062.png,0,masks/BCD_r0005_c0062.png,0.00000000
BCD_r0005_c0063,T1/BCD_r0005_c0063.png,T2/BCD_r0005_c0063.png,0,masks/BCD_r0005_c0063.png,0.00000000
BCD_r0005_c0064,T1/BCD_r0005_c0064.png,T2/BCD_r0005_c0064.png,0,masks/BCD_r0005_c0064.png,0.00000000
BCD_r0005_c0065,T1/BCD_r0005_c0065.png,T2/BCD_r0005_c0065.png,0,masks/BCD_r0005_c0065.png,0.00000000
BCD_r0005_c0066,T1/BCD_r0005_c0066.png,T2/BCD_r0005_c0066.png,0,masks/BCD_r0005_c0066.png,0.00000000
BCD_r0005_c0067,T1/BCD_r0005_c0067.png,T2/BCD_r0005_c0067.png,1,masks/BCD_r0005_c0067.png,0.26233658
BCD_r0005_c0068,T1/BCD_r0005_c0068.png,T2/BCD_r0005_c0068.png,1,masks/BCD_r0005_c0068.png,0.48393654
BCD_r0005_c0069,T1/BCD_r0005_c0069.png,T2/BCD_r0005_c0069.png,1,masks/BCD_r0005_c0069.png,0.08428332
BCD_r0005_c0070,T1/BCD_r0005_c0070.png,T2/BCD_r0005_c0070.png,0,masks/BCD_r0005_c0070.png,0.00000000
BCD_r0005_c0071,T1/BCD_r0005_c0071.png,T2/BCD_r0005_c0071.png,1,masks/BCD_r0005_c0071.png,0.21839126
BCD_r0005_c0072,T1/BCD_r0005_c0072.png,T2/BCD_r0005_c0072.png,1,masks/BCD_r0005_c0072.png,0.95645328
BCD_r0005_c0073,T1/BCD_r0005_c0073.png,T2/BCD_r0005_c0073.png,1,masks/BCD_r0005_c0073.png,0.40152663
BCD_r0005_c0074,T1/BCD_r0005_c0074.png,T2/BCD_r0005_c0074.png,1,masks/BCD_r0005_c0074.png,0.90780453
BCD_r0005_c0075,T1/BCD_r0005_c0075.png,T2/BCD_r0005_c0075.png,1,masks/BCD_r0005_c0075.png,0.52778221
BCD_r0005_c0076,T1/BCD_r0005_c0076.png,T2/BCD_r0005_c0076.png,1,masks/BCD_r0005_c0076.png,0.14311623
BCD_r0005_c0077,T1/BCD_r0005_c0077.png,T2/BCD_r0005_c0077.png,1,masks/BCD_r0005_c0077.png,0.02172353
BCD_r0005_c0078,T1/BCD_r0005_c0078.png,T2/BCD_r0005_c0078.png,0,masks/BCD_r0005_c0078.png,0.00000000
BCD_r0005_c0079,T1/BCD_r0005_c0079.png,T2/BCD_r0005_c0079.png,1,masks/BCD_r0005_c0079.png,0.01253587
BCD_r0005_c0080,T1/BCD_r0005_c0080.png,T2/BCD_r0005_c0080.png,1,masks/BCD_r0005_c0080.png,0.30153858
BCD_r0005_c0081,T1/BCD_r0005_c0081.png,T2/BCD_r0005_c0081.png,0,masks/BCD_r0005_c0081.png,0.00000000
BCD_r0005_c0082,T1/BCD_r0005_c0082.png,T2/BCD_r0005_c0082.png,0,masks/BCD_r0005_c0082.png,0.00000000
BCD_r0005_c0083,T1/BCD_r0005_c0083.png,T2/BCD_r0005_c0083.png,0,masks/BCD_r0005_c0083.png,0.00000000
BCD_r0005_c0084,T1/BCD_r0005_c0084.png,T2/BCD_r0005_c0084.png,0,masks/BCD_r0005_c0084.png,0.00000000
BCD_r0005_c0085,T1/BCD_r0005_c0085.png,T2/BCD_r0005_c0085.png,0,masks/BCD_r0005_c0085.png,0.00000000
BCD_r0005_c0086,T1/BCD_r0005_c0086.png,T2/BCD_r0005_c0086.png,0,masks/BCD_r0005_c0086.png,0.00000000
BCD_r0005_c0087,T1/BCD_r0005_c0087.png,T2/BCD_r0005_c0087.png,0,masks/BCD_r0005_c0087.png,0.00000000
BCD_r0005_c0088,T1/BCD_r0005_c0088.png,T2/BCD_r0005_c0088.png,1,masks/BCD_r0005_c0088.png,0.39851722
BCD_r0005_c0089,T1/BCD_r0005_c0089.png,T2/BCD_r0005_c0089.png,1,masks/BCD_r0005_c0089.png,0.01684072
BCD_r0005_c0090,T1/BCD_r0005_c0090.png,T2/BCD_r0005_c0090.png,0,masks/BCD_r0005_c0090.png,0.00000000
BCD_r0005_c0091,T1/BCD_r0005_c0091.png,T2/BCD_r0005_c0091.png,1,masks/BCD_r0005_c0091.png,0.33256936
BCD_r0005_c0092,T1/BCD_r0005_c0092.png,T2/BCD_r0005_c0092.png,1,masks/BCD_r0005_c0092.png,0.18022561
BCD_r0005_c0093,T1/BCD_r0005_c0093.png,T2/BCD_r0005_c0093.png,1,masks/BCD_r0005_c0093.png,0.36603157
BCD_r0005_c0094,T1/BCD_r0005_c0094.png,T2/BCD_r0005_c0094.png,1,masks/BCD_r0005_c0094.png,0.01516661
BCD_r0005_c0095,T1/BCD_r0005_c0095.png,T2/BCD_r0005_c0095.png,0,masks/BCD_r0005_c0095.png,0.00000000
BCD_r0005_c0096,T1/BCD_r0005_c0096.png,T2/BCD_r0005_c0096.png,0,masks/BCD_r0005_c0096.png,0.00000000
BCD_r0005_c0097,T1/BCD_r0005_c0097.png,T2/BCD_r0005_c0097.png,0,masks/BCD_r0005_c0097.png,0.00000000
BCD_r0005_c0098,T1/BCD_r0005_c0098.png,T2/BCD_r0005_c0098.png,0,masks/BCD_r0005_c0098.png,0.00000000
BCD_r0005_c0099,T1/BCD_r0005_c0099.png,T2/BCD_r0005_c0099.png,0,masks/BCD_r0005_c0099.png,0.00000000
BCD_r0005_c0100,T1/BCD_r0005_c0100.png,T2/BCD_r0005_c0100.png,0,masks/BCD_r0005_c0100.png,0.00000000
BCD_r0005_c0101,T1/BCD_r0005_c0101.png,T2/BCD_r0005_c0101.png,0,masks/BCD_r0005_c0101.png,0.00000000
BCD_r0005_c0102,T1/BCD_r0005_c0102.png,T2/BCD_r0005_c0102.png,0,masks/BCD_r0005_c0102.png,0.00000000
BCD_r0005_c0103,T1/BCD_r0005_c0103.png,T2/BCD_r0005_c0103.png,0,masks/BCD_r0005_c0103.png,0.00000000
BCD_r0005_c0104,T1/BCD_r0005_c0104.png,T2/BCD_r0005_c0104.png,0,masks/BCD_r0005_c0104.png,0.00000000
BCD_r0005_c0105,T1/BCD_r0005_c0105.png,T2/BCD_r0005_c0105.png,0,masks/BCD_r0005_c0105.png,0.00000000
BCD_r0005_c0106,T1/BCD_r0005_c0106.png,T2/BCD_r0005_c0106.png,0,masks/BCD_r0005_c0106.png,0.00000000
BCD_r0005_c0107,T1/BCD_r0005_c0107.png,T2/BCD_r0005_c0107.png,1,masks/BCD_r0005_c0107.png,0.55046237
BCD_r0005_c0108,T1/BCD_r0005_c0108.png,T2/BCD_r0005_c0108.png,1,masks/BCD_r0005_c0108.png,0.05608259
BCD_r0005_c0109,T1/BCD_r0005_c0109.png,T2/BCD_r0005_c0109.png,1,masks/BCD_r0005_c0109.png,0.41647401
BCD_r0005_c0110,T1/BCD_r0005_c0110.png,T2/BCD_r0005_c0110.png,0,masks/BCD_r0005_c0110.png,0.00000000
BCD_r0005_c0111,T1/BCD_r0005_c0111.png,T2/BCD_r0005_c0111.png,0,masks/BCD_r0005_c0111.png,0.00000000
BCD_r0005_c0112,T1/BCD_r0005_c0112.png,T2/BCD_r0005_c0112.png,0,masks/BCD_r0005_c0112.png,0.00000000
BCD_r0005_c0113,T1/BCD_r0005_c0113.png,T2/BCD_r0005_c0113.png,0,masks/BCD_r0005_c0113.png,0.00000000
BCD_r0005_c0114,T1/BCD_r0005_c0114.png,T2/BCD_r0005_c0114.png,0,masks/BCD_r0005_c0114.png,0.00000000
BCD_r0005_c0115,T1/BCD_r0005_c0115.png,T2/BCD_r0005_c0115.png,0,masks/BCD_r0005_c0115.png,0.00000000
BCD_r0005_c0116,T1/BCD_r0005_c0116.png,T2/BCD_r0005_c0116.png,0,masks/BCD_r0005_c0116.png,0.00000000
BCD_r0005_c0117,T1/BCD_r0005_c0117.png,T2/BCD_r0005_c0117.png,0,masks/BCD_r0005_c0117.png,0.00000000
BCD_r0005_c0118,T1/BCD_r0005_c0118.png,T2/BCD_r0005_c0118.png,0,masks/BCD_r0005_c0118.png,0.00000000
BCD_r0005_c0119,T1/BCD_r0005_c0119.png,T2/BCD_r0005_c0119.png,0,masks/BCD_r0005_c0119.png,0.00000000
BCD_r0005_c0120,T1/BCD_r0005_c0120.png,T2/BCD_r0005_c0120.png,0,masks/BCD_r0005_c0120.png,0.00000000
BCD_r0005_c0121,T1/BCD_r0005_c0121.png,T2/BCD_r0005_c0121.png,0,masks/BCD_r0005_c0121.png,0.00000000
BCD_r0005_c0122,T1/BCD_r0005_c0122.png,T2/BCD_r0005_c0122.png,0,masks/BCD_r0005_c0122.png,0.00000000
BCD_r0005_c0123,T1/BCD_r0005_c0123.png,T2/BCD_r0005_c0123.png,0,masks/BCD_r0005_c0123.png,0.00000000
BCD_r0005_c0124,T1/BCD_r0005_c0124.png,T2/BCD_r0005_c0124.png,0,masks/BCD_r0005_c0124.png,0.00000000
BCD_r0005_c0125,T1/BCD_r0005_c0125.png,T2/BCD_r0005_c0125.png,0,masks/BCD_r0005_c0125.png,0.00000000
BCD_r0005_c0126,T1/BCD_r0005_c0126.png,T2/BCD_r0005_c0126.png,0,masks/BCD_r0005_c0126.png,0.00000000
BCD_r0005_c0127,T1/BCD_r0005_c0127.png,T2/BCD_r0005_c0127.png,0,masks/BCD_r0005_c0127.png,0.00000000
BCD_r0005_c0128,T1/BCD_r0005_c0128.png,T2/BCD_r0005_c0128.png,1,masks/BCD_r0005_c0128.png,0.00189334
BCD_r0005_c0129,T1/BCD_r0005_c0129.png,T2/BCD_r0005_c0129.png,1,masks/BCD_r0005_c0129.png,0.30763712
BCD_r0005_c0130,T1/BCD_r0005_c0130.png,T2/BCD_r0005_c0130.png,1,masks/BCD_r0005_c0130.png,0.10026706
BCD_r0005_c0131,T1/BCD_r0005_c0131.png,T2/BCD_r0005_c0131.png,1,masks/BCD_r0005_c0131.png,0.01422991
BCD_r0005_c0132,T1/BCD_r0005_c0132.png,T2/BCD_r0005_c0132.png,0,masks/BCD_r0005_c0132.png,0.00000000
BCD_r0005_c0133,T1/BCD_r0005_c0133.png,T2/BCD_r0005_c0133.png,0,masks/BCD_r0005_c0133.png,0.00000000
BCD_r0005_c0134,T1/BCD_r0005_c0134.png,T2/BCD_r0005_c0134.png,0,masks/BCD_r0005_c0134.png,0.00000000
BCD_r0005_c0135,T1/BCD_r0005_c0135.png,T2/BCD_r0005_c0135.png,0,masks/BCD_r0005_c0135.png,0.00000000
BCD_r0005_c0136,T1/BCD_r0005_c0136.png,T2/BCD_r0005_c0136.png,0,masks/BCD_r0005_c0136.png,0.00000000
BCD_r0005_c0137,T1/BCD_r0005_c0137.png,T2/BCD_r0005_c0137.png,0,masks/BCD_r0005_c0137.png,0.00000000
BCD_r0005_c0138,T1/BCD_r0005_c0138.png,T2/BCD_r0005_c0138.png,0,masks/BCD_r0005_c0138.png,0.00000000
BCD_r0005_c0139,T1/BCD_r0005_c0139.png,T2/BCD_r0005_c0139.png,0,masks/BCD_r0005_c0139.png,0.00000000
BCD_r0005_c0140,T1/BCD_r0005_c0140.png,T2/BCD_r0005_c0140.png,1,masks/BCD_r0005_c0140.png,0.01789700
BCD_r0005_c0141,T1/BCD_r0005_c0141.png,T2/BCD_r0005_c0141.png,0,masks/BCD_r0005_c0141.png,0.00000000
BCD_r0005_c0142,T1/BCD_r0005_c0142.png,T2/BCD_r0005_c0142.png,0,masks/BCD_r0005_c0142.png,0.00000000
BCD_r0005_c0143,T1/BCD_r0005_c0143.png,T2/BCD_r0005_c0143.png,0,masks/BCD_r0005_c0143.png,0.00000000
BCD_r0005_c0144,T1/BCD_r0005_c0144.png,T2/BCD_r0005_c0144.png,0,masks/BCD_r0005_c0144.png,0.00000000
BCD_r0006_c0000,T1/BCD_r0006_c0000.png,T2/BCD_r0006_c0000.png,1,masks/BCD_r0006_c0000.png,0.04145408
BCD_r0006_c0001,T1/BCD_r0006_c0001.png,T2/BCD_r0006_c0001.png,0,masks/BCD_r0006_c0001.png,0.00000000
BCD_r0006_c0002,T1/BCD_r0006_c0002.png,T2/BCD_r0006_c0002.png,0,masks/BCD_r0006_c0002.png,0.00000000
BCD_r0006_c0003,T1/BCD_r0006_c0003.png,T2/BCD_r0006_c0003.png,0,masks/BCD_r0006_c0003.png,0.00000000
BCD_r0006_c0004,T1/BCD_r0006_c0004.png,T2/BCD_r0006_c0004.png,0,masks/BCD_r0006_c0004.png,0.00000000
BCD_r0006_c0005,T1/BCD_r0006_c0005.png,T2/BCD_r0006_c0005.png,0,masks/BCD_r0006_c0005.png,0.00000000
BCD_r0006_c0006,T1/BCD_r0006_c0006.png,T2/BCD_r0006_c0006.png,0,masks/BCD_r0006_c0006.png,0.00000000
BCD_r0006_c0007,T1/BCD_r0006_c0007.png,T2/BCD_r0006_c0007.png,0,masks/BCD_r0006_c0007.png,0.00000000
BCD_r0006_c0008,T1/BCD_r0006_c0008.png,T2/BCD_r0006_c0008.png,0,masks/BCD_r0006_c0008.png,0.00000000
BCD_r0006_c0009,T1/BCD_r0006_c0009.png,T2/BCD_r0006_c0009.png,1,masks/BCD_r0006_c0009.png,0.01241629
BCD_r0006_c0010,T1/BCD_r0006_c0010.png,T2/BCD_r0006_c0010.png,0,masks/BCD_r0006_c0010.png,0.00000000
BCD_r0006_c0011,T1/BCD_r0006_c0011.png,T2/BCD_r0006_c0011.png,0,masks/BCD_r0006_c0011.png,0.00000000
BCD_r0006_c0012,T1/BCD_r0006_c0012.png,T2/BCD_r0006_c0012.png,0,masks/BCD_r0006_c0012.png,0.00000000
BCD_r0006_c0013,T1/BCD_r0006_c0013.png,T2/BCD_r0006_c0013.png,1,masks/BCD_r0006_c0013.png,0.02714445
BCD_r0006_c0014,T1/BCD_r0006_c0014.png,T2/BCD_r0006_c0014.png,0,masks/BCD_r0006_c0014.png,0.00000000
BCD_r0006_c0015,T1/BCD_r0006_c0015.png,T2/BCD_r0006_c0015.png,0,masks/BCD_r0006_c0015.png,0.00000000
BCD_r0006_c0016,T1/BCD_r0006_c0016.png,T2/BCD_r0006_c0016.png,0,masks/BCD_r0006_c0016.png,0.00000000
BCD_r0006_c0017,T1/BCD_r0006_c0017.png,T2/BCD_r0006_c0017.png,1,masks/BCD_r0006_c0017.png,0.02383610
BCD_r0006_c0018,T1/BCD_r0006_c0018.png,T2/BCD_r0006_c0018.png,0,masks/BCD_r0006_c0018.png,0.00000000
BCD_r0006_c0019,T1/BCD_r0006_c0019.png,T2/BCD_r0006_c0019.png,0,masks/BCD_r0006_c0019.png,0.00000000
BCD_r0006_c0020,T1/BCD_r0006_c0020.png,T2/BCD_r0006_c0020.png,0,masks/BCD_r0006_c0020.png,0.00000000
BCD_r0006_c0021,T1/BCD_r0006_c0021.png,T2/BCD_r0006_c0021.png,0,masks/BCD_r0006_c0021.png,0.00000000
BCD_r0006_c0022,T1/BCD_r0006_c0022.png,T2/BCD_r0006_c0022.png,0,masks/BCD_r0006_c0022.png,0.00000000
BCD_r0006_c0023,T1/BCD_r0006_c0023.png,T2/BCD_r0006_c0023.png,0,masks/BCD_r0006_c0023.png,0.00000000
BCD_r0006_c0024,T1/BCD_r0006_c0024.png,T2/BCD_r0006_c0024.png,0,masks/BCD_r0006_c0024.png,0.00000000
BCD_r0006_c0025,T1/BCD_r0006_c0025.png,T2/BCD_r0006_c0025.png,0,masks/BCD_r0006_c0025.png,0.00000000
BCD_r0006_c0026,T1/BCD_r0006_c0026.png,T2/BCD_r0006_c0026.png,0,masks/BCD_r0006_c0026.png,0.00000000
BCD_r0006_c0027,T1/BCD_r0006_c0027.png,T2/BCD_r0006_c0027.png,0,masks/BCD_r0006_c0027.png,0.00000000
BCD_r0006_c0028,T1/BCD_r0006_c0028.png,T2/BCD_r0006_c0028.png,0,masks/BCD_r0006_c0028.png,0.00000000
BCD_r0006_c0029,T1/BCD_r0006_c0029.png,T2/BCD_r0006_c0029.png,0,masks/BCD_r0006_c0029.png,0.00000000
BCD_r0006_c0030,T1/BCD_r0006_c0030.png,T2/BCD_r0006_c0030.png,1,masks/BCD_r0006_c0030.png,0.19447545
BCD_r0006_c0031,T1/BCD_r0006_c0031.png,T2/BCD_r0006_c0031.png,1,masks/BCD_r0006_c0031.png,0.05275430
BCD_r0006_c0032,T1/BCD_r0006_c0032.png,T2/BCD_r0006_c0032.png,0,masks/BCD_r0006_c0032.png,0.00000000
BCD_r0006_c0033,T1/BCD_r0006_c0033.png,T2/BCD_r0006_c0033.png,0,masks/BCD_r0006_c0033.png,0.00000000
BCD_r0006_c0034,T1/BCD_r0006_c0034.png,T2/BCD_r0006_c0034.png,0,masks/BCD_r0006_c0034.png,0.00000000
BCD_r0006_c0035,T1/BCD_r0006_c0035.png,T2/BCD_r0006_c0035.png,0,masks/BCD_r0006_c0035.png,0.00000000
BCD_r0006_c0036,T1/BCD_r0006_c0036.png,T2/BCD_r0006_c0036.png,1,masks/BCD_r0006_c0036.png,0.11045121
BCD_r0006_c0037,T1/BCD_r0006_c0037.png,T2/BCD_r0006_c0037.png,0,masks/BCD_r0006_c0037.png,0.00000000
BCD_r0006_c0038,T1/BCD_r0006_c0038.png,T2/BCD_r0006_c0038.png,0,masks/BCD_r0006_c0038.png,0.00000000
BCD_r0006_c0039,T1/BCD_r0006_c0039.png,T2/BCD_r0006_c0039.png,0,masks/BCD_r0006_c0039.png,0.00000000
BCD_r0006_c0040,T1/BCD_r0006_c0040.png,T2/BCD_r0006_c0040.png,0,masks/BCD_r0006_c0040.png,0.00000000
BCD_r0006_c0041,T1/BCD_r0006_c0041.png,T2/BCD_r0006_c0041.png,0,masks/BCD_r0006_c0041.png,0.00000000
BCD_r0006_c0042,T1/BCD_r0006_c0042.png,T2/BCD_r0006_c0042.png,0,masks/BCD_r0006_c0042.png,0.00000000
BCD_r0006_c0043,T1/BCD_r0006_c0043.png,T2/BCD_r0006_c0043.png,1,masks/BCD_r0006_c0043.png,0.01120057
BCD_r0006_c0044,T1/BCD_r0006_c0044.png,T2/BCD_r0006_c0044.png,0,masks/BCD_r0006_c0044.png,0.00000000
BCD_r0006_c0045,T1/BCD_r0006_c0045.png,T2/BCD_r0006_c0045.png,0,masks/BCD_r0006_c0045.png,0.00000000
BCD_r0006_c0046,T1/BCD_r0006_c0046.png,T2/BCD_r0006_c0046.png,0,masks/BCD_r0006_c0046.png,0.00000000
BCD_r0006_c0047,T1/BCD_r0006_c0047.png,T2/BCD_r0006_c0047.png,0,masks/BCD_r0006_c0047.png,0.00000000
BCD_r0006_c0048,T1/BCD_r0006_c0048.png,T2/BCD_r0006_c0048.png,0,masks/BCD_r0006_c0048.png,0.00000000
BCD_r0006_c0049,T1/BCD_r0006_c0049.png,T2/BCD_r0006_c0049.png,0,masks/BCD_r0006_c0049.png,0.00000000
BCD_r0006_c0050,T1/BCD_r0006_c0050.png,T2/BCD_r0006_c0050.png,0,masks/BCD_r0006_c0050.png,0.00000000
BCD_r0006_c0051,T1/BCD_r0006_c0051.png,T2/BCD_r0006_c0051.png,0,masks/BCD_r0006_c0051.png,0.00000000
BCD_r0006_c0052,T1/BCD_r0006_c0052.png,T2/BCD_r0006_c0052.png,0,masks/BCD_r0006_c0052.png,0.00000000
BCD_r0006_c0053,T1/BCD_r0006_c0053.png,T2/BCD_r0006_c0053.png,1,masks/BCD_r0006_c0053.png,0.01359216
BCD_r0006_c0054,T1/BCD_r0006_c0054.png,T2/BCD_r0006_c0054.png,0,masks/BCD_r0006_c0054.png,0.00000000
BCD_r0006_c0055,T1/BCD_r0006_c0055.png,T2/BCD_r0006_c0055.png,0,masks/BCD_r0006_c0055.png,0.00000000
BCD_r0006_c0056,T1/BCD_r0006_c0056.png,T2/BCD_r0006_c0056.png,0,masks/BCD_r0006_c0056.png,0.00000000
BCD_r0006_c0057,T1/BCD_r0006_c0057.png,T2/BCD_r0006_c0057.png,0,masks/BCD_r0006_c0057.png,0.00000000
BCD_r0006_c0058,T1/BCD_r0006_c0058.png,T2/BCD_r0006_c0058.png,0,masks/BCD_r0006_c0058.png,0.00000000
BCD_r0006_c0059,T1/BCD_r0006_c0059.png,T2/BCD_r0006_c0059.png,0,masks/BCD_r0006_c0059.png,0.00000000
BCD_r0006_c0060,T1/BCD_r0006_c0060.png,T2/BCD_r0006_c0060.png,0,masks/BCD_r0006_c0060.png,0.00000000
BCD_r0006_c0061,T1/BCD_r0006_c0061.png,T2/BCD_r0006_c0061.png,0,masks/BCD_r0006_c0061.png,0.00000000
BCD_r0006_c0062,T1/BCD_r0006_c0062.png,T2/BCD_r0006_c0062.png,0,masks/BCD_r0006_c0062.png,0.00000000
BCD_r0006_c0063,T1/BCD_r0006_c0063.png,T2/BCD_r0006_c0063.png,0,masks/BCD_r0006_c0063.png,0.00000000
BCD_r0006_c0064,T1/BCD_r0006_c0064.png,T2/BCD_r0006_c0064.png,0,masks/BCD_r0006_c0064.png,0.00000000
BCD_r0006_c0065,T1/BCD_r0006_c0065.png,T2/BCD_r0006_c0065.png,0,masks/BCD_r0006_c0065.png,0.00000000
BCD_r0006_c0066,T1/BCD_r0006_c0066.png,T2/BCD_r0006_c0066.png,0,masks/BCD_r0006_c0066.png,0.00000000
BCD_r0006_c0067,T1/BCD_r0006_c0067.png,T2/BCD_r0006_c0067.png,1,masks/BCD_r0006_c0067.png,0.17721620
BCD_r0006_c0068,T1/BCD_r0006_c0068.png,T2/BCD_r0006_c0068.png,1,masks/BCD_r0006_c0068.png,0.33928571
BCD_r0006_c0069,T1/BCD_r0006_c0069.png,T2/BCD_r0006_c0069.png,1,masks/BCD_r0006_c0069.png,0.06816008
BCD_r0006_c0070,T1/BCD_r0006_c0070.png,T2/BCD_r0006_c0070.png,1,masks/BCD_r0006_c0070.png,0.06357621
BCD_r0006_c0071,T1/BCD_r0006_c0071.png,T2/BCD_r0006_c0071.png,1,masks/BCD_r0006_c0071.png,0.09779576
BCD_r0006_c0072,T1/BCD_r0006_c0072.png,T2/BCD_r0006_c0072.png,1,masks/BCD_r0006_c0072.png,0.41053492
BCD_r0006_c0073,T1/BCD_r0006_c0073.png,T2/BCD_r0006_c0073.png,1,masks/BCD_r0006_c0073.png,0.19977679
BCD_r0006_c0074,T1/BCD_r0006_c0074.png,T2/BCD_r0006_c0074.png,1,masks/BCD_r0006_c0074.png,0.44166534
BCD_r0006_c0075,T1/BCD_r0006_c0075.png,T2/BCD_r0006_c0075.png,1,masks/BCD_r0006_c0075.png,0.45529735
BCD_r0006_c0076,T1/BCD_r0006_c0076.png,T2/BCD_r0006_c0076.png,1,masks/BCD_r0006_c0076.png,0.80861368
BCD_r0006_c0077,T1/BCD_r0006_c0077.png,T2/BCD_r0006_c0077.png,1,masks/BCD_r0006_c0077.png,0.38064015
BCD_r0006_c0078,T1/BCD_r0006_c0078.png,T2/BCD_r0006_c0078.png,0,masks/BCD_r0006_c0078.png,0.00000000
BCD_r0006_c0079,T1/BCD_r0006_c0079.png,T2/BCD_r0006_c0079.png,0,masks/BCD_r0006_c0079.png,0.00000000
BCD_r0006_c0080,T1/BCD_r0006_c0080.png,T2/BCD_r0006_c0080.png,1,masks/BCD_r0006_c0080.png,0.12067522
BCD_r0006_c0081,T1/BCD_r0006_c0081.png,T2/BCD_r0006_c0081.png,0,masks/BCD_r0006_c0081.png,0.00000000
BCD_r0006_c0082,T1/BCD_r0006_c0082.png,T2/BCD_r0006_c0082.png,0,masks/BCD_r0006_c0082.png,0.00000000
BCD_r0006_c0083,T1/BCD_r0006_c0083.png,T2/BCD_r0006_c0083.png,0,masks/BCD_r0006_c0083.png,0.00000000
BCD_r0006_c0084,T1/BCD_r0006_c0084.png,T2/BCD_r0006_c0084.png,0,masks/BCD_r0006_c0084.png,0.00000000
BCD_r0006_c0085,T1/BCD_r0006_c0085.png,T2/BCD_r0006_c0085.png,0,masks/BCD_r0006_c0085.png,0.00000000
BCD_r0006_c0086,T1/BCD_r0006_c0086.png,T2/BCD_r0006_c0086.png,0,masks/BCD_r0006_c0086.png,0.00000000
BCD_r0006_c0087,T1/BCD_r0006_c0087.png,T2/BCD_r0006_c0087.png,0,masks/BCD_r0006_c0087.png,0.00000000
BCD_r0006_c0088,T1/BCD_r0006_c0088.png,T2/BCD_r0006_c0088.png,1,masks/BCD_r0006_c0088.png,0.34305246
BCD_r0006_c0089,T1/BCD_r0006_c0089.png,T2/BCD_r0006_c0089.png,1,masks/BCD_r0006_c0089.png,0.10807956
BCD_r0006_c0090,T1/BCD_r0006_c0090.png,T2/BCD_r0006_c0090.png,0,masks/BCD_r0006_c0090.png,0.00000000
BCD_r0006_c0091,T1/BCD_r0006_c0091.png,T2/BCD_r0006_c0091.png,0,masks/BCD_r0006_c0091.png,0.00000000
BCD_r0006_c0092,T1/BCD_r0006_c0092.png,T2/BCD_r0006_c0092.png,0,masks/BCD_r0006_c0092.png,0.00000000
BCD_r0006_c0093,T1/BCD_r0006_c0093.png,T2/BCD_r0006_c0093.png,1,masks/BCD_r0006_c0093.png,0.25950654
BCD_r0006_c0094,T1/BCD_r0006_c0094.png,T2/BCD_r0006_c0094.png,1,masks/BCD_r0006_c0094.png,0.32230548
BCD_r0006_c0095,T1/BCD_r0006_c0095.png,T2/BCD_r0006_c0095.png,1,masks/BCD_r0006_c0095.png,0.13761559
BCD_r0006_c0096,T1/BCD_r0006_c0096.png,T2/BCD_r0006_c0096.png,0,masks/BCD_r0006_c0096.png,0.00000000
BCD_r0006_c0097,T1/BCD_r0006_c0097.png,T2/BCD_r0006_c0097.png,0,masks/BCD_r0006_c0097.png,0.00000000
BCD_r0006_c0098,T1/BCD_r0006_c0098.png,T2/BCD_r0006_c0098.png,0,masks/BCD_r0006_c0098.png,0.00000000
BCD_r0006_c0099,T1/BCD_r0006_c0099.png,T2/BCD_r0006_c0099.png,0,masks/BCD_r0006_c0099.png,0.00000000
BCD_r0006_c0100,T1/BCD_r0006_c0100.png,T2/BCD_r0006_c0100.png,0,masks/BCD_r0006_c0100.png,0.00000000
BCD_r0006_c0101,T1/BCD_r0006_c0101.png,T2/BCD_r0006_c0101.png,0,masks/BCD_r0006_c0101.png,0.00000000
BCD_r0006_c0102,T1/BCD_r0006_c0102.png,T2/BCD_r0006_c0102.png,0,masks/BCD_r0006_c0102.png,0.00000000
BCD_r0006_c0103,T1/BCD_r0006_c0103.png,T2/BCD_r0006_c0103.png,0,masks/BCD_r0006_c0103.png,0.00000000
BCD_r0006_c0104,T1/BCD_r0006_c0104.png,T2/BCD_r0006_c0104.png,0,masks/BCD_r0006_c0104.png,0.00000000
BCD_r0006_c0105,T1/BCD_r0006_c0105.png,T2/BCD_r0006_c0105.png,0,masks/BCD_r0006_c0105.png,0.00000000
BCD_r0006_c0106,T1/BCD_r0006_c0106.png,T2/BCD_r0006_c0106.png,0,masks/BCD_r0006_c0106.png,0.00000000
BCD_r0006_c0107,T1/BCD_r0006_c0107.png,T2/BCD_r0006_c0107.png,1,masks/BCD_r0006_c0107.png,0.13337054
BCD_r0006_c0108,T1/BCD_r0006_c0108.png,T2/BCD_r0006_c0108.png,1,masks/BCD_r0006_c0108.png,0.03902264
BCD_r0006_c0109,T1/BCD_r0006_c0109.png,T2/BCD_r0006_c0109.png,1,masks/BCD_r0006_c0109.png,0.08023756
BCD_r0006_c0110,T1/BCD_r0006_c0110.png,T2/BCD_r0006_c0110.png,0,masks/BCD_r0006_c0110.png,0.00000000
BCD_r0006_c0111,T1/BCD_r0006_c0111.png,T2/BCD_r0006_c0111.png,0,masks/BCD_r0006_c0111.png,0.00000000
BCD_r0006_c0112,T1/BCD_r0006_c0112.png,T2/BCD_r0006_c0112.png,0,masks/BCD_r0006_c0112.png,0.00000000
BCD_r0006_c0113,T1/BCD_r0006_c0113.png,T2/BCD_r0006_c0113.png,0,masks/BCD_r0006_c0113.png,0.00000000
BCD_r0006_c0114,T1/BCD_r0006_c0114.png,T2/BCD_r0006_c0114.png,0,masks/BCD_r0006_c0114.png,0.00000000
BCD_r0006_c0115,T1/BCD_r0006_c0115.png,T2/BCD_r0006_c0115.png,0,masks/BCD_r0006_c0115.png,0.00000000
BCD_r0006_c0116,T1/BCD_r0006_c0116.png,T2/BCD_r0006_c0116.png,0,masks/BCD_r0006_c0116.png,0.00000000
BCD_r0006_c0117,T1/BCD_r0006_c0117.png,T2/BCD_r0006_c0117.png,0,masks/BCD_r0006_c0117.png,0.00000000
BCD_r0006_c0118,T1/BCD_r0006_c0118.png,T2/BCD_r0006_c0118.png,0,masks/BCD_r0006_c0118.png,0.00000000
BCD_r0006_c0119,T1/BCD_r0006_c0119.png,T2/BCD_r0006_c0119.png,1,masks/BCD_r0006_c0119.png,0.01556521
BCD_r0006_c0120,T1/BCD_r0006_c0120.png,T2/BCD_r0006_c0120.png,0,masks/BCD_r0006_c0120.png,0.00000000
BCD_r0006_c0121,T1/BCD_r0006_c0121.png,T2/BCD_r0006_c0121.png,0,masks/BCD_r0006_c0121.png,0.00000000
BCD_r0006_c0122,T1/BCD_r0006_c0122.png,T2/BCD_r0006_c0122.png,0,masks/BCD_r0006_c0122.png,0.00000000
BCD_r0006_c0123,T1/BCD_r0006_c0123.png,T2/BCD_r0006_c0123.png,1,masks/BCD_r0006_c0123.png,0.03250558
BCD_r0006_c0124,T1/BCD_r0006_c0124.png,T2/BCD_r0006_c0124.png,0,masks/BCD_r0006_c0124.png,0.00000000
BCD_r0006_c0125,T1/BCD_r0006_c0125.png,T2/BCD_r0006_c0125.png,0,masks/BCD_r0006_c0125.png,0.00000000
BCD_r0006_c0126,T1/BCD_r0006_c0126.png,T2/BCD_r0006_c0126.png,0,masks/BCD_r0006_c0126.png,0.00000000
BCD_r0006_c0127,T1/BCD_r0006_c0127.png,T2/BCD_r0006_c0127.png,0,masks/BCD_r0006_c0127.png,0.00000000
BCD_r0006_c0128,T1/BCD_r0006_c0128.png,T2/BCD_r0006_c0128.png,1,masks/BCD_r0006_c0128.png,0.07380022
BCD_r0006_c0129,T1/BCD_r0006_c0129.png,T2/BCD_r0006_c0129.png,1,masks/BCD_r0006_c0129.png,0.42022082
BCD_r0006_c0130,T1/BCD_r0006_c0130.png,T2/BCD_r0006_c0130.png,1,masks/BCD_r0006_c0130.png,0.19710619
BCD_r0006_c0131,T1/BCD_r0006_c0131.png,T2/BCD_r0006_c0131.png,1,masks/BCD_r0006_c0131.png,0.18907446
BCD_r0006_c0132,T1/BCD_r0006_c0132.png,T2/BCD_r0006_c0132.png,0,masks/BCD_r0006_c0132.png,0.00000000
BCD_r0006_c0133,T1/BCD_r0006_c0133.png,T2/BCD_r0006_c0133.png,0,masks/BCD_r0006_c0133.png,0.00000000
BCD_r0006_c0134,T1/BCD_r0006_c0134.png,T2/BCD_r0006_c0134.png,0,masks/BCD_r0006_c0134.png,0.00000000
BCD_r0006_c0135,T1/BCD_r0006_c0135.png,T2/BCD_r0006_c0135.png,0,masks/BCD_r0006_c0135.png,0.00000000
BCD_r0006_c0136,T1/BCD_r0006_c0136.png,T2/BCD_r0006_c0136.png,0,masks/BCD_r0006_c0136.png,0.00000000
BCD_r0006_c0137,T1/BCD_r0006_c0137.png,T2/BCD_r0006_c0137.png,1,masks/BCD_r0006_c0137.png,0.18002631
BCD_r0006_c0138,T1/BCD_r0006_c0138.png,T2/BCD_r0006_c0138.png,0,masks/BCD_r0006_c0138.png,0.00000000
BCD_r0006_c0139,T1/BCD_r0006_c0139.png,T2/BCD_r0006_c0139.png,1,masks/BCD_r0006_c0139.png,0.01933195
BCD_r0006_c0140,T1/BCD_r0006_c0140.png,T2/BCD_r0006_c0140.png,1,masks/BCD_r0006_c0140.png,0.03206712
BCD_r0006_c0141,T1/BCD_r0006_c0141.png,T2/BCD_r0006_c0141.png,0,masks/BCD_r0006_c0141.png,0.00000000
BCD_r0006_c0142,T1/BCD_r0006_c0142.png,T2/BCD_r0006_c0142.png,0,masks/BCD_r0006_c0142.png,0.00000000
BCD_r0006_c0143,T1/BCD_r0006_c0143.png,T2/BCD_r0006_c0143.png,0,masks/BCD_r0006_c0143.png,0.00000000
BCD_r0006_c0144,T1/BCD_r0006_c0144.png,T2/BCD_r0006_c0144.png,0,masks/BCD_r0006_c0144.png,0.00000000
BCD_r0007_c0000,T1/BCD_r0007_c0000.png,T2/BCD_r0007_c0000.png,0,masks/BCD_r0007_c0000.png,0.00000000
BCD_r0007_c0001,T1/BCD_r0007_c0001.png,T2/BCD_r0007_c0001.png,0,masks/BCD_r0007_c0001.png,0.00000000
BCD_r0007_c0002,T1/BCD_r0007_c0002.png,T2/BCD_r0007_c0002.png,0,masks/BCD_r0007_c0002.png,0.00000000
BCD_r0007_c0003,T1/BCD_r0007_c0003.png,T2/BCD_r0007_c0003.png,0,masks/BCD_r0007_c0003.png,0.00000000
BCD_r0007_c0004,T1/BCD_r0007_c0004.png,T2/BCD_r0007_c0004.png,0,masks/BCD_r0007_c0004.png,0.00000000
BCD_r0007_c0005,T1/BCD_r0007_c0005.png,T2/BCD_r0007_c0005.png,0,masks/BCD_r0007_c0005.png,0.00000000
BCD_r0007_c0006,T1/BCD_r0007_c0006.png,T2/BCD_r0007_c0006.png,0,masks/BCD_r0007_c0006.png,0.00000000
BCD_r0007_c0007,T1/BCD_r0007_c0007.png,T2/BCD_r0007_c0007.png,0,masks/BCD_r0007_c0007.png,0.00000000
BCD_r0007_c0008,T1/BCD_r0007_c0008.png,T2/BCD_r0007_c0008.png,0,masks/BCD_r0007_c0008.png,0.00000000
BCD_r0007_c0009,T1/BCD_r0007_c0009.png,T2/BCD_r0007_c0009.png,0,masks/BCD_r0007_c0009.png,0.00000000
BCD_r0007_c0010,T1/BCD_r0007_c0010.png,T2/BCD_r0007_c0010.png,0,masks/BCD_r0007_c0010.png,0.00000000
BCD_r0007_c0011,T1/BCD_r0007_c0011.png,T2/BCD_r0007_c0011.png,0,masks/BCD_r0007_c0011.png,0.00000000
BCD_r0007_c0012,T1/BCD_r0007_c0012.png,T2/BCD_r0007_c0012.png,0,masks/BCD_r0007_c0012.png,0.00000000
BCD_r0007_c0013,T1/BCD_r0007_c0013.png,T2/BCD_r0007_c0013.png,0,masks/BCD_r0007_c0013.png,0.00000000
BCD_r0007_c0014,T1/BCD_r0007_c0014.png,T2/BCD_r0007_c0014.png,0,masks/BCD_r0007_c0014.png,0.00000000
BCD_r0007_c0015,T1/BCD_r0007_c0015.png,T2/BCD_r0007_c0015.png,1,masks/BCD_r0007_c0015.png,0.02252073
BCD_r0007_c0016,T1/BCD_r0007_c0016.png,T2/BCD_r0007_c0016.png,1,masks/BCD_r0007_c0016.png,0.01265545
BCD_r0007_c0017,T1/BCD_r0007_c0017.png,T2/BCD_r0007_c0017.png,1,masks/BCD_r0007_c0017.png,0.00422513
BCD_r0007_c0018,T1/BCD_r0007_c0018.png,T2/BCD_r0007_c0018.png,0,masks/BCD_r0007_c0018.png,0.00000000
BCD_r0007_c0019,T1/BCD_r0007_c0019.png,T2/BCD_r0007_c0019.png,0,masks/BCD_r0007_c0019.png,0.00000000
BCD_r0007_c0020,T1/BCD_r0007_c0020.png,T2/BCD_r0007_c0020.png,0,masks/BCD_r0007_c0020.png,0.00000000
BCD_r0007_c0021,T1/BCD_r0007_c0021.png,T2/BCD_r0007_c0021.png,0,masks/BCD_r0007_c0021.png,0.00000000
BCD_r0007_c0022,T1/BCD_r0007_c0022.png,T2/BCD_r0007_c0022.png,0,masks/BCD_r0007_c0022.png,0.00000000
BCD_r0007_c0023,T1/BCD_r0007_c0023.png,T2/BCD_r0007_c0023.png,0,masks/BCD_r0007_c0023.png,0.00000000
BCD_r0007_c0024,T1/BCD_r0007_c0024.png,T2/BCD_r0007_c0024.png,0,masks/BCD_r0007_c0024.png,0.00000000
BCD_r0007_c0025,T1/BCD_r0007_c0025.png,T2/BCD_r0007_c0025.png,0,masks/BCD_r0007_c0025.png,0.00000000
BCD_r0007_c0026,T1/BCD_r0007_c0026.png,T2/BCD_r0007_c0026.png,0,masks/BCD_r0007_c0026.png,0.00000000
BCD_r0007_c0027,T1/BCD_r0007_c0027.png,T2/BCD_r0007_c0027.png,0,masks/BCD_r0007_c0027.png,0.00000000
BCD_r0007_c0028,T1/BCD_r0007_c0028.png,T2/BCD_r0007_c0028.png,0,masks/BCD_r0007_c0028.png,0.00000000
BCD_r0007_c0029,T1/BCD_r0007_c0029.png,T2/BCD_r0007_c0029.png,1,masks/BCD_r0007_c0029.png,0.15310108
BCD_r0007_c0030,T1/BCD_r0007_c0030.png,T2/BCD_r0007_c0030.png,1,masks/BCD_r0007_c0030.png,0.99711017
BCD_r0007_c0031,T1/BCD_r0007_c0031.png,T2/BCD_r0007_c0031.png,1,masks/BCD_r0007_c0031.png,0.02357701
BCD_r0007_c0032,T1/BCD_r0007_c0032.png,T2/BCD_r0007_c0032.png,0,masks/BCD_r0007_c0032.png,0.00000000
BCD_r0007_c0033,T1/BCD_r0007_c0033.png,T2/BCD_r0007_c0033.png,0,masks/BCD_r0007_c0033.png,0.00000000
BCD_r0007_c0034,T1/BCD_r0007_c0034.png,T2/BCD_r0007_c0034.png,0,masks/BCD_r0007_c0034.png,0.00000000
BCD_r0007_c0035,T1/BCD_r0007_c0035.png,T2/BCD_r0007_c0035.png,0,masks/BCD_r0007_c0035.png,0.00000000
BCD_r0007_c0036,T1/BCD_r0007_c0036.png,T2/BCD_r0007_c0036.png,0,masks/BCD_r0007_c0036.png,0.00000000
BCD_r0007_c0037,T1/BCD_r0007_c0037.png,T2/BCD_r0007_c0037.png,0,masks/BCD_r0007_c0037.png,0.00000000
BCD_r0007_c0038,T1/BCD_r0007_c0038.png,T2/BCD_r0007_c0038.png,0,masks/BCD_r0007_c0038.png,0.00000000
BCD_r0007_c0039,T1/BCD_r0007_c0039.png,T2/BCD_r0007_c0039.png,0,masks/BCD_r0007_c0039.png,0.00000000
BCD_r0007_c0040,T1/BCD_r0007_c0040.png,T2/BCD_r0007_c0040.png,0,masks/BCD_r0007_c0040.png,0.00000000
BCD_r0007_c0041,T1/BCD_r0007_c0041.png,T2/BCD_r0007_c0041.png,0,masks/BCD_r0007_c0041.png,0.00000000
BCD_r0007_c0042,T1/BCD_r0007_c0042.png,T2/BCD_r0007_c0042.png,0,masks/BCD_r0007_c0042.png,0.00000000
BCD_r0007_c0043,T1/BCD_r0007_c0043.png,T2/BCD_r0007_c0043.png,0,masks/BCD_r0007_c0043.png,0.00000000
BCD_r0007_c0044,T1/BCD_r0007_c0044.png,T2/BCD_r0007_c0044.png,0,masks/BCD_r0007_c0044.png,0.00000000
BCD_r0007_c0045,T1/BCD_r0007_c0045.png,T2/BCD_r0007_c0045.png,0,masks/BCD_r0007_c0045.png,0.00000000
BCD_r0007_c0046,T1/BCD_r0007_c0046.png,T2/BCD_r0007_c0046.png,0,masks/BCD_r0007_c0046.png,0.00000000
BCD_r0007_c0047,T1/BCD_r0007_c0047.png,T2/BCD_r0007_c0047.png,0,masks/BCD_r0007_c0047.png,0.00000000
BCD_r0007_c0048,T1/BCD_r0007_c0048.png,T2/BCD_r0007_c0048.png,0,masks/BCD_r0007_c0048.png,0.00000000
BCD_r0007_c0049,T1/BCD_r0007_c0049.png,T2/BCD_r0007_c0049.png,0,masks/BCD_r0007_c0049.png,0.00000000
BCD_r0007_c0050,T1/BCD_r0007_c0050.png,T2/BCD_r0007_c0050.png,0,masks/BCD_r0007_c0050.png,0.00000000
BCD_r0007_c0051,T1/BCD_r0007_c0051.png,T2/BCD_r0007_c0051.png,0,masks/BCD_r0007_c0051.png,0.00000000
BCD_r0007_c0052,T1/BCD_r0007_c0052.png,T2/BCD_r0007_c0052.png,0,masks/BCD_r0007_c0052.png,0.00000000
BCD_r0007_c0053,T1/BCD_r0007_c0053.png,T2/BCD_r0007_c0053.png,0,masks/BCD_r0007_c0053.png,0.00000000
BCD_r0007_c0054,T1/BCD_r0007_c0054.png,T2/BCD_r0007_c0054.png,0,masks/BCD_r0007_c0054.png,0.00000000
BCD_r0007_c0055,T1/BCD_r0007_c0055.png,T2/BCD_r0007_c0055.png,0,masks/BCD_r0007_c0055.png,0.00000000
BCD_r0007_c0056,T1/BCD_r0007_c0056.png,T2/BCD_r0007_c0056.png,0,masks/BCD_r0007_c0056.png,0.00000000
BCD_r0007_c0057,T1/BCD_r0007_c0057.png,T2/BCD_r0007_c0057.png,0,masks/BCD_r0007_c0057.png,0.00000000
BCD_r0007_c0058,T1/BCD_r0007_c0058.png,T2/BCD_r0007_c0058.png,0,masks/BCD_r0007_c0058.png,0.00000000
BCD_r0007_c0059,T1/BCD_r0007_c0059.png,T2/BCD_r0007_c0059.png,0,masks/BCD_r0007_c0059.png,0.00000000
BCD_r0007_c0060,T1/BCD_r0007_c0060.png,T2/BCD_r0007_c0060.png,0,masks/BCD_r0007_c0060.png,0.00000000
BCD_r0007_c0061,T1/BCD_r0007_c0061.png,T2/BCD_r0007_c0061.png,0,masks/BCD_r0007_c0061.png,0.00000000
BCD_r0007_c0062,T1/BCD_r0007_c0062.png,T2/BCD_r0007_c0062.png,0,masks/BCD_r0007_c0062.png,0.00000000
BCD_r0007_c0063,T1/BCD_r0007_c0063.png,T2/BCD_r0007_c0063.png,1,masks/BCD_r0007_c0063.png,0.05271445
BCD_r0007_c0064,T1/BCD_r0007_c0064.png,T2/BCD_r0007_c0064.png,0,masks/BCD_r0007_c0064.png,0.00000000
BCD_r0007_c0065,T1/BCD_r0007_c0065.png,T2/BCD_r0007_c0065.png,0,masks/BCD_r0007_c0065.png,0.00000000
BCD_r0007_c0066,T1/BCD_r0007_c0066.png,T2/BCD_r0007_c0066.png,0,masks/BCD_r0007_c0066.png,0.00000000
BCD_r0007_c0067,T1/BCD_r0007_c0067.png,T2/BCD_r0007_c0067.png,0,masks/BCD_r0007_c0067.png,0.00000000
BCD_r0007_c0068,T1/BCD_r0007_c0068.png,T2/BCD_r0007_c0068.png,1,masks/BCD_r0007_c0068.png,0.17097816
BCD_r0007_c0069,T1/BCD_r0007_c0069.png,T2/BCD_r0007_c0069.png,1,masks/BCD_r0007_c0069.png,0.42440609
BCD_r0007_c0070,T1/BCD_r0007_c0070.png,T2/BCD_r0007_c0070.png,1,masks/BCD_r0007_c0070.png,0.98678651
BCD_r0007_c0071,T1/BCD_r0007_c0071.png,T2/BCD_r0007_c0071.png,1,masks/BCD_r0007_c0071.png,0.78505660
BCD_r0007_c0072,T1/BCD_r0007_c0072.png,T2/BCD_r0007_c0072.png,1,masks/BCD_r0007_c0072.png,0.00047832
BCD_r0007_c0073,T1/BCD_r0007_c0073.png,T2/BCD_r0007_c0073.png,1,masks/BCD_r0007_c0073.png,0.63785475
BCD_r0007_c0074,T1/BCD_r0007_c0074.png,T2/BCD_r0007_c0074.png,1,masks/BCD_r0007_c0074.png,0.25442443
BCD_r0007_c0075,T1/BCD_r0007_c0075.png,T2/BCD_r0007_c0075.png,1,masks/BCD_r0007_c0075.png,0.28174825
BCD_r0007_c0076,T1/BCD_r0007_c0076.png,T2/BCD_r0007_c0076.png,1,masks/BCD_r0007_c0076.png,0.36479592
BCD_r0007_c0077,T1/BCD_r0007_c0077.png,T2/BCD_r0007_c0077.png,1,masks/BCD_r0007_c0077.png,0.13376913
BCD_r0007_c0078,T1/BCD_r0007_c0078.png,T2/BCD_r0007_c0078.png,1,masks/BCD_r0007_c0078.png,0.01231665
BCD_r0007_c0079,T1/BCD_r0007_c0079.png,T2/BCD_r0007_c0079.png,0,masks/BCD_r0007_c0079.png,0.00000000
BCD_r0007_c0080,T1/BCD_r0007_c0080.png,T2/BCD_r0007_c0080.png,0,masks/BCD_r0007_c0080.png,0.00000000
BCD_r0007_c0081,T1/BCD_r0007_c0081.png,T2/BCD_r0007_c0081.png,1,masks/BCD_r0007_c0081.png,0.02254066
BCD_r0007_c0082,T1/BCD_r0007_c0082.png,T2/BCD_r0007_c0082.png,0,masks/BCD_r0007_c0082.png,0.00000000
BCD_r0007_c0083,T1/BCD_r0007_c0083.png,T2/BCD_r0007_c0083.png,0,masks/BCD_r0007_c0083.png,0.00000000
BCD_r0007_c0084,T1/BCD_r0007_c0084.png,T2/BCD_r0007_c0084.png,0,masks/BCD_r0007_c0084.png,0.00000000
BCD_r0007_c0085,T1/BCD_r0007_c0085.png,T2/BCD_r0007_c0085.png,0,masks/BCD_r0007_c0085.png,0.00000000
BCD_r0007_c0086,T1/BCD_r0007_c0086.png,T2/BCD_r0007_c0086.png,0,masks/BCD_r0007_c0086.png,0.00000000
BCD_r0007_c0087,T1/BCD_r0007_c0087.png,T2/BCD_r0007_c0087.png,1,masks/BCD_r0007_c0087.png,0.02547034
BCD_r0007_c0088,T1/BCD_r0007_c0088.png,T2/BCD_r0007_c0088.png,0,masks/BCD_r0007_c0088.png,0.00000000
BCD_r0007_c0089,T1/BCD_r0007_c0089.png,T2/BCD_r0007_c0089.png,0,masks/BCD_r0007_c0089.png,0.00000000
BCD_r0007_c0090,T1/BCD_r0007_c0090.png,T2/BCD_r0007_c0090.png,0,masks/BCD_r0007_c0090.png,0.00000000
BCD_r0007_c0091,T1/BCD_r0007_c0091.png,T2/BCD_r0007_c0091.png,0,masks/BCD_r0007_c0091.png,0.00000000
BCD_r0007_c0092,T1/BCD_r0007_c0092.png,T2/BCD_r0007_c0092.png,0,masks/BCD_r0007_c0092.png,0.00000000
BCD_r0007_c0093,T1/BCD_r0007_c0093.png,T2/BCD_r0007_c0093.png,1,masks/BCD_r0007_c0093.png,0.57846381
BCD_r0007_c0094,T1/BCD_r0007_c0094.png,T2/BCD_r0007_c0094.png,1,masks/BCD_r0007_c0094.png,0.73070791
BCD_r0007_c0095,T1/BCD_r0007_c0095.png,T2/BCD_r0007_c0095.png,1,masks/BCD_r0007_c0095.png,0.32904177
BCD_r0007_c0096,T1/BCD_r0007_c0096.png,T2/BCD_r0007_c0096.png,0,masks/BCD_r0007_c0096.png,0.00000000
BCD_r0007_c0097,T1/BCD_r0007_c0097.png,T2/BCD_r0007_c0097.png,0,masks/BCD_r0007_c0097.png,0.00000000
BCD_r0007_c0098,T1/BCD_r0007_c0098.png,T2/BCD_r0007_c0098.png,0,masks/BCD_r0007_c0098.png,0.00000000
BCD_r0007_c0099,T1/BCD_r0007_c0099.png,T2/BCD_r0007_c0099.png,0,masks/BCD_r0007_c0099.png,0.00000000
BCD_r0007_c0100,T1/BCD_r0007_c0100.png,T2/BCD_r0007_c0100.png,0,masks/BCD_r0007_c0100.png,0.00000000
BCD_r0007_c0101,T1/BCD_r0007_c0101.png,T2/BCD_r0007_c0101.png,0,masks/BCD_r0007_c0101.png,0.00000000
BCD_r0007_c0102,T1/BCD_r0007_c0102.png,T2/BCD_r0007_c0102.png,0,masks/BCD_r0007_c0102.png,0.00000000
BCD_r0007_c0103,T1/BCD_r0007_c0103.png,T2/BCD_r0007_c0103.png,0,masks/BCD_r0007_c0103.png,0.00000000
BCD_r0007_c0104,T1/BCD_r0007_c0104.png,T2/BCD_r0007_c0104.png,0,masks/BCD_r0007_c0104.png,0.00000000
BCD_r0007_c0105,T1/BCD_r0007_c0105.png,T2/BCD_r0007_c0105.png,0,masks/BCD_r0007_c0105.png,0.00000000
BCD_r0007_c0106,T1/BCD_r0007_c0106.png,T2/BCD_r0007_c0106.png,0,masks/BCD_r0007_c0106.png,0.00000000
BCD_r0007_c0107,T1/BCD_r0007_c0107.png,T2/BCD_r0007_c0107.png,0,masks/BCD_r0007_c0107.png,0.00000000
BCD_r0007_c0108,T1/BCD_r0007_c0108.png,T2/BCD_r0007_c0108.png,1,masks/BCD_r0007_c0108.png,0.06829959
BCD_r0007_c0109,T1/BCD_r0007_c0109.png,T2/BCD_r0007_c0109.png,1,masks/BCD_r0007_c0109.png,0.08555883
BCD_r0007_c0110,T1/BCD_r0007_c0110.png,T2/BCD_r0007_c0110.png,0,masks/BCD_r0007_c0110.png,0.00000000
BCD_r0007_c0111,T1/BCD_r0007_c0111.png,T2/BCD_r0007_c0111.png,0,masks/BCD_r0007_c0111.png,0.00000000
BCD_r0007_c0112,T1/BCD_r0007_c0112.png,T2/BCD_r0007_c0112.png,0,masks/BCD_r0007_c0112.png,0.00000000
BCD_r0007_c0113,T1/BCD_r0007_c0113.png,T2/BCD_r0007_c0113.png,0,masks/BCD_r0007_c0113.png,0.00000000
BCD_r0007_c0114,T1/BCD_r0007_c0114.png,T2/BCD_r0007_c0114.png,0,masks/BCD_r0007_c0114.png,0.00000000
BCD_r0007_c0115,T1/BCD_r0007_c0115.png,T2/BCD_r0007_c0115.png,0,masks/BCD_r0007_c0115.png,0.00000000
BCD_r0007_c0116,T1/BCD_r0007_c0116.png,T2/BCD_r0007_c0116.png,0,masks/BCD_r0007_c0116.png,0.00000000
BCD_r0007_c0117,T1/BCD_r0007_c0117.png,T2/BCD_r0007_c0117.png,0,masks/BCD_r0007_c0117.png,0.00000000
BCD_r0007_c0118,T1/BCD_r0007_c0118.png,T2/BCD_r0007_c0118.png,0,masks/BCD_r0007_c0118.png,0.00000000
BCD_r0007_c0119,T1/BCD_r0007_c0119.png,T2/BCD_r0007_c0119.png,0,masks/BCD_r0007_c0119.png,0.00000000
BCD_r0007_c0120,T1/BCD_r0007_c0120.png,T2/BCD_r0007_c0120.png,0,masks/BCD_r0007_c0120.png,0.00000000
BCD_r0007_c0121,T1/BCD_r0007_c0121.png,T2/BCD_r0007_c0121.png,0,masks/BCD_r0007_c0121.png,0.00000000
BCD_r0007_c0122,T1/BCD_r0007_c0122.png,T2/BCD_r0007_c0122.png,0,masks/BCD_r0007_c0122.png,0.00000000
BCD_r0007_c0123,T1/BCD_r0007_c0123.png,T2/BCD_r0007_c0123.png,0,masks/BCD_r0007_c0123.png,0.00000000
BCD_r0007_c0124,T1/BCD_r0007_c0124.png,T2/BCD_r0007_c0124.png,0,masks/BCD_r0007_c0124.png,0.00000000
BCD_r0007_c0125,T1/BCD_r0007_c0125.png,T2/BCD_r0007_c0125.png,1,masks/BCD_r0007_c0125.png,0.03384088
BCD_r0007_c0126,T1/BCD_r0007_c0126.png,T2/BCD_r0007_c0126.png,1,masks/BCD_r0007_c0126.png,0.01560507
BCD_r0007_c0127,T1/BCD_r0007_c0127.png,T2/BCD_r0007_c0127.png,0,masks/BCD_r0007_c0127.png,0.00000000
BCD_r0007_c0128,T1/BCD_r0007_c0128.png,T2/BCD_r0007_c0128.png,0,masks/BCD_r0007_c0128.png,0.00000000
BCD_r0007_c0129,T1/BCD_r0007_c0129.png,T2/BCD_r0007_c0129.png,0,masks/BCD_r0007_c0129.png,0.00000000
BCD_r0007_c0130,T1/BCD_r0007_c0130.png,T2/BCD_r0007_c0130.png,1,masks/BCD_r0007_c0130.png,0.01705995
BCD_r0007_c0131,T1/BCD_r0007_c0131.png,T2/BCD_r0007_c0131.png,0,masks/BCD_r0007_c0131.png,0.00000000
BCD_r0007_c0132,T1/BCD_r0007_c0132.png,T2/BCD_r0007_c0132.png,0,masks/BCD_r0007_c0132.png,0.00000000
BCD_r0007_c0133,T1/BCD_r0007_c0133.png,T2/BCD_r0007_c0133.png,0,masks/BCD_r0007_c0133.png,0.00000000
BCD_r0007_c0134,T1/BCD_r0007_c0134.png,T2/BCD_r0007_c0134.png,0,masks/BCD_r0007_c0134.png,0.00000000
BCD_r0007_c0135,T1/BCD_r0007_c0135.png,T2/BCD_r0007_c0135.png,0,masks/BCD_r0007_c0135.png,0.00000000
BCD_r0007_c0136,T1/BCD_r0007_c0136.png,T2/BCD_r0007_c0136.png,0,masks/BCD_r0007_c0136.png,0.00000000
BCD_r0007_c0137,T1/BCD_r0007_c0137.png,T2/BCD_r0007_c0137.png,0,masks/BCD_r0007_c0137.png,0.00000000
BCD_r0007_c0138,T1/BCD_r0007_c0138.png,T2/BCD_r0007_c0138.png,0,masks/BCD_r0007_c0138.png,0.00000000
BCD_r0007_c0139,T1/BCD_r0007_c0139.png,T2/BCD_r0007_c0139.png,1,masks/BCD_r0007_c0139.png,0.05271445
BCD_r0007_c0140,T1/BCD_r0007_c0140.png,T2/BCD_r0007_c0140.png,0,masks/BCD_r0007_c0140.png,0.00000000
BCD_r0007_c0141,T1/BCD_r0007_c0141.png,T2/BCD_r0007_c0141.png,0,masks/BCD_r0007_c0141.png,0.00000000
BCD_r0007_c0142,T1/BCD_r0007_c0142.png,T2/BCD_r0007_c0142.png,0,masks/BCD_r0007_c0142.png,0.00000000
BCD_r0007_c0143,T1/BCD_r0007_c0143.png,T2/BCD_r0007_c0143.png,0,masks/BCD_r0007_c0143.png,0.00000000
BCD_r0007_c0144,T1/BCD_r0007_c0144.png,T2/BCD_r0007_c0144.png,0,masks/BCD_r0007_c0144.png,0.00000000
BCD_r0008_c0000,T1/BCD_r0008_c0000.png,T2/BCD_r0008_c0000.png,1,masks/BCD_r0008_c0000.png,0.01102121
BCD_r0008_c0001,T1/BCD_r0008_c0001.png,T2/BCD_r0008_c0001.png,0,masks/BCD_r0008_c0001.png,0.00000000
BCD_r0008_c0002,T1/BCD_r0008_c0002.png,T2/BCD_r0008_c0002.png,0,masks/BCD_r0008_c0002.png,0.00000000
BCD_r0008_c0003,T1/BCD_r0008_c0003.png,T2/BCD_r0008_c0003.png,0,masks/BCD_r0008_c0003.png,0.00000000
BCD_r0008_c0004,T1/BCD_r0008_c0004.png,T2/BCD_r0008_c0004.png,1,masks/BCD_r0008_c0004.png,0.01303412
BCD_r0008_c0005,T1/BCD_r0008_c0005.png,T2/BCD_r0008_c0005.png,0,masks/BCD_r0008_c0005.png,0.00000000
BCD_r0008_c0006,T1/BCD_r0008_c0006.png,T2/BCD_r0008_c0006.png,0,masks/BCD_r0008_c0006.png,0.00000000
BCD_r0008_c0007,T1/BCD_r0008_c0007.png,T2/BCD_r0008_c0007.png,0,masks/BCD_r0008_c0007.png,0.00000000
BCD_r0008_c0008,T1/BCD_r0008_c0008.png,T2/BCD_r0008_c0008.png,0,masks/BCD_r0008_c0008.png,0.00000000
BCD_r0008_c0009,T1/BCD_r0008_c0009.png,T2/BCD_r0008_c0009.png,0,masks/BCD_r0008_c0009.png,0.00000000
BCD_r0008_c0010,T1/BCD_r0008_c0010.png,T2/BCD_r0008_c0010.png,0,masks/BCD_r0008_c0010.png,0.00000000
BCD_r0008_c0011,T1/BCD_r0008_c0011.png,T2/BCD_r0008_c0011.png,0,masks/BCD_r0008_c0011.png,0.00000000
BCD_r0008_c0012,T1/BCD_r0008_c0012.png,T2/BCD_r0008_c0012.png,0,masks/BCD_r0008_c0012.png,0.00000000
BCD_r0008_c0013,T1/BCD_r0008_c0013.png,T2/BCD_r0008_c0013.png,0,masks/BCD_r0008_c0013.png,0.00000000
BCD_r0008_c0014,T1/BCD_r0008_c0014.png,T2/BCD_r0008_c0014.png,0,masks/BCD_r0008_c0014.png,0.00000000
BCD_r0008_c0015,T1/BCD_r0008_c0015.png,T2/BCD_r0008_c0015.png,0,masks/BCD_r0008_c0015.png,0.00000000
BCD_r0008_c0016,T1/BCD_r0008_c0016.png,T2/BCD_r0008_c0016.png,0,masks/BCD_r0008_c0016.png,0.00000000
BCD_r0008_c0017,T1/BCD_r0008_c0017.png,T2/BCD_r0008_c0017.png,0,masks/BCD_r0008_c0017.png,0.00000000
BCD_r0008_c0018,T1/BCD_r0008_c0018.png,T2/BCD_r0008_c0018.png,0,masks/BCD_r0008_c0018.png,0.00000000
BCD_r0008_c0019,T1/BCD_r0008_c0019.png,T2/BCD_r0008_c0019.png,0,masks/BCD_r0008_c0019.png,0.00000000
BCD_r0008_c0020,T1/BCD_r0008_c0020.png,T2/BCD_r0008_c0020.png,0,masks/BCD_r0008_c0020.png,0.00000000
BCD_r0008_c0021,T1/BCD_r0008_c0021.png,T2/BCD_r0008_c0021.png,0,masks/BCD_r0008_c0021.png,0.00000000
BCD_r0008_c0022,T1/BCD_r0008_c0022.png,T2/BCD_r0008_c0022.png,0,masks/BCD_r0008_c0022.png,0.00000000
BCD_r0008_c0023,T1/BCD_r0008_c0023.png,T2/BCD_r0008_c0023.png,0,masks/BCD_r0008_c0023.png,0.00000000
BCD_r0008_c0024,T1/BCD_r0008_c0024.png,T2/BCD_r0008_c0024.png,0,masks/BCD_r0008_c0024.png,0.00000000
BCD_r0008_c0025,T1/BCD_r0008_c0025.png,T2/BCD_r0008_c0025.png,0,masks/BCD_r0008_c0025.png,0.00000000
BCD_r0008_c0026,T1/BCD_r0008_c0026.png,T2/BCD_r0008_c0026.png,0,masks/BCD_r0008_c0026.png,0.00000000
BCD_r0008_c0027,T1/BCD_r0008_c0027.png,T2/BCD_r0008_c0027.png,0,masks/BCD_r0008_c0027.png,0.00000000
BCD_r0008_c0028,T1/BCD_r0008_c0028.png,T2/BCD_r0008_c0028.png,0,masks/BCD_r0008_c0028.png,0.00000000
BCD_r0008_c0029,T1/BCD_r0008_c0029.png,T2/BCD_r0008_c0029.png,1,masks/BCD_r0008_c0029.png,0.13347018
BCD_r0008_c0030,T1/BCD_r0008_c0030.png,T2/BCD_r0008_c0030.png,1,masks/BCD_r0008_c0030.png,0.75745376
BCD_r0008_c0031,T1/BCD_r0008_c0031.png,T2/BCD_r0008_c0031.png,1,masks/BCD_r0008_c0031.png,0.02303890
BCD_r0008_c0032,T1/BCD_r0008_c0032.png,T2/BCD_r0008_c0032.png,0,masks/BCD_r0008_c0032.png,0.00000000
BCD_r0008_c0033,T1/BCD_r0008_c0033.png,T2/BCD_r0008_c0033.png,0,masks/BCD_r0008_c0033.png,0.00000000
BCD_r0008_c0034,T1/BCD_r0008_c0034.png,T2/BCD_r0008_c0034.png,0,masks/BCD_r0008_c0034.png,0.00000000
BCD_r0008_c0035,T1/BCD_r0008_c0035.png,T2/BCD_r0008_c0035.png,0,masks/BCD_r0008_c0035.png,0.00000000
BCD_r0008_c0036,T1/BCD_r0008_c0036.png,T2/BCD_r0008_c0036.png,0,masks/BCD_r0008_c0036.png,0.00000000
BCD_r0008_c0037,T1/BCD_r0008_c0037.png,T2/BCD_r0008_c0037.png,0,masks/BCD_r0008_c0037.png,0.00000000
BCD_r0008_c0038,T1/BCD_r0008_c0038.png,T2/BCD_r0008_c0038.png,0,masks/BCD_r0008_c0038.png,0.00000000
BCD_r0008_c0039,T1/BCD_r0008_c0039.png,T2/BCD_r0008_c0039.png,0,masks/BCD_r0008_c0039.png,0.00000000
BCD_r0008_c0040,T1/BCD_r0008_c0040.png,T2/BCD_r0008_c0040.png,0,masks/BCD_r0008_c0040.png,0.00000000
BCD_r0008_c0041,T1/BCD_r0008_c0041.png,T2/BCD_r0008_c0041.png,0,masks/BCD_r0008_c0041.png,0.00000000
BCD_r0008_c0042,T1/BCD_r0008_c0042.png,T2/BCD_r0008_c0042.png,0,masks/BCD_r0008_c0042.png,0.00000000
BCD_r0008_c0043,T1/BCD_r0008_c0043.png,T2/BCD_r0008_c0043.png,0,masks/BCD_r0008_c0043.png,0.00000000
BCD_r0008_c0044,T1/BCD_r0008_c0044.png,T2/BCD_r0008_c0044.png,0,masks/BCD_r0008_c0044.png,0.00000000
BCD_r0008_c0045,T1/BCD_r0008_c0045.png,T2/BCD_r0008_c0045.png,0,masks/BCD_r0008_c0045.png,0.00000000
BCD_r0008_c0046,T1/BCD_r0008_c0046.png,T2/BCD_r0008_c0046.png,0,masks/BCD_r0008_c0046.png,0.00000000
BCD_r0008_c0047,T1/BCD_r0008_c0047.png,T2/BCD_r0008_c0047.png,1,masks/BCD_r0008_c0047.png,0.22425064
BCD_r0008_c0048,T1/BCD_r0008_c0048.png,T2/BCD_r0008_c0048.png,0,masks/BCD_r0008_c0048.png,0.00000000
BCD_r0008_c0049,T1/BCD_r0008_c0049.png,T2/BCD_r0008_c0049.png,0,masks/BCD_r0008_c0049.png,0.00000000
BCD_r0008_c0050,T1/BCD_r0008_c0050.png,T2/BCD_r0008_c0050.png,0,masks/BCD_r0008_c0050.png,0.00000000
BCD_r0008_c0051,T1/BCD_r0008_c0051.png,T2/BCD_r0008_c0051.png,0,masks/BCD_r0008_c0051.png,0.00000000
BCD_r0008_c0052,T1/BCD_r0008_c0052.png,T2/BCD_r0008_c0052.png,0,masks/BCD_r0008_c0052.png,0.00000000
BCD_r0008_c0053,T1/BCD_r0008_c0053.png,T2/BCD_r0008_c0053.png,0,masks/BCD_r0008_c0053.png,0.00000000
BCD_r0008_c0054,T1/BCD_r0008_c0054.png,T2/BCD_r0008_c0054.png,0,masks/BCD_r0008_c0054.png,0.00000000
BCD_r0008_c0055,T1/BCD_r0008_c0055.png,T2/BCD_r0008_c0055.png,0,masks/BCD_r0008_c0055.png,0.00000000
BCD_r0008_c0056,T1/BCD_r0008_c0056.png,T2/BCD_r0008_c0056.png,0,masks/BCD_r0008_c0056.png,0.00000000
BCD_r0008_c0057,T1/BCD_r0008_c0057.png,T2/BCD_r0008_c0057.png,0,masks/BCD_r0008_c0057.png,0.00000000
BCD_r0008_c0058,T1/BCD_r0008_c0058.png,T2/BCD_r0008_c0058.png,0,masks/BCD_r0008_c0058.png,0.00000000
BCD_r0008_c0059,T1/BCD_r0008_c0059.png,T2/BCD_r0008_c0059.png,0,masks/BCD_r0008_c0059.png,0.00000000
BCD_r0008_c0060,T1/BCD_r0008_c0060.png,T2/BCD_r0008_c0060.png,0,masks/BCD_r0008_c0060.png,0.00000000
BCD_r0008_c0061,T1/BCD_r0008_c0061.png,T2/BCD_r0008_c0061.png,0,masks/BCD_r0008_c0061.png,0.00000000
BCD_r0008_c0062,T1/BCD_r0008_c0062.png,T2/BCD_r0008_c0062.png,0,masks/BCD_r0008_c0062.png,0.00000000
BCD_r0008_c0063,T1/BCD_r0008_c0063.png,T2/BCD_r0008_c0063.png,0,masks/BCD_r0008_c0063.png,0.00000000
BCD_r0008_c0064,T1/BCD_r0008_c0064.png,T2/BCD_r0008_c0064.png,0,masks/BCD_r0008_c0064.png,0.00000000
BCD_r0008_c0065,T1/BCD_r0008_c0065.png,T2/BCD_r0008_c0065.png,0,masks/BCD_r0008_c0065.png,0.00000000
BCD_r0008_c0066,T1/BCD_r0008_c0066.png,T2/BCD_r0008_c0066.png,0,masks/BCD_r0008_c0066.png,0.00000000
BCD_r0008_c0067,T1/BCD_r0008_c0067.png,T2/BCD_r0008_c0067.png,0,masks/BCD_r0008_c0067.png,0.00000000
BCD_r0008_c0068,T1/BCD_r0008_c0068.png,T2/BCD_r0008_c0068.png,1,masks/BCD_r0008_c0068.png,0.42639908
BCD_r0008_c0069,T1/BCD_r0008_c0069.png,T2/BCD_r0008_c0069.png,1,masks/BCD_r0008_c0069.png,0.74292490
BCD_r0008_c0070,T1/BCD_r0008_c0070.png,T2/BCD_r0008_c0070.png,1,masks/BCD_r0008_c0070.png,0.88825335
BCD_r0008_c0071,T1/BCD_r0008_c0071.png,T2/BCD_r0008_c0071.png,1,masks/BCD_r0008_c0071.png,0.74994021
BCD_r0008_c0072,T1/BCD_r0008_c0072.png,T2/BCD_r0008_c0072.png,0,masks/BCD_r0008_c0072.png,0.00000000
BCD_r0008_c0073,T1/BCD_r0008_c0073.png,T2/BCD_r0008_c0073.png,1,masks/BCD_r0008_c0073.png,0.51869420
BCD_r0008_c0074,T1/BCD_r0008_c0074.png,T2/BCD_r0008_c0074.png,1,masks/BCD_r0008_c0074.png,0.31646604
BCD_r0008_c0075,T1/BCD_r0008_c0075.png,T2/BCD_r0008_c0075.png,1,masks/BCD_r0008_c0075.png,0.32778619
BCD_r0008_c0076,T1/BCD_r0008_c0076.png,T2/BCD_r0008_c0076.png,1,masks/BCD_r0008_c0076.png,0.32254464
BCD_r0008_c0077,T1/BCD_r0008_c0077.png,T2/BCD_r0008_c0077.png,1,masks/BCD_r0008_c0077.png,0.14022640
BCD_r0008_c0078,T1/BCD_r0008_c0078.png,T2/BCD_r0008_c0078.png,0,masks/BCD_r0008_c0078.png,0.00000000
BCD_r0008_c0079,T1/BCD_r0008_c0079.png,T2/BCD_r0008_c0079.png,0,masks/BCD_r0008_c0079.png,0.00000000
BCD_r0008_c0080,T1/BCD_r0008_c0080.png,T2/BCD_r0008_c0080.png,0,masks/BCD_r0008_c0080.png,0.00000000
BCD_r0008_c0081,T1/BCD_r0008_c0081.png,T2/BCD_r0008_c0081.png,0,masks/BCD_r0008_c0081.png,0.00000000
BCD_r0008_c0082,T1/BCD_r0008_c0082.png,T2/BCD_r0008_c0082.png,0,masks/BCD_r0008_c0082.png,0.00000000
BCD_r0008_c0083,T1/BCD_r0008_c0083.png,T2/BCD_r0008_c0083.png,0,masks/BCD_r0008_c0083.png,0.00000000
BCD_r0008_c0084,T1/BCD_r0008_c0084.png,T2/BCD_r0008_c0084.png,0,masks/BCD_r0008_c0084.png,0.00000000
BCD_r0008_c0085,T1/BCD_r0008_c0085.png,T2/BCD_r0008_c0085.png,0,masks/BCD_r0008_c0085.png,0.00000000
BCD_r0008_c0086,T1/BCD_r0008_c0086.png,T2/BCD_r0008_c0086.png,0,masks/BCD_r0008_c0086.png,0.00000000
BCD_r0008_c0087,T1/BCD_r0008_c0087.png,T2/BCD_r0008_c0087.png,1,masks/BCD_r0008_c0087.png,0.00892857
BCD_r0008_c0088,T1/BCD_r0008_c0088.png,T2/BCD_r0008_c0088.png,0,masks/BCD_r0008_c0088.png,0.00000000
BCD_r0008_c0089,T1/BCD_r0008_c0089.png,T2/BCD_r0008_c0089.png,0,masks/BCD_r0008_c0089.png,0.00000000
BCD_r0008_c0090,T1/BCD_r0008_c0090.png,T2/BCD_r0008_c0090.png,0,masks/BCD_r0008_c0090.png,0.00000000
BCD_r0008_c0091,T1/BCD_r0008_c0091.png,T2/BCD_r0008_c0091.png,0,masks/BCD_r0008_c0091.png,0.00000000
BCD_r0008_c0092,T1/BCD_r0008_c0092.png,T2/BCD_r0008_c0092.png,0,masks/BCD_r0008_c0092.png,0.00000000
BCD_r0008_c0093,T1/BCD_r0008_c0093.png,T2/BCD_r0008_c0093.png,1,masks/BCD_r0008_c0093.png,0.02682557
BCD_r0008_c0094,T1/BCD_r0008_c0094.png,T2/BCD_r0008_c0094.png,1,masks/BCD_r0008_c0094.png,0.10333626
BCD_r0008_c0095,T1/BCD_r0008_c0095.png,T2/BCD_r0008_c0095.png,1,masks/BCD_r0008_c0095.png,0.00125558
BCD_r0008_c0096,T1/BCD_r0008_c0096.png,T2/BCD_r0008_c0096.png,0,masks/BCD_r0008_c0096.png,0.00000000
BCD_r0008_c0097,T1/BCD_r0008_c0097.png,T2/BCD_r0008_c0097.png,0,masks/BCD_r0008_c0097.png,0.00000000
BCD_r0008_c0098,T1/BCD_r0008_c0098.png,T2/BCD_r0008_c0098.png,0,masks/BCD_r0008_c0098.png,0.00000000
BCD_r0008_c0099,T1/BCD_r0008_c0099.png,T2/BCD_r0008_c0099.png,0,masks/BCD_r0008_c0099.png,0.00000000
BCD_r0008_c0100,T1/BCD_r0008_c0100.png,T2/BCD_r0008_c0100.png,0,masks/BCD_r0008_c0100.png,0.00000000
BCD_r0008_c0101,T1/BCD_r0008_c0101.png,T2/BCD_r0008_c0101.png,0,masks/BCD_r0008_c0101.png,0.00000000
BCD_r0008_c0102,T1/BCD_r0008_c0102.png,T2/BCD_r0008_c0102.png,0,masks/BCD_r0008_c0102.png,0.00000000
BCD_r0008_c0103,T1/BCD_r0008_c0103.png,T2/BCD_r0008_c0103.png,0,masks/BCD_r0008_c0103.png,0.00000000
BCD_r0008_c0104,T1/BCD_r0008_c0104.png,T2/BCD_r0008_c0104.png,0,masks/BCD_r0008_c0104.png,0.00000000
BCD_r0008_c0105,T1/BCD_r0008_c0105.png,T2/BCD_r0008_c0105.png,0,masks/BCD_r0008_c0105.png,0.00000000
BCD_r0008_c0106,T1/BCD_r0008_c0106.png,T2/BCD_r0008_c0106.png,0,masks/BCD_r0008_c0106.png,0.00000000
BCD_r0008_c0107,T1/BCD_r0008_c0107.png,T2/BCD_r0008_c0107.png,0,masks/BCD_r0008_c0107.png,0.00000000
BCD_r0008_c0108,T1/BCD_r0008_c0108.png,T2/BCD_r0008_c0108.png,0,masks/BCD_r0008_c0108.png,0.00000000
BCD_r0008_c0109,T1/BCD_r0008_c0109.png,T2/BCD_r0008_c0109.png,0,masks/BCD_r0008_c0109.png,0.00000000
BCD_r0008_c0110,T1/BCD_r0008_c0110.png,T2/BCD_r0008_c0110.png,0,masks/BCD_r0008_c0110.png,0.00000000
BCD_r0008_c0111,T1/BCD_r0008_c0111.png,T2/BCD_r0008_c0111.png,0,masks/BCD_r0008_c0111.png,0.00000000
BCD_r0008_c0112,T1/BCD_r0008_c0112.png,T2/BCD_r0008_c0112.png,0,masks/BCD_r0008_c0112.png,0.00000000
BCD_r0008_c0113,T1/BCD_r0008_c0113.png,T2/BCD_r0008_c0113.png,0,masks/BCD_r0008_c0113.png,0.00000000
BCD_r0008_c0114,T1/BCD_r0008_c0114.png,T2/BCD_r0008_c0114.png,0,masks/BCD_r0008_c0114.png,0.00000000
BCD_r0008_c0115,T1/BCD_r0008_c0115.png,T2/BCD_r0008_c0115.png,0,masks/BCD_r0008_c0115.png,0.00000000
BCD_r0008_c0116,T1/BCD_r0008_c0116.png,T2/BCD_r0008_c0116.png,0,masks/BCD_r0008_c0116.png,0.00000000
BCD_r0008_c0117,T1/BCD_r0008_c0117.png,T2/BCD_r0008_c0117.png,0,masks/BCD_r0008_c0117.png,0.00000000
BCD_r0008_c0118,T1/BCD_r0008_c0118.png,T2/BCD_r0008_c0118.png,0,masks/BCD_r0008_c0118.png,0.00000000
BCD_r0008_c0119,T1/BCD_r0008_c0119.png,T2/BCD_r0008_c0119.png,0,masks/BCD_r0008_c0119.png,0.00000000
BCD_r0008_c0120,T1/BCD_r0008_c0120.png,T2/BCD_r0008_c0120.png,0,masks/BCD_r0008_c0120.png,0.00000000
BCD_r0008_c0121,T1/BCD_r0008_c0121.png,T2/BCD_r0008_c0121.png,0,masks/BCD_r0008_c0121.png,0.00000000
BCD_r0008_c0122,T1/BCD_r0008_c0122.png,T2/BCD_r0008_c0122.png,0,masks/BCD_r0008_c0122.png,0.00000000
BCD_r0008_c0123,T1/BCD_r0008_c0123.png,T2/BCD_r0008_c0123.png,0,masks/BCD_r0008_c0123.png,0.00000000
BCD_r0008_c0124,T1/BCD_r0008_c0124.png,T2/BCD_r0008_c0124.png,0,masks/BCD_r0008_c0124.png,0.00000000
BCD_r0008_c0125,T1/BCD_r0008_c0125.png,T2/BCD_r0008_c0125.png,0,masks/BCD_r0008_c0125.png,0.00000000
BCD_r0008_c0126,T1/BCD_r0008_c0126.png,T2/BCD_r0008_c0126.png,0,masks/BCD_r0008_c0126.png,0.00000000
BCD_r0008_c0127,T1/BCD_r0008_c0127.png,T2/BCD_r0008_c0127.png,0,masks/BCD_r0008_c0127.png,0.00000000
BCD_r0008_c0128,T1/BCD_r0008_c0128.png,T2/BCD_r0008_c0128.png,0,masks/BCD_r0008_c0128.png,0.00000000
BCD_r0008_c0129,T1/BCD_r0008_c0129.png,T2/BCD_r0008_c0129.png,0,masks/BCD_r0008_c0129.png,0.00000000
BCD_r0008_c0130,T1/BCD_r0008_c0130.png,T2/BCD_r0008_c0130.png,0,masks/BCD_r0008_c0130.png,0.00000000
BCD_r0008_c0131,T1/BCD_r0008_c0131.png,T2/BCD_r0008_c0131.png,0,masks/BCD_r0008_c0131.png,0.00000000
BCD_r0008_c0132,T1/BCD_r0008_c0132.png,T2/BCD_r0008_c0132.png,0,masks/BCD_r0008_c0132.png,0.00000000
BCD_r0008_c0133,T1/BCD_r0008_c0133.png,T2/BCD_r0008_c0133.png,0,masks/BCD_r0008_c0133.png,0.00000000
BCD_r0008_c0134,T1/BCD_r0008_c0134.png,T2/BCD_r0008_c0134.png,0,masks/BCD_r0008_c0134.png,0.00000000
BCD_r0008_c0135,T1/BCD_r0008_c0135.png,T2/BCD_r0008_c0135.png,0,masks/BCD_r0008_c0135.png,0.00000000
BCD_r0008_c0136,T1/BCD_r0008_c0136.png,T2/BCD_r0008_c0136.png,0,masks/BCD_r0008_c0136.png,0.00000000
BCD_r0008_c0137,T1/BCD_r0008_c0137.png,T2/BCD_r0008_c0137.png,0,masks/BCD_r0008_c0137.png,0.00000000
BCD_r0008_c0138,T1/BCD_r0008_c0138.png,T2/BCD_r0008_c0138.png,0,masks/BCD_r0008_c0138.png,0.00000000
BCD_r0008_c0139,T1/BCD_r0008_c0139.png,T2/BCD_r0008_c0139.png,1,masks/BCD_r0008_c0139.png,0.00153460
BCD_r0008_c0140,T1/BCD_r0008_c0140.png,T2/BCD_r0008_c0140.png,0,masks/BCD_r0008_c0140.png,0.00000000
BCD_r0008_c0141,T1/BCD_r0008_c0141.png,T2/BCD_r0008_c0141.png,0,masks/BCD_r0008_c0141.png,0.00000000
BCD_r0008_c0142,T1/BCD_r0008_c0142.png,T2/BCD_r0008_c0142.png,0,masks/BCD_r0008_c0142.png,0.00000000
BCD_r0008_c0143,T1/BCD_r0008_c0143.png,T2/BCD_r0008_c0143.png,0,masks/BCD_r0008_c0143.png,0.00000000
BCD_r0008_c0144,T1/BCD_r0008_c0144.png,T2/BCD_r0008_c0144.png,0,masks/BCD_r0008_c0144.png,0.00000000
BCD_r0009_c0000,T1/BCD_r0009_c0000.png,T2/BCD_r0009_c0000.png,0,masks/BCD_r0009_c0000.png,0.00000000
BCD_r0009_c0001,T1/BCD_r0009_c0001.png,T2/BCD_r0009_c0001.png,1,masks/BCD_r0009_c0001.png,0.04264987
BCD_r0009_c0002,T1/BCD_r0009_c0002.png,T2/BCD_r0009_c0002.png,1,masks/BCD_r0009_c0002.png,0.01032366
BCD_r0009_c0003,T1/BCD_r0009_c0003.png,T2/BCD_r0009_c0003.png,0,masks/BCD_r0009_c0003.png,0.00000000
BCD_r0009_c0004,T1/BCD_r0009_c0004.png,T2/BCD_r0009_c0004.png,0,masks/BCD_r0009_c0004.png,0.00000000
BCD_r0009_c0005,T1/BCD_r0009_c0005.png,T2/BCD_r0009_c0005.png,0,masks/BCD_r0009_c0005.png,0.00000000
BCD_r0009_c0006,T1/BCD_r0009_c0006.png,T2/BCD_r0009_c0006.png,0,masks/BCD_r0009_c0006.png,0.00000000
BCD_r0009_c0007,T1/BCD_r0009_c0007.png,T2/BCD_r0009_c0007.png,0,masks/BCD_r0009_c0007.png,0.00000000
BCD_r0009_c0008,T1/BCD_r0009_c0008.png,T2/BCD_r0009_c0008.png,0,masks/BCD_r0009_c0008.png,0.00000000
BCD_r0009_c0009,T1/BCD_r0009_c0009.png,T2/BCD_r0009_c0009.png,0,masks/BCD_r0009_c0009.png,0.00000000
BCD_r0009_c0010,T1/BCD_r0009_c0010.png,T2/BCD_r0009_c0010.png,0,masks/BCD_r0009_c0010.png,0.00000000
BCD_r0009_c0011,T1/BCD_r0009_c0011.png,T2/BCD_r0009_c0011.png,1,masks/BCD_r0009_c0011.png,0.00161432
BCD_r0009_c0012,T1/BCD_r0009_c0012.png,T2/BCD_r0009_c0012.png,1,masks/BCD_r0009_c0012.png,0.01482781
BCD_r0009_c0013,T1/BCD_r0009_c0013.png,T2/BCD_r0009_c0013.png,0,masks/BCD_r0009_c0013.png,0.00000000
BCD_r0009_c0014,T1/BCD_r0009_c0014.png,T2/BCD_r0009_c0014.png,0,masks/BCD_r0009_c0014.png,0.00000000
BCD_r0009_c0015,T1/BCD_r0009_c0015.png,T2/BCD_r0009_c0015.png,0,masks/BCD_r0009_c0015.png,0.00000000
BCD_r0009_c0016,T1/BCD_r0009_c0016.png,T2/BCD_r0009_c0016.png,0,masks/BCD_r0009_c0016.png,0.00000000
BCD_r0009_c0017,T1/BCD_r0009_c0017.png,T2/BCD_r0009_c0017.png,0,masks/BCD_r0009_c0017.png,0.00000000
BCD_r0009_c0018,T1/BCD_r0009_c0018.png,T2/BCD_r0009_c0018.png,0,masks/BCD_r0009_c0018.png,0.00000000
BCD_r0009_c0019,T1/BCD_r0009_c0019.png,T2/BCD_r0009_c0019.png,0,masks/BCD_r0009_c0019.png,0.00000000
BCD_r0009_c0020,T1/BCD_r0009_c0020.png,T2/BCD_r0009_c0020.png,0,masks/BCD_r0009_c0020.png,0.00000000
BCD_r0009_c0021,T1/BCD_r0009_c0021.png,T2/BCD_r0009_c0021.png,0,masks/BCD_r0009_c0021.png,0.00000000
BCD_r0009_c0022,T1/BCD_r0009_c0022.png,T2/BCD_r0009_c0022.png,0,masks/BCD_r0009_c0022.png,0.00000000
BCD_r0009_c0023,T1/BCD_r0009_c0023.png,T2/BCD_r0009_c0023.png,0,masks/BCD_r0009_c0023.png,0.00000000
BCD_r0009_c0024,T1/BCD_r0009_c0024.png,T2/BCD_r0009_c0024.png,0,masks/BCD_r0009_c0024.png,0.00000000
BCD_r0009_c0025,T1/BCD_r0009_c0025.png,T2/BCD_r0009_c0025.png,0,masks/BCD_r0009_c0025.png,0.00000000
BCD_r0009_c0026,T1/BCD_r0009_c0026.png,T2/BCD_r0009_c0026.png,0,masks/BCD_r0009_c0026.png,0.00000000
BCD_r0009_c0027,T1/BCD_r0009_c0027.png,T2/BCD_r0009_c0027.png,1,masks/BCD_r0009_c0027.png,0.11969866
BCD_r0009_c0028,T1/BCD_r0009_c0028.png,T2/BCD_r0009_c0028.png,1,masks/BCD_r0009_c0028.png,0.15033084
BCD_r0009_c0029,T1/BCD_r0009_c0029.png,T2/BCD_r0009_c0029.png,1,masks/BCD_r0009_c0029.png,0.27628747
BCD_r0009_c0030,T1/BCD_r0009_c0030.png,T2/BCD_r0009_c0030.png,0,masks/BCD_r0009_c0030.png,0.00000000
BCD_r0009_c0031,T1/BCD_r0009_c0031.png,T2/BCD_r0009_c0031.png,0,masks/BCD_r0009_c0031.png,0.00000000
BCD_r0009_c0032,T1/BCD_r0009_c0032.png,T2/BCD_r0009_c0032.png,1,masks/BCD_r0009_c0032.png,0.07395966
BCD_r0009_c0033,T1/BCD_r0009_c0033.png,T2/BCD_r0009_c0033.png,0,masks/BCD_r0009_c0033.png,0.00000000
BCD_r0009_c0034,T1/BCD_r0009_c0034.png,T2/BCD_r0009_c0034.png,1,masks/BCD_r0009_c0034.png,0.04019850
BCD_r0009_c0035,T1/BCD_r0009_c0035.png,T2/BCD_r0009_c0035.png,0,masks/BCD_r0009_c0035.png,0.00000000
BCD_r0009_c0036,T1/BCD_r0009_c0036.png,T2/BCD_r0009_c0036.png,0,masks/BCD_r0009_c0036.png,0.00000000
BCD_r0009_c0037,T1/BCD_r0009_c0037.png,T2/BCD_r0009_c0037.png,0,masks/BCD_r0009_c0037.png,0.00000000
BCD_r0009_c0038,T1/BCD_r0009_c0038.png,T2/BCD_r0009_c0038.png,0,masks/BCD_r0009_c0038.png,0.00000000
BCD_r0009_c0039,T1/BCD_r0009_c0039.png,T2/BCD_r0009_c0039.png,0,masks/BCD_r0009_c0039.png,0.00000000
BCD_r0009_c0040,T1/BCD_r0009_c0040.png,T2/BCD_r0009_c0040.png,0,masks/BCD_r0009_c0040.png,0.00000000
BCD_r0009_c0041,T1/BCD_r0009_c0041.png,T2/BCD_r0009_c0041.png,0,masks/BCD_r0009_c0041.png,0.00000000
BCD_r0009_c0042,T1/BCD_r0009_c0042.png,T2/BCD_r0009_c0042.png,0,masks/BCD_r0009_c0042.png,0.00000000
BCD_r0009_c0043,T1/BCD_r0009_c0043.png,T2/BCD_r0009_c0043.png,0,masks/BCD_r0009_c0043.png,0.00000000
BCD_r0009_c0044,T1/BCD_r0009_c0044.png,T2/BCD_r0009_c0044.png,0,masks/BCD_r0009_c0044.png,0.00000000
BCD_r0009_c0045,T1/BCD_r0009_c0045.png,T2/BCD_r0009_c0045.png,0,masks/BCD_r0009_c0045.png,0.00000000
BCD_r0009_c0046,T1/BCD_r0009_c0046.png,T2/BCD_r0009_c0046.png,0,masks/BCD_r0009_c0046.png,0.00000000
BCD_r0009_c0047,T1/BCD_r0009_c0047.png,T2/BCD_r0009_c0047.png,0,masks/BCD_r0009_c0047.png,0.00000000
BCD_r0009_c0048,T1/BCD_r0009_c0048.png,T2/BCD_r0009_c0048.png,0,masks/BCD_r0009_c0048.png,0.00000000
BCD_r0009_c0049,T1/BCD_r0009_c0049.png,T2/BCD_r0009_c0049.png,0,masks/BCD_r0009_c0049.png,0.00000000
BCD_r0009_c0050,T1/BCD_r0009_c0050.png,T2/BCD_r0009_c0050.png,0,masks/BCD_r0009_c0050.png,0.00000000
BCD_r0009_c0051,T1/BCD_r0009_c0051.png,T2/BCD_r0009_c0051.png,0,masks/BCD_r0009_c0051.png,0.00000000
BCD_r0009_c0052,T1/BCD_r0009_c0052.png,T2/BCD_r0009_c0052.png,0,masks/BCD_r0009_c0052.png,0.00000000
BCD_r0009_c0053,T1/BCD_r0009_c0053.png,T2/BCD_r0009_c0053.png,0,masks/BCD_r0009_c0053.png,0.00000000
BCD_r0009_c0054,T1/BCD_r0009_c0054.png,T2/BCD_r0009_c0054.png,0,masks/BCD_r0009_c0054.png,0.00000000
BCD_r0009_c0055,T1/BCD_r0009_c0055.png,T2/BCD_r0009_c0055.png,0,masks/BCD_r0009_c0055.png,0.00000000
BCD_r0009_c0056,T1/BCD_r0009_c0056.png,T2/BCD_r0009_c0056.png,0,masks/BCD_r0009_c0056.png,0.00000000
BCD_r0009_c0057,T1/BCD_r0009_c0057.png,T2/BCD_r0009_c0057.png,0,masks/BCD_r0009_c0057.png,0.00000000
BCD_r0009_c0058,T1/BCD_r0009_c0058.png,T2/BCD_r0009_c0058.png,0,masks/BCD_r0009_c0058.png,0.00000000
BCD_r0009_c0059,T1/BCD_r0009_c0059.png,T2/BCD_r0009_c0059.png,0,masks/BCD_r0009_c0059.png,0.00000000
BCD_r0009_c0060,T1/BCD_r0009_c0060.png,T2/BCD_r0009_c0060.png,1,masks/BCD_r0009_c0060.png,0.03421955
BCD_r0009_c0061,T1/BCD_r0009_c0061.png,T2/BCD_r0009_c0061.png,1,masks/BCD_r0009_c0061.png,0.32310268
BCD_r0009_c0062,T1/BCD_r0009_c0062.png,T2/BCD_r0009_c0062.png,1,masks/BCD_r0009_c0062.png,0.12350526
BCD_r0009_c0063,T1/BCD_r0009_c0063.png,T2/BCD_r0009_c0063.png,0,masks/BCD_r0009_c0063.png,0.00000000
BCD_r0009_c0064,T1/BCD_r0009_c0064.png,T2/BCD_r0009_c0064.png,1,masks/BCD_r0009_c0064.png,0.04223135
BCD_r0009_c0065,T1/BCD_r0009_c0065.png,T2/BCD_r0009_c0065.png,0,masks/BCD_r0009_c0065.png,0.00000000
BCD_r0009_c0066,T1/BCD_r0009_c0066.png,T2/BCD_r0009_c0066.png,0,masks/BCD_r0009_c0066.png,0.00000000
BCD_r0009_c0067,T1/BCD_r0009_c0067.png,T2/BCD_r0009_c0067.png,0,masks/BCD_r0009_c0067.png,0.00000000
BCD_r0009_c0068,T1/BCD_r0009_c0068.png,T2/BCD_r0009_c0068.png,0,masks/BCD_r0009_c0068.png,0.00000000
BCD_r0009_c0069,T1/BCD_r0009_c0069.png,T2/BCD_r0009_c0069.png,0,masks/BCD_r0009_c0069.png,0.00000000
BCD_r0009_c0070,T1/BCD_r0009_c0070.png,T2/BCD_r0009_c0070.png,0,masks/BCD_r0009_c0070.png,0.00000000
BCD_r0009_c0071,T1/BCD_r0009_c0071.png,T2/BCD_r0009_c0071.png,0,masks/BCD_r0009_c0071.png,0.00000000
BCD_r0009_c0072,T1/BCD_r0009_c0072.png,T2/BCD_r0009_c0072.png,0,masks/BCD_r0009_c0072.png,0.00000000
BCD_r0009_c0073,T1/BCD_r0009_c0073.png,T2/BCD_r0009_c0073.png,0,masks/BCD_r0009_c0073.png,0.00000000
BCD_r0009_c0074,T1/BCD_r0009_c0074.png,T2/BCD_r0009_c0074.png,0,masks/BCD_r0009_c0074.png,0.00000000
BCD_r0009_c0075,T1/BCD_r0009_c0075.png,T2/BCD_r0009_c0075.png,0,masks/BCD_r0009_c0075.png,0.00000000
BCD_r0009_c0076,T1/BCD_r0009_c0076.png,T2/BCD_r0009_c0076.png,0,masks/BCD_r0009_c0076.png,0.00000000
BCD_r0009_c0077,T1/BCD_r0009_c0077.png,T2/BCD_r0009_c0077.png,0,masks/BCD_r0009_c0077.png,0.00000000
BCD_r0009_c0078,T1/BCD_r0009_c0078.png,T2/BCD_r0009_c0078.png,0,masks/BCD_r0009_c0078.png,0.00000000
BCD_r0009_c0079,T1/BCD_r0009_c0079.png,T2/BCD_r0009_c0079.png,0,masks/BCD_r0009_c0079.png,0.00000000
BCD_r0009_c0080,T1/BCD_r0009_c0080.png,T2/BCD_r0009_c0080.png,0,masks/BCD_r0009_c0080.png,0.00000000
BCD_r0009_c0081,T1/BCD_r0009_c0081.png,T2/BCD_r0009_c0081.png,0,masks/BCD_r0009_c0081.png,0.00000000
BCD_r0009_c0082,T1/BCD_r0009_c0082.png,T2/BCD_r0009_c0082.png,0,masks/BCD_r0009_c0082.png,0.00000000
BCD_r0009_c0083,T1/BCD_r0009_c0083.png,T2/BCD_r0009_c0083.png,0,masks/BCD_r0009_c0083.png,0.00000000
BCD_r0009_c0084,T1/BCD_r0009_c0084.png,T2/BCD_r0009_c0084.png,0,masks/BCD_r0009_c0084.png,0.00000000
BCD_r0009_c0085,T1/BCD_r0009_c0085.png,T2/BCD_r0009_c0085.png,0,masks/BCD_r0009_c0085.png,0.00000000
BCD_r0009_c0086,T1/BCD_r0009_c0086.png,T2/BCD_r0009_c0086.png,0,masks/BCD_r0009_c0086.png,0.00000000
BCD_r0009_c0087,T1/BCD_r0009_c0087.png,T2/BCD_r0009_c0087.png,0,masks/BCD_r0009_c0087.png,0.00000000
BCD_r0009_c0088,T1/BCD_r0009_c0088.png,T2/BCD_r0009_c0088.png,0,masks/BCD_r0009_c0088.png,0.00000000
BCD_r0009_c0089,T1/BCD_r0009_c0089.png,T2/BCD_r0009_c0089.png,0,masks/BCD_r0009_c0089.png,0.00000000
BCD_r0009_c0090,T1/BCD_r0009_c0090.png,T2/BCD_r0009_c0090.png,0,masks/BCD_r0009_c0090.png,0.00000000
BCD_r0009_c0091,T1/BCD_r0009_c0091.png,T2/BCD_r0009_c0091.png,1,masks/BCD_r0009_c0091.png,0.13733658
BCD_r0009_c0092,T1/BCD_r0009_c0092.png,T2/BCD_r0009_c0092.png,1,masks/BCD_r0009_c0092.png,0.36198581
BCD_r0009_c0093,T1/BCD_r0009_c0093.png,T2/BCD_r0009_c0093.png,1,masks/BCD_r0009_c0093.png,0.36647003
BCD_r0009_c0094,T1/BCD_r0009_c0094.png,T2/BCD_r0009_c0094.png,1,masks/BCD_r0009_c0094.png,0.37095424
BCD_r0009_c0095,T1/BCD_r0009_c0095.png,T2/BCD_r0009_c0095.png,1,masks/BCD_r0009_c0095.png,0.13319117
BCD_r0009_c0096,T1/BCD_r0009_c0096.png,T2/BCD_r0009_c0096.png,0,masks/BCD_r0009_c0096.png,0.00000000
BCD_r0009_c0097,T1/BCD_r0009_c0097.png,T2/BCD_r0009_c0097.png,0,masks/BCD_r0009_c0097.png,0.00000000
BCD_r0009_c0098,T1/BCD_r0009_c0098.png,T2/BCD_r0009_c0098.png,0,masks/BCD_r0009_c0098.png,0.00000000
BCD_r0009_c0099,T1/BCD_r0009_c0099.png,T2/BCD_r0009_c0099.png,0,masks/BCD_r0009_c0099.png,0.00000000
BCD_r0009_c0100,T1/BCD_r0009_c0100.png,T2/BCD_r0009_c0100.png,0,masks/BCD_r0009_c0100.png,0.00000000
BCD_r0009_c0101,T1/BCD_r0009_c0101.png,T2/BCD_r0009_c0101.png,0,masks/BCD_r0009_c0101.png,0.00000000
BCD_r0009_c0102,T1/BCD_r0009_c0102.png,T2/BCD_r0009_c0102.png,0,masks/BCD_r0009_c0102.png,0.00000000
BCD_r0009_c0103,T1/BCD_r0009_c0103.png,T2/BCD_r0009_c0103.png,0,masks/BCD_r0009_c0103.png,0.00000000
BCD_r0009_c0104,T1/BCD_r0009_c0104.png,T2/BCD_r0009_c0104.png,0,masks/BCD_r0009_c0104.png,0.00000000
BCD_r0009_c0105,T1/BCD_r0009_c0105.png,T2/BCD_r0009_c0105.png,1,masks/BCD_r0009_c0105.png,0.01339286
BCD_r0009_c0106,T1/BCD_r0009_c0106.png,T2/BCD_r0009_c0106.png,0,masks/BCD_r0009_c0106.png,0.00000000
BCD_r0009_c0107,T1/BCD_r0009_c0107.png,T2/BCD_r0009_c0107.png,0,masks/BCD_r0009_c0107.png,0.00000000
BCD_r0009_c0108,T1/BCD_r0009_c0108.png,T2/BCD_r0009_c0108.png,0,masks/BCD_r0009_c0108.png,0.00000000
BCD_r0009_c0109,T1/BCD_r0009_c0109.png,T2/BCD_r0009_c0109.png,0,masks/BCD_r0009_c0109.png,0.00000000
BCD_r0009_c0110,T1/BCD_r0009_c0110.png,T2/BCD_r0009_c0110.png,0,masks/BCD_r0009_c0110.png,0.00000000
BCD_r0009_c0111,T1/BCD_r0009_c0111.png,T2/BCD_r0009_c0111.png,0,masks/BCD_r0009_c0111.png,0.00000000
BCD_r0009_c0112,T1/BCD_r0009_c0112.png,T2/BCD_r0009_c0112.png,0,masks/BCD_r0009_c0112.png,0.00000000
BCD_r0009_c0113,T1/BCD_r0009_c0113.png,T2/BCD_r0009_c0113.png,0,masks/BCD_r0009_c0113.png,0.00000000
BCD_r0009_c0114,T1/BCD_r0009_c0114.png,T2/BCD_r0009_c0114.png,0,masks/BCD_r0009_c0114.png,0.00000000
BCD_r0009_c0115,T1/BCD_r0009_c0115.png,T2/BCD_r0009_c0115.png,0,masks/BCD_r0009_c0115.png,0.00000000
BCD_r0009_c0116,T1/BCD_r0009_c0116.png,T2/BCD_r0009_c0116.png,0,masks/BCD_r0009_c0116.png,0.00000000
BCD_r0009_c0117,T1/BCD_r0009_c0117.png,T2/BCD_r0009_c0117.png,1,masks/BCD_r0009_c0117.png,0.00269053
BCD_r0009_c0118,T1/BCD_r0009_c0118.png,T2/BCD_r0009_c0118.png,1,masks/BCD_r0009_c0118.png,0.07678970
BCD_r0009_c0119,T1/BCD_r0009_c0119.png,T2/BCD_r0009_c0119.png,1,masks/BCD_r0009_c0119.png,0.01183833
BCD_r0009_c0120,T1/BCD_r0009_c0120.png,T2/BCD_r0009_c0120.png,0,masks/BCD_r0009_c0120.png,0.00000000
BCD_r0009_c0121,T1/BCD_r0009_c0121.png,T2/BCD_r0009_c0121.png,0,masks/BCD_r0009_c0121.png,0.00000000
BCD_r0009_c0122,T1/BCD_r0009_c0122.png,T2/BCD_r0009_c0122.png,0,masks/BCD_r0009_c0122.png,0.00000000
BCD_r0009_c0123,T1/BCD_r0009_c0123.png,T2/BCD_r0009_c0123.png,0,masks/BCD_r0009_c0123.png,0.00000000
BCD_r0009_c0124,T1/BCD_r0009_c0124.png,T2/BCD_r0009_c0124.png,1,masks/BCD_r0009_c0124.png,0.06582828
BCD_r0009_c0125,T1/BCD_r0009_c0125.png,T2/BCD_r0009_c0125.png,0,masks/BCD_r0009_c0125.png,0.00000000
BCD_r0009_c0126,T1/BCD_r0009_c0126.png,T2/BCD_r0009_c0126.png,1,masks/BCD_r0009_c0126.png,0.07415896
BCD_r0009_c0127,T1/BCD_r0009_c0127.png,T2/BCD_r0009_c0127.png,0,masks/BCD_r0009_c0127.png,0.00000000
BCD_r0009_c0128,T1/BCD_r0009_c0128.png,T2/BCD_r0009_c0128.png,0,masks/BCD_r0009_c0128.png,0.00000000
BCD_r0009_c0129,T1/BCD_r0009_c0129.png,T2/BCD_r0009_c0129.png,0,masks/BCD_r0009_c0129.png,0.00000000
BCD_r0009_c0130,T1/BCD_r0009_c0130.png,T2/BCD_r0009_c0130.png,0,masks/BCD_r0009_c0130.png,0.00000000
BCD_r0009_c0131,T1/BCD_r0009_c0131.png,T2/BCD_r0009_c0131.png,1,masks/BCD_r0009_c0131.png,0.02457350
BCD_r0009_c0132,T1/BCD_r0009_c0132.png,T2/BCD_r0009_c0132.png,0,masks/BCD_r0009_c0132.png,0.00000000
BCD_r0009_c0133,T1/BCD_r0009_c0133.png,T2/BCD_r0009_c0133.png,0,masks/BCD_r0009_c0133.png,0.00000000
BCD_r0009_c0134,T1/BCD_r0009_c0134.png,T2/BCD_r0009_c0134.png,0,masks/BCD_r0009_c0134.png,0.00000000
BCD_r0009_c0135,T1/BCD_r0009_c0135.png,T2/BCD_r0009_c0135.png,1,masks/BCD_r0009_c0135.png,0.11184630
BCD_r0009_c0136,T1/BCD_r0009_c0136.png,T2/BCD_r0009_c0136.png,0,masks/BCD_r0009_c0136.png,0.00000000
BCD_r0009_c0137,T1/BCD_r0009_c0137.png,T2/BCD_r0009_c0137.png,0,masks/BCD_r0009_c0137.png,0.00000000
BCD_r0009_c0138,T1/BCD_r0009_c0138.png,T2/BCD_r0009_c0138.png,0,masks/BCD_r0009_c0138.png,0.00000000
BCD_r0009_c0139,T1/BCD_r0009_c0139.png,T2/BCD_r0009_c0139.png,0,masks/BCD_r0009_c0139.png,0.00000000
BCD_r0009_c0140,T1/BCD_r0009_c0140.png,T2/BCD_r0009_c0140.png,0,masks/BCD_r0009_c0140.png,0.00000000
BCD_r0009_c0141,T1/BCD_r0009_c0141.png,T2/BCD_r0009_c0141.png,0,masks/BCD_r0009_c0141.png,0.00000000
BCD_r0009_c0142,T1/BCD_r0009_c0142.png,T2/BCD_r0009_c0142.png,0,masks/BCD_r0009_c0142.png,0.00000000
BCD_r0009_c0143,T1/BCD_r0009_c0143.png,T2/BCD_r0009_c0143.png,0,masks/BCD_r0009_c0143.png,0.00000000
BCD_r0009_c0144,T1/BCD_r0009_c0144.png,T2/BCD_r0009_c0144.png,0,masks/BCD_r0009_c0144.png,0.00000000
BCD_r0010_c0000,T1/BCD_r0010_c0000.png,T2/BCD_r0010_c0000.png,0,masks/BCD_r0010_c0000.png,0.00000000
BCD_r0010_c0001,T1/BCD_r0010_c0001.png,T2/BCD_r0010_c0001.png,0,masks/BCD_r0010_c0001.png,0.00000000
BCD_r0010_c0002,T1/BCD_r0010_c0002.png,T2/BCD_r0010_c0002.png,0,masks/BCD_r0010_c0002.png,0.00000000
BCD_r0010_c0003,T1/BCD_r0010_c0003.png,T2/BCD_r0010_c0003.png,0,masks/BCD_r0010_c0003.png,0.00000000
BCD_r0010_c0004,T1/BCD_r0010_c0004.png,T2/BCD_r0010_c0004.png,0,masks/BCD_r0010_c0004.png,0.00000000
BCD_r0010_c0005,T1/BCD_r0010_c0005.png,T2/BCD_r0010_c0005.png,0,masks/BCD_r0010_c0005.png,0.00000000
BCD_r0010_c0006,T1/BCD_r0010_c0006.png,T2/BCD_r0010_c0006.png,1,masks/BCD_r0010_c0006.png,0.16513871
BCD_r0010_c0007,T1/BCD_r0010_c0007.png,T2/BCD_r0010_c0007.png,0,masks/BCD_r0010_c0007.png,0.00000000
BCD_r0010_c0008,T1/BCD_r0010_c0008.png,T2/BCD_r0010_c0008.png,0,masks/BCD_r0010_c0008.png,0.00000000
BCD_r0010_c0009,T1/BCD_r0010_c0009.png,T2/BCD_r0010_c0009.png,0,masks/BCD_r0010_c0009.png,0.00000000
BCD_r0010_c0010,T1/BCD_r0010_c0010.png,T2/BCD_r0010_c0010.png,0,masks/BCD_r0010_c0010.png,0.00000000
BCD_r0010_c0011,T1/BCD_r0010_c0011.png,T2/BCD_r0010_c0011.png,0,masks/BCD_r0010_c0011.png,0.00000000
BCD_r0010_c0012,T1/BCD_r0010_c0012.png,T2/BCD_r0010_c0012.png,0,masks/BCD_r0010_c0012.png,0.00000000
BCD_r0010_c0013,T1/BCD_r0010_c0013.png,T2/BCD_r0010_c0013.png,0,masks/BCD_r0010_c0013.png,0.00000000
BCD_r0010_c0014,T1/BCD_r0010_c0014.png,T2/BCD_r0010_c0014.png,0,masks/BCD_r0010_c0014.png,0.00000000
BCD_r0010_c0015,T1/BCD_r0010_c0015.png,T2/BCD_r0010_c0015.png,0,masks/BCD_r0010_c0015.png,0.00000000
BCD_r0010_c0016,T1/BCD_r0010_c0016.png,T2/BCD_r0010_c0016.png,0,masks/BCD_r0010_c0016.png,0.00000000
BCD_r0010_c0017,T1/BCD_r0010_c0017.png,T2/BCD_r0010_c0017.png,0,masks/BCD_r0010_c0017.png,0.00000000
BCD_r0010_c0018,T1/BCD_r0010_c0018.png,T2/BCD_r0010_c0018.png,0,masks/BCD_r0010_c0018.png,0.00000000
BCD_r0010_c0019,T1/BCD_r0010_c0019.png,T2/BCD_r0010_c0019.png,0,masks/BCD_r0010_c0019.png,0.00000000
BCD_r0010_c0020,T1/BCD_r0010_c0020.png,T2/BCD_r0010_c0020.png,0,masks/BCD_r0010_c0020.png,0.00000000
BCD_r0010_c0021,T1/BCD_r0010_c0021.png,T2/BCD_r0010_c0021.png,0,masks/BCD_r0010_c0021.png,0.00000000
BCD_r0010_c0022,T1/BCD_r0010_c0022.png,T2/BCD_r0010_c0022.png,0,masks/BCD_r0010_c0022.png,0.00000000
BCD_r0010_c0023,T1/BCD_r0010_c0023.png,T2/BCD_r0010_c0023.png,0,masks/BCD_r0010_c0023.png,0.00000000
BCD_r0010_c0024,T1/BCD_r0010_c0024.png,T2/BCD_r0010_c0024.png,0,masks/BCD_r0010_c0024.png,0.00000000
BCD_r0010_c0025,T1/BCD_r0010_c0025.png,T2/BCD_r0010_c0025.png,0,masks/BCD_r0010_c0025.png,0.00000000
BCD_r0010_c0026,T1/BCD_r0010_c0026.png,T2/BCD_r0010_c0026.png,0,masks/BCD_r0010_c0026.png,0.00000000
BCD_r0010_c0027,T1/BCD_r0010_c0027.png,T2/BCD_r0010_c0027.png,1,masks/BCD_r0010_c0027.png,0.71528221
BCD_r0010_c0028,T1/BCD_r0010_c0028.png,T2/BCD_r0010_c0028.png,1,masks/BCD_r0010_c0028.png,0.59090003
BCD_r0010_c0029,T1/BCD_r0010_c0029.png,T2/BCD_r0010_c0029.png,1,masks/BCD_r0010_c0029.png,0.28667092
BCD_r0010_c0030,T1/BCD_r0010_c0030.png,T2/BCD_r0010_c0030.png,0,masks/BCD_r0010_c0030.png,0.00000000
BCD_r0010_c0031,T1/BCD_r0010_c0031.png,T2/BCD_r0010_c0031.png,0,masks/BCD_r0010_c0031.png,0.00000000
BCD_r0010_c0032,T1/BCD_r0010_c0032.png,T2/BCD_r0010_c0032.png,0,masks/BCD_r0010_c0032.png,0.00000000
BCD_r0010_c0033,T1/BCD_r0010_c0033.png,T2/BCD_r0010_c0033.png,0,masks/BCD_r0010_c0033.png,0.00000000
BCD_r0010_c0034,T1/BCD_r0010_c0034.png,T2/BCD_r0010_c0034.png,1,masks/BCD_r0010_c0034.png,0.55299346
BCD_r0010_c0035,T1/BCD_r0010_c0035.png,T2/BCD_r0010_c0035.png,0,masks/BCD_r0010_c0035.png,0.00000000
BCD_r0010_c0036,T1/BCD_r0010_c0036.png,T2/BCD_r0010_c0036.png,1,masks/BCD_r0010_c0036.png,0.05741789
BCD_r0010_c0037,T1/BCD_r0010_c0037.png,T2/BCD_r0010_c0037.png,1,masks/BCD_r0010_c0037.png,0.40132733
BCD_r0010_c0038,T1/BCD_r0010_c0038.png,T2/BCD_r0010_c0038.png,1,masks/BCD_r0010_c0038.png,0.46306999
BCD_r0010_c0039,T1/BCD_r0010_c0039.png,T2/BCD_r0010_c0039.png,1,masks/BCD_r0010_c0039.png,0.44899952
BCD_r0010_c0040,T1/BCD_r0010_c0040.png,T2/BCD_r0010_c0040.png,1,masks/BCD_r0010_c0040.png,0.02266024
BCD_r0010_c0041,T1/BCD_r0010_c0041.png,T2/BCD_r0010_c0041.png,1,masks/BCD_r0010_c0041.png,0.08438297
BCD_r0010_c0042,T1/BCD_r0010_c0042.png,T2/BCD_r0010_c0042.png,1,masks/BCD_r0010_c0042.png,0.13586177
BCD_r0010_c0043,T1/BCD_r0010_c0043.png,T2/BCD_r0010_c0043.png,1,masks/BCD_r0010_c0043.png,0.00231186
BCD_r0010_c0044,T1/BCD_r0010_c0044.png,T2/BCD_r0010_c0044.png,0,masks/BCD_r0010_c0044.png,0.00000000
BCD_r0010_c0045,T1/BCD_r0010_c0045.png,T2/BCD_r0010_c0045.png,0,masks/BCD_r0010_c0045.png,0.00000000
BCD_r0010_c0046,T1/BCD_r0010_c0046.png,T2/BCD_r0010_c0046.png,0,masks/BCD_r0010_c0046.png,0.00000000
BCD_r0010_c0047,T1/BCD_r0010_c0047.png,T2/BCD_r0010_c0047.png,0,masks/BCD_r0010_c0047.png,0.00000000
BCD_r0010_c0048,T1/BCD_r0010_c0048.png,T2/BCD_r0010_c0048.png,0,masks/BCD_r0010_c0048.png,0.00000000
BCD_r0010_c0049,T1/BCD_r0010_c0049.png,T2/BCD_r0010_c0049.png,1,masks/BCD_r0010_c0049.png,0.37669404
BCD_r0010_c0050,T1/BCD_r0010_c0050.png,T2/BCD_r0010_c0050.png,1,masks/BCD_r0010_c0050.png,0.41169085
BCD_r0010_c0051,T1/BCD_r0010_c0051.png,T2/BCD_r0010_c0051.png,0,masks/BCD_r0010_c0051.png,0.00000000
BCD_r0010_c0052,T1/BCD_r0010_c0052.png,T2/BCD_r0010_c0052.png,1,masks/BCD_r0010_c0052.png,0.07840402
BCD_r0010_c0053,T1/BCD_r0010_c0053.png,T2/BCD_r0010_c0053.png,0,masks/BCD_r0010_c0053.png,0.00000000
BCD_r0010_c0054,T1/BCD_r0010_c0054.png,T2/BCD_r0010_c0054.png,0,masks/BCD_r0010_c0054.png,0.00000000
BCD_r0010_c0055,T1/BCD_r0010_c0055.png,T2/BCD_r0010_c0055.png,0,masks/BCD_r0010_c0055.png,0.00000000
BCD_r0010_c0056,T1/BCD_r0010_c0056.png,T2/BCD_r0010_c0056.png,0,masks/BCD_r0010_c0056.png,0.00000000
BCD_r0010_c0057,T1/BCD_r0010_c0057.png,T2/BCD_r0010_c0057.png,1,masks/BCD_r0010_c0057.png,0.03681043
BCD_r0010_c0058,T1/BCD_r0010_c0058.png,T2/BCD_r0010_c0058.png,1,masks/BCD_r0010_c0058.png,0.03760762
BCD_r0010_c0059,T1/BCD_r0010_c0059.png,T2/BCD_r0010_c0059.png,1,masks/BCD_r0010_c0059.png,0.09406888
BCD_r0010_c0060,T1/BCD_r0010_c0060.png,T2/BCD_r0010_c0060.png,1,masks/BCD_r0010_c0060.png,0.14084423
BCD_r0010_c0061,T1/BCD_r0010_c0061.png,T2/BCD_r0010_c0061.png,1,masks/BCD_r0010_c0061.png,0.38488520
BCD_r0010_c0062,T1/BCD_r0010_c0062.png,T2/BCD_r0010_c0062.png,1,masks/BCD_r0010_c0062.png,0.30006378
BCD_r0010_c0063,T1/BCD_r0010_c0063.png,T2/BCD_r0010_c0063.png,0,masks/BCD_r0010_c0063.png,0.00000000
BCD_r0010_c0064,T1/BCD_r0010_c0064.png,T2/BCD_r0010_c0064.png,0,masks/BCD_r0010_c0064.png,0.00000000
BCD_r0010_c0065,T1/BCD_r0010_c0065.png,T2/BCD_r0010_c0065.png,0,masks/BCD_r0010_c0065.png,0.00000000
BCD_r0010_c0066,T1/BCD_r0010_c0066.png,T2/BCD_r0010_c0066.png,0,masks/BCD_r0010_c0066.png,0.00000000
BCD_r0010_c0067,T1/BCD_r0010_c0067.png,T2/BCD_r0010_c0067.png,0,masks/BCD_r0010_c0067.png,0.00000000
BCD_r0010_c0068,T1/BCD_r0010_c0068.png,T2/BCD_r0010_c0068.png,0,masks/BCD_r0010_c0068.png,0.00000000
BCD_r0010_c0069,T1/BCD_r0010_c0069.png,T2/BCD_r0010_c0069.png,0,masks/BCD_r0010_c0069.png,0.00000000
BCD_r0010_c0070,T1/BCD_r0010_c0070.png,T2/BCD_r0010_c0070.png,0,masks/BCD_r0010_c0070.png,0.00000000
BCD_r0010_c0071,T1/BCD_r0010_c0071.png,T2/BCD_r0010_c0071.png,0,masks/BCD_r0010_c0071.png,0.00000000
BCD_r0010_c0072,T1/BCD_r0010_c0072.png,T2/BCD_r0010_c0072.png,0,masks/BCD_r0010_c0072.png,0.00000000
BCD_r0010_c0073,T1/BCD_r0010_c0073.png,T2/BCD_r0010_c0073.png,0,masks/BCD_r0010_c0073.png,0.00000000
BCD_r0010_c0074,T1/BCD_r0010_c0074.png,T2/BCD_r0010_c0074.png,0,masks/BCD_r0010_c0074.png,0.00000000
BCD_r0010_c0075,T1/BCD_r0010_c0075.png,T2/BCD_r0010_c0075.png,0,masks/BCD_r0010_c0075.png,0.00000000
BCD_r0010_c0076,T1/BCD_r0010_c0076.png,T2/BCD_r0010_c0076.png,0,masks/BCD_r0010_c0076.png,0.00000000
BCD_r0010_c0077,T1/BCD_r0010_c0077.png,T2/BCD_r0010_c0077.png,1,masks/BCD_r0010_c0077.png,0.01293447
BCD_r0010_c0078,T1/BCD_r0010_c0078.png,T2/BCD_r0010_c0078.png,0,masks/BCD_r0010_c0078.png,0.00000000
BCD_r0010_c0079,T1/BCD_r0010_c0079.png,T2/BCD_r0010_c0079.png,0,masks/BCD_r0010_c0079.png,0.00000000
BCD_r0010_c0080,T1/BCD_r0010_c0080.png,T2/BCD_r0010_c0080.png,1,masks/BCD_r0010_c0080.png,0.01084184
BCD_r0010_c0081,T1/BCD_r0010_c0081.png,T2/BCD_r0010_c0081.png,0,masks/BCD_r0010_c0081.png,0.00000000
BCD_r0010_c0082,T1/BCD_r0010_c0082.png,T2/BCD_r0010_c0082.png,0,masks/BCD_r0010_c0082.png,0.00000000
BCD_r0010_c0083,T1/BCD_r0010_c0083.png,T2/BCD_r0010_c0083.png,0,masks/BCD_r0010_c0083.png,0.00000000
BCD_r0010_c0084,T1/BCD_r0010_c0084.png,T2/BCD_r0010_c0084.png,0,masks/BCD_r0010_c0084.png,0.00000000
BCD_r0010_c0085,T1/BCD_r0010_c0085.png,T2/BCD_r0010_c0085.png,0,masks/BCD_r0010_c0085.png,0.00000000
BCD_r0010_c0086,T1/BCD_r0010_c0086.png,T2/BCD_r0010_c0086.png,0,masks/BCD_r0010_c0086.png,0.00000000
BCD_r0010_c0087,T1/BCD_r0010_c0087.png,T2/BCD_r0010_c0087.png,0,masks/BCD_r0010_c0087.png,0.00000000
BCD_r0010_c0088,T1/BCD_r0010_c0088.png,T2/BCD_r0010_c0088.png,0,masks/BCD_r0010_c0088.png,0.00000000
BCD_r0010_c0089,T1/BCD_r0010_c0089.png,T2/BCD_r0010_c0089.png,0,masks/BCD_r0010_c0089.png,0.00000000
BCD_r0010_c0090,T1/BCD_r0010_c0090.png,T2/BCD_r0010_c0090.png,0,masks/BCD_r0010_c0090.png,0.00000000
BCD_r0010_c0091,T1/BCD_r0010_c0091.png,T2/BCD_r0010_c0091.png,1,masks/BCD_r0010_c0091.png,0.71950733
BCD_r0010_c0092,T1/BCD_r0010_c0092.png,T2/BCD_r0010_c0092.png,1,masks/BCD_r0010_c0092.png,1.00000000
BCD_r0010_c0093,T1/BCD_r0010_c0093.png,T2/BCD_r0010_c0093.png,1,masks/BCD_r0010_c0093.png,1.00000000
BCD_r0010_c0094,T1/BCD_r0010_c0094.png,T2/BCD_r0010_c0094.png,1,masks/BCD_r0010_c0094.png,1.00000000
BCD_r0010_c0095,T1/BCD_r0010_c0095.png,T2/BCD_r0010_c0095.png,1,masks/BCD_r0010_c0095.png,0.99021445
BCD_r0010_c0096,T1/BCD_r0010_c0096.png,T2/BCD_r0010_c0096.png,1,masks/BCD_r0010_c0096.png,0.98987564
BCD_r0010_c0097,T1/BCD_r0010_c0097.png,T2/BCD_r0010_c0097.png,1,masks/BCD_r0010_c0097.png,0.36308195
BCD_r0010_c0098,T1/BCD_r0010_c0098.png,T2/BCD_r0010_c0098.png,0,masks/BCD_r0010_c0098.png,0.00000000
BCD_r0010_c0099,T1/BCD_r0010_c0099.png,T2/BCD_r0010_c0099.png,0,masks/BCD_r0010_c0099.png,0.00000000
BCD_r0010_c0100,T1/BCD_r0010_c0100.png,T2/BCD_r0010_c0100.png,0,masks/BCD_r0010_c0100.png,0.00000000
BCD_r0010_c0101,T1/BCD_r0010_c0101.png,T2/BCD_r0010_c0101.png,0,masks/BCD_r0010_c0101.png,0.00000000
BCD_r0010_c0102,T1/BCD_r0010_c0102.png,T2/BCD_r0010_c0102.png,0,masks/BCD_r0010_c0102.png,0.00000000
BCD_r0010_c0103,T1/BCD_r0010_c0103.png,T2/BCD_r0010_c0103.png,0,masks/BCD_r0010_c0103.png,0.00000000
BCD_r0010_c0104,T1/BCD_r0010_c0104.png,T2/BCD_r0010_c0104.png,0,masks/BCD_r0010_c0104.png,0.00000000
BCD_r0010_c0105,T1/BCD_r0010_c0105.png,T2/BCD_r0010_c0105.png,0,masks/BCD_r0010_c0105.png,0.00000000
BCD_r0010_c0106,T1/BCD_r0010_c0106.png,T2/BCD_r0010_c0106.png,0,masks/BCD_r0010_c0106.png,0.00000000
BCD_r0010_c0107,T1/BCD_r0010_c0107.png,T2/BCD_r0010_c0107.png,1,masks/BCD_r0010_c0107.png,0.20272640
BCD_r0010_c0108,T1/BCD_r0010_c0108.png,T2/BCD_r0010_c0108.png,0,masks/BCD_r0010_c0108.png,0.00000000
BCD_r0010_c0109,T1/BCD_r0010_c0109.png,T2/BCD_r0010_c0109.png,0,masks/BCD_r0010_c0109.png,0.00000000
BCD_r0010_c0110,T1/BCD_r0010_c0110.png,T2/BCD_r0010_c0110.png,1,masks/BCD_r0010_c0110.png,0.04980469
BCD_r0010_c0111,T1/BCD_r0010_c0111.png,T2/BCD_r0010_c0111.png,0,masks/BCD_r0010_c0111.png,0.00000000
BCD_r0010_c0112,T1/BCD_r0010_c0112.png,T2/BCD_r0010_c0112.png,0,masks/BCD_r0010_c0112.png,0.00000000
BCD_r0010_c0113,T1/BCD_r0010_c0113.png,T2/BCD_r0010_c0113.png,0,masks/BCD_r0010_c0113.png,0.00000000
BCD_r0010_c0114,T1/BCD_r0010_c0114.png,T2/BCD_r0010_c0114.png,0,masks/BCD_r0010_c0114.png,0.00000000
BCD_r0010_c0115,T1/BCD_r0010_c0115.png,T2/BCD_r0010_c0115.png,0,masks/BCD_r0010_c0115.png,0.00000000
BCD_r0010_c0116,T1/BCD_r0010_c0116.png,T2/BCD_r0010_c0116.png,0,masks/BCD_r0010_c0116.png,0.00000000
BCD_r0010_c0117,T1/BCD_r0010_c0117.png,T2/BCD_r0010_c0117.png,0,masks/BCD_r0010_c0117.png,0.00000000
BCD_r0010_c0118,T1/BCD_r0010_c0118.png,T2/BCD_r0010_c0118.png,1,masks/BCD_r0010_c0118.png,0.01783721
BCD_r0010_c0119,T1/BCD_r0010_c0119.png,T2/BCD_r0010_c0119.png,1,masks/BCD_r0010_c0119.png,0.00320871
BCD_r0010_c0120,T1/BCD_r0010_c0120.png,T2/BCD_r0010_c0120.png,0,masks/BCD_r0010_c0120.png,0.00000000
BCD_r0010_c0121,T1/BCD_r0010_c0121.png,T2/BCD_r0010_c0121.png,0,masks/BCD_r0010_c0121.png,0.00000000
BCD_r0010_c0122,T1/BCD_r0010_c0122.png,T2/BCD_r0010_c0122.png,0,masks/BCD_r0010_c0122.png,0.00000000
BCD_r0010_c0123,T1/BCD_r0010_c0123.png,T2/BCD_r0010_c0123.png,0,masks/BCD_r0010_c0123.png,0.00000000
BCD_r0010_c0124,T1/BCD_r0010_c0124.png,T2/BCD_r0010_c0124.png,0,masks/BCD_r0010_c0124.png,0.00000000
BCD_r0010_c0125,T1/BCD_r0010_c0125.png,T2/BCD_r0010_c0125.png,0,masks/BCD_r0010_c0125.png,0.00000000
BCD_r0010_c0126,T1/BCD_r0010_c0126.png,T2/BCD_r0010_c0126.png,0,masks/BCD_r0010_c0126.png,0.00000000
BCD_r0010_c0127,T1/BCD_r0010_c0127.png,T2/BCD_r0010_c0127.png,0,masks/BCD_r0010_c0127.png,0.00000000
BCD_r0010_c0128,T1/BCD_r0010_c0128.png,T2/BCD_r0010_c0128.png,0,masks/BCD_r0010_c0128.png,0.00000000
BCD_r0010_c0129,T1/BCD_r0010_c0129.png,T2/BCD_r0010_c0129.png,0,masks/BCD_r0010_c0129.png,0.00000000
BCD_r0010_c0130,T1/BCD_r0010_c0130.png,T2/BCD_r0010_c0130.png,0,masks/BCD_r0010_c0130.png,0.00000000
BCD_r0010_c0131,T1/BCD_r0010_c0131.png,T2/BCD_r0010_c0131.png,0,masks/BCD_r0010_c0131.png,0.00000000
BCD_r0010_c0132,T1/BCD_r0010_c0132.png,T2/BCD_r0010_c0132.png,0,masks/BCD_r0010_c0132.png,0.00000000
BCD_r0010_c0133,T1/BCD_r0010_c0133.png,T2/BCD_r0010_c0133.png,0,masks/BCD_r0010_c0133.png,0.00000000
BCD_r0010_c0134,T1/BCD_r0010_c0134.png,T2/BCD_r0010_c0134.png,0,masks/BCD_r0010_c0134.png,0.00000000
BCD_r0010_c0135,T1/BCD_r0010_c0135.png,T2/BCD_r0010_c0135.png,0,masks/BCD_r0010_c0135.png,0.00000000
BCD_r0010_c0136,T1/BCD_r0010_c0136.png,T2/BCD_r0010_c0136.png,0,masks/BCD_r0010_c0136.png,0.00000000
BCD_r0010_c0137,T1/BCD_r0010_c0137.png,T2/BCD_r0010_c0137.png,0,masks/BCD_r0010_c0137.png,0.00000000
BCD_r0010_c0138,T1/BCD_r0010_c0138.png,T2/BCD_r0010_c0138.png,0,masks/BCD_r0010_c0138.png,0.00000000
BCD_r0010_c0139,T1/BCD_r0010_c0139.png,T2/BCD_r0010_c0139.png,0,masks/BCD_r0010_c0139.png,0.00000000
BCD_r0010_c0140,T1/BCD_r0010_c0140.png,T2/BCD_r0010_c0140.png,1,masks/BCD_r0010_c0140.png,0.12653460
BCD_r0010_c0141,T1/BCD_r0010_c0141.png,T2/BCD_r0010_c0141.png,1,masks/BCD_r0010_c0141.png,0.19054927
BCD_r0010_c0142,T1/BCD_r0010_c0142.png,T2/BCD_r0010_c0142.png,0,masks/BCD_r0010_c0142.png,0.00000000
BCD_r0010_c0143,T1/BCD_r0010_c0143.png,T2/BCD_r0010_c0143.png,0,masks/BCD_r0010_c0143.png,0.00000000
BCD_r0010_c0144,T1/BCD_r0010_c0144.png,T2/BCD_r0010_c0144.png,1,masks/BCD_r0010_c0144.png,0.04161352
BCD_r0011_c0000,T1/BCD_r0011_c0000.png,T2/BCD_r0011_c0000.png,0,masks/BCD_r0011_c0000.png,0.00000000
BCD_r0011_c0001,T1/BCD_r0011_c0001.png,T2/BCD_r0011_c0001.png,0,masks/BCD_r0011_c0001.png,0.00000000
BCD_r0011_c0002,T1/BCD_r0011_c0002.png,T2/BCD_r0011_c0002.png,0,masks/BCD_r0011_c0002.png,0.00000000
BCD_r0011_c0003,T1/BCD_r0011_c0003.png,T2/BCD_r0011_c0003.png,0,masks/BCD_r0011_c0003.png,0.00000000
BCD_r0011_c0004,T1/BCD_r0011_c0004.png,T2/BCD_r0011_c0004.png,0,masks/BCD_r0011_c0004.png,0.00000000
BCD_r0011_c0005,T1/BCD_r0011_c0005.png,T2/BCD_r0011_c0005.png,1,masks/BCD_r0011_c0005.png,0.01040338
BCD_r0011_c0006,T1/BCD_r0011_c0006.png,T2/BCD_r0011_c0006.png,1,masks/BCD_r0011_c0006.png,0.01929209
BCD_r0011_c0007,T1/BCD_r0011_c0007.png,T2/BCD_r0011_c0007.png,1,masks/BCD_r0011_c0007.png,0.00805166
BCD_r0011_c0008,T1/BCD_r0011_c0008.png,T2/BCD_r0011_c0008.png,0,masks/BCD_r0011_c0008.png,0.00000000
BCD_r0011_c0009,T1/BCD_r0011_c0009.png,T2/BCD_r0011_c0009.png,0,masks/BCD_r0011_c0009.png,0.00000000
BCD_r0011_c0010,T1/BCD_r0011_c0010.png,T2/BCD_r0011_c0010.png,0,masks/BCD_r0011_c0010.png,0.00000000
BCD_r0011_c0011,T1/BCD_r0011_c0011.png,T2/BCD_r0011_c0011.png,0,masks/BCD_r0011_c0011.png,0.00000000
BCD_r0011_c0012,T1/BCD_r0011_c0012.png,T2/BCD_r0011_c0012.png,0,masks/BCD_r0011_c0012.png,0.00000000
BCD_r0011_c0013,T1/BCD_r0011_c0013.png,T2/BCD_r0011_c0013.png,0,masks/BCD_r0011_c0013.png,0.00000000
BCD_r0011_c0014,T1/BCD_r0011_c0014.png,T2/BCD_r0011_c0014.png,0,masks/BCD_r0011_c0014.png,0.00000000
BCD_r0011_c0015,T1/BCD_r0011_c0015.png,T2/BCD_r0011_c0015.png,0,masks/BCD_r0011_c0015.png,0.00000000
BCD_r0011_c0016,T1/BCD_r0011_c0016.png,T2/BCD_r0011_c0016.png,0,masks/BCD_r0011_c0016.png,0.00000000
BCD_r0011_c0017,T1/BCD_r0011_c0017.png,T2/BCD_r0011_c0017.png,0,masks/BCD_r0011_c0017.png,0.00000000
BCD_r0011_c0018,T1/BCD_r0011_c0018.png,T2/BCD_r0011_c0018.png,0,masks/BCD_r0011_c0018.png,0.00000000
BCD_r0011_c0019,T1/BCD_r0011_c0019.png,T2/BCD_r0011_c0019.png,0,masks/BCD_r0011_c0019.png,0.00000000
BCD_r0011_c0020,T1/BCD_r0011_c0020.png,T2/BCD_r0011_c0020.png,0,masks/BCD_r0011_c0020.png,0.00000000
BCD_r0011_c0021,T1/BCD_r0011_c0021.png,T2/BCD_r0011_c0021.png,0,masks/BCD_r0011_c0021.png,0.00000000
BCD_r0011_c0022,T1/BCD_r0011_c0022.png,T2/BCD_r0011_c0022.png,0,masks/BCD_r0011_c0022.png,0.00000000
BCD_r0011_c0023,T1/BCD_r0011_c0023.png,T2/BCD_r0011_c0023.png,0,masks/BCD_r0011_c0023.png,0.00000000
BCD_r0011_c0024,T1/BCD_r0011_c0024.png,T2/BCD_r0011_c0024.png,0,masks/BCD_r0011_c0024.png,0.00000000
BCD_r0011_c0025,T1/BCD_r0011_c0025.png,T2/BCD_r0011_c0025.png,0,masks/BCD_r0011_c0025.png,0.00000000
BCD_r0011_c0026,T1/BCD_r0011_c0026.png,T2/BCD_r0011_c0026.png,0,masks/BCD_r0011_c0026.png,0.00000000
BCD_r0011_c0027,T1/BCD_r0011_c0027.png,T2/BCD_r0011_c0027.png,1,masks/BCD_r0011_c0027.png,0.51114078
BCD_r0011_c0028,T1/BCD_r0011_c0028.png,T2/BCD_r0011_c0028.png,1,masks/BCD_r0011_c0028.png,0.35969388
BCD_r0011_c0029,T1/BCD_r0011_c0029.png,T2/BCD_r0011_c0029.png,0,masks/BCD_r0011_c0029.png,0.00000000
BCD_r0011_c0030,T1/BCD_r0011_c0030.png,T2/BCD_r0011_c0030.png,1,masks/BCD_r0011_c0030.png,0.06660555
BCD_r0011_c0031,T1/BCD_r0011_c0031.png,T2/BCD_r0011_c0031.png,1,masks/BCD_r0011_c0031.png,0.16049506
BCD_r0011_c0032,T1/BCD_r0011_c0032.png,T2/BCD_r0011_c0032.png,1,masks/BCD_r0011_c0032.png,0.09303253
BCD_r0011_c0033,T1/BCD_r0011_c0033.png,T2/BCD_r0011_c0033.png,0,masks/BCD_r0011_c0033.png,0.00000000
BCD_r0011_c0034,T1/BCD_r0011_c0034.png,T2/BCD_r0011_c0034.png,1,masks/BCD_r0011_c0034.png,0.00051818
BCD_r0011_c0035,T1/BCD_r0011_c0035.png,T2/BCD_r0011_c0035.png,0,masks/BCD_r0011_c0035.png,0.00000000
BCD_r0011_c0036,T1/BCD_r0011_c0036.png,T2/BCD_r0011_c0036.png,1,masks/BCD_r0011_c0036.png,0.72791773
BCD_r0011_c0037,T1/BCD_r0011_c0037.png,T2/BCD_r0011_c0037.png,1,masks/BCD_r0011_c0037.png,0.99730947
BCD_r0011_c0038,T1/BCD_r0011_c0038.png,T2/BCD_r0011_c0038.png,1,masks/BCD_r0011_c0038.png,0.98214286
BCD_r0011_c0039,T1/BCD_r0011_c0039.png,T2/BCD_r0011_c0039.png,1,masks/BCD_r0011_c0039.png,0.86136798
BCD_r0011_c0040,T1/BCD_r0011_c0040.png,T2/BCD_r0011_c0040.png,1,masks/BCD_r0011_c0040.png,0.09626116
BCD_r0011_c0041,T1/BCD_r0011_c0041.png,T2/BCD_r0011_c0041.png,1,masks/BCD_r0011_c0041.png,0.17809311
BCD_r0011_c0042,T1/BCD_r0011_c0042.png,T2/BCD_r0011_c0042.png,1,masks/BCD_r0011_c0042.png,0.12711256
BCD_r0011_c0043,T1/BCD_r0011_c0043.png,T2/BCD_r0011_c0043.png,1,masks/BCD_r0011_c0043.png,0.02152423
BCD_r0011_c0044,T1/BCD_r0011_c0044.png,T2/BCD_r0011_c0044.png,0,masks/BCD_r0011_c0044.png,0.00000000
BCD_r0011_c0045,T1/BCD_r0011_c0045.png,T2/BCD_r0011_c0045.png,0,masks/BCD_r0011_c0045.png,0.00000000
BCD_r0011_c0046,T1/BCD_r0011_c0046.png,T2/BCD_r0011_c0046.png,0,masks/BCD_r0011_c0046.png,0.00000000
BCD_r0011_c0047,T1/BCD_r0011_c0047.png,T2/BCD_r0011_c0047.png,0,masks/BCD_r0011_c0047.png,0.00000000
BCD_r0011_c0048,T1/BCD_r0011_c0048.png,T2/BCD_r0011_c0048.png,0,masks/BCD_r0011_c0048.png,0.00000000
BCD_r0011_c0049,T1/BCD_r0011_c0049.png,T2/BCD_r0011_c0049.png,1,masks/BCD_r0011_c0049.png,0.64981266
BCD_r0011_c0050,T1/BCD_r0011_c0050.png,T2/BCD_r0011_c0050.png,1,masks/BCD_r0011_c0050.png,0.06648597
BCD_r0011_c0051,T1/BCD_r0011_c0051.png,T2/BCD_r0011_c0051.png,0,masks/BCD_r0011_c0051.png,0.00000000
BCD_r0011_c0052,T1/BCD_r0011_c0052.png,T2/BCD_r0011_c0052.png,1,masks/BCD_r0011_c0052.png,0.89518893
BCD_r0011_c0053,T1/BCD_r0011_c0053.png,T2/BCD_r0011_c0053.png,1,masks/BCD_r0011_c0053.png,0.00197305
BCD_r0011_c0054,T1/BCD_r0011_c0054.png,T2/BCD_r0011_c0054.png,0,masks/BCD_r0011_c0054.png,0.00000000
BCD_r0011_c0055,T1/BCD_r0011_c0055.png,T2/BCD_r0011_c0055.png,0,masks/BCD_r0011_c0055.png,0.00000000
BCD_r0011_c0056,T1/BCD_r0011_c0056.png,T2/BCD_r0011_c0056.png,0,masks/BCD_r0011_c0056.png,0.00000000
BCD_r0011_c0057,T1/BCD_r0011_c0057.png,T2/BCD_r0011_c0057.png,0,masks/BCD_r0011_c0057.png,0.00000000
BCD_r0011_c0058,T1/BCD_r0011_c0058.png,T2/BCD_r0011_c0058.png,0,masks/BCD_r0011_c0058.png,0.00000000
BCD_r0011_c0059,T1/BCD_r0011_c0059.png,T2/BCD_r0011_c0059.png,0,masks/BCD_r0011_c0059.png,0.00000000
BCD_r0011_c0060,T1/BCD_r0011_c0060.png,T2/BCD_r0011_c0060.png,1,masks/BCD_r0011_c0060.png,0.15013154
BCD_r0011_c0061,T1/BCD_r0011_c0061.png,T2/BCD_r0011_c0061.png,1,masks/BCD_r0011_c0061.png,0.17871094
BCD_r0011_c0062,T1/BCD_r0011_c0062.png,T2/BCD_r0011_c0062.png,1,masks/BCD_r0011_c0062.png,0.01753827
BCD_r0011_c0063,T1/BCD_r0011_c0063.png,T2/BCD_r0011_c0063.png,0,masks/BCD_r0011_c0063.png,0.00000000
BCD_r0011_c0064,T1/BCD_r0011_c0064.png,T2/BCD_r0011_c0064.png,0,masks/BCD_r0011_c0064.png,0.00000000
BCD_r0011_c0065,T1/BCD_r0011_c0065.png,T2/BCD_r0011_c0065.png,0,masks/BCD_r0011_c0065.png,0.00000000
BCD_r0011_c0066,T1/BCD_r0011_c0066.png,T2/BCD_r0011_c0066.png,0,masks/BCD_r0011_c0066.png,0.00000000
BCD_r0011_c0067,T1/BCD_r0011_c0067.png,T2/BCD_r0011_c0067.png,0,masks/BCD_r0011_c0067.png,0.00000000
BCD_r0011_c0068,T1/BCD_r0011_c0068.png,T2/BCD_r0011_c0068.png,0,masks/BCD_r0011_c0068.png,0.00000000
BCD_r0011_c0069,T1/BCD_r0011_c0069.png,T2/BCD_r0011_c0069.png,0,masks/BCD_r0011_c0069.png,0.00000000
BCD_r0011_c0070,T1/BCD_r0011_c0070.png,T2/BCD_r0011_c0070.png,0,masks/BCD_r0011_c0070.png,0.00000000
BCD_r0011_c0071,T1/BCD_r0011_c0071.png,T2/BCD_r0011_c0071.png,1,masks/BCD_r0011_c0071.png,0.00001993
BCD_r0011_c0072,T1/BCD_r0011_c0072.png,T2/BCD_r0011_c0072.png,1,masks/BCD_r0011_c0072.png,0.00001993
BCD_r0011_c0073,T1/BCD_r0011_c0073.png,T2/BCD_r0011_c0073.png,0,masks/BCD_r0011_c0073.png,0.00000000
BCD_r0011_c0074,T1/BCD_r0011_c0074.png,T2/BCD_r0011_c0074.png,0,masks/BCD_r0011_c0074.png,0.00000000
BCD_r0011_c0075,T1/BCD_r0011_c0075.png,T2/BCD_r0011_c0075.png,0,masks/BCD_r0011_c0075.png,0.00000000
BCD_r0011_c0076,T1/BCD_r0011_c0076.png,T2/BCD_r0011_c0076.png,0,masks/BCD_r0011_c0076.png,0.00000000
BCD_r0011_c0077,T1/BCD_r0011_c0077.png,T2/BCD_r0011_c0077.png,0,masks/BCD_r0011_c0077.png,0.00000000
BCD_r0011_c0078,T1/BCD_r0011_c0078.png,T2/BCD_r0011_c0078.png,1,masks/BCD_r0011_c0078.png,0.01078205
BCD_r0011_c0079,T1/BCD_r0011_c0079.png,T2/BCD_r0011_c0079.png,1,masks/BCD_r0011_c0079.png,0.00681601
BCD_r0011_c0080,T1/BCD_r0011_c0080.png,T2/BCD_r0011_c0080.png,0,masks/BCD_r0011_c0080.png,0.00000000
BCD_r0011_c0081,T1/BCD_r0011_c0081.png,T2/BCD_r0011_c0081.png,0,masks/BCD_r0011_c0081.png,0.00000000
BCD_r0011_c0082,T1/BCD_r0011_c0082.png,T2/BCD_r0011_c0082.png,0,masks/BCD_r0011_c0082.png,0.00000000
BCD_r0011_c0083,T1/BCD_r0011_c0083.png,T2/BCD_r0011_c0083.png,0,masks/BCD_r0011_c0083.png,0.00000000
BCD_r0011_c0084,T1/BCD_r0011_c0084.png,T2/BCD_r0011_c0084.png,1,masks/BCD_r0011_c0084.png,0.24471859
BCD_r0011_c0085,T1/BCD_r0011_c0085.png,T2/BCD_r0011_c0085.png,1,masks/BCD_r0011_c0085.png,0.39929448
BCD_r0011_c0086,T1/BCD_r0011_c0086.png,T2/BCD_r0011_c0086.png,0,masks/BCD_r0011_c0086.png,0.00000000
BCD_r0011_c0087,T1/BCD_r0011_c0087.png,T2/BCD_r0011_c0087.png,0,masks/BCD_r0011_c0087.png,0.00000000
BCD_r0011_c0088,T1/BCD_r0011_c0088.png,T2/BCD_r0011_c0088.png,0,masks/BCD_r0011_c0088.png,0.00000000
BCD_r0011_c0089,T1/BCD_r0011_c0089.png,T2/BCD_r0011_c0089.png,0,masks/BCD_r0011_c0089.png,0.00000000
BCD_r0011_c0090,T1/BCD_r0011_c0090.png,T2/BCD_r0011_c0090.png,1,masks/BCD_r0011_c0090.png,0.00001993
BCD_r0011_c0091,T1/BCD_r0011_c0091.png,T2/BCD_r0011_c0091.png,1,masks/BCD_r0011_c0091.png,0.65692761
BCD_r0011_c0092,T1/BCD_r0011_c0092.png,T2/BCD_r0011_c0092.png,1,masks/BCD_r0011_c0092.png,1.00000000
BCD_r0011_c0093,T1/BCD_r0011_c0093.png,T2/BCD_r0011_c0093.png,1,masks/BCD_r0011_c0093.png,1.00000000
BCD_r0011_c0094,T1/BCD_r0011_c0094.png,T2/BCD_r0011_c0094.png,1,masks/BCD_r0011_c0094.png,1.00000000
BCD_r0011_c0095,T1/BCD_r0011_c0095.png,T2/BCD_r0011_c0095.png,1,masks/BCD_r0011_c0095.png,0.99531649
BCD_r0011_c0096,T1/BCD_r0011_c0096.png,T2/BCD_r0011_c0096.png,1,masks/BCD_r0011_c0096.png,0.39028619
BCD_r0011_c0097,T1/BCD_r0011_c0097.png,T2/BCD_r0011_c0097.png,1,masks/BCD_r0011_c0097.png,0.16057478
BCD_r0011_c0098,T1/BCD_r0011_c0098.png,T2/BCD_r0011_c0098.png,1,masks/BCD_r0011_c0098.png,0.13406808
BCD_r0011_c0099,T1/BCD_r0011_c0099.png,T2/BCD_r0011_c0099.png,0,masks/BCD_r0011_c0099.png,0.00000000
BCD_r0011_c0100,T1/BCD_r0011_c0100.png,T2/BCD_r0011_c0100.png,0,masks/BCD_r0011_c0100.png,0.00000000
BCD_r0011_c0101,T1/BCD_r0011_c0101.png,T2/BCD_r0011_c0101.png,0,masks/BCD_r0011_c0101.png,0.00000000
BCD_r0011_c0102,T1/BCD_r0011_c0102.png,T2/BCD_r0011_c0102.png,0,masks/BCD_r0011_c0102.png,0.00000000
BCD_r0011_c0103,T1/BCD_r0011_c0103.png,T2/BCD_r0011_c0103.png,0,masks/BCD_r0011_c0103.png,0.00000000
BCD_r0011_c0104,T1/BCD_r0011_c0104.png,T2/BCD_r0011_c0104.png,0,masks/BCD_r0011_c0104.png,0.00000000
BCD_r0011_c0105,T1/BCD_r0011_c0105.png,T2/BCD_r0011_c0105.png,0,masks/BCD_r0011_c0105.png,0.00000000
BCD_r0011_c0106,T1/BCD_r0011_c0106.png,T2/BCD_r0011_c0106.png,0,masks/BCD_r0011_c0106.png,0.00000000
BCD_r0011_c0107,T1/BCD_r0011_c0107.png,T2/BCD_r0011_c0107.png,0,masks/BCD_r0011_c0107.png,0.00000000
BCD_r0011_c0108,T1/BCD_r0011_c0108.png,T2/BCD_r0011_c0108.png,0,masks/BCD_r0011_c0108.png,0.00000000
BCD_r0011_c0109,T1/BCD_r0011_c0109.png,T2/BCD_r0011_c0109.png,0,masks/BCD_r0011_c0109.png,0.00000000
BCD_r0011_c0110,T1/BCD_r0011_c0110.png,T2/BCD_r0011_c0110.png,0,masks/BCD_r0011_c0110.png,0.00000000
BCD_r0011_c0111,T1/BCD_r0011_c0111.png,T2/BCD_r0011_c0111.png,0,masks/BCD_r0011_c0111.png,0.00000000
BCD_r0011_c0112,T1/BCD_r0011_c0112.png,T2/BCD_r0011_c0112.png,0,masks/BCD_r0011_c0112.png,0.00000000
BCD_r0011_c0113,T1/BCD_r0011_c0113.png,T2/BCD_r0011_c0113.png,0,masks/BCD_r0011_c0113.png,0.00000000
BCD_r0011_c0114,T1/BCD_r0011_c0114.png,T2/BCD_r0011_c0114.png,0,masks/BCD_r0011_c0114.png,0.00000000
BCD_r0011_c0115,T1/BCD_r0011_c0115.png,T2/BCD_r0011_c0115.png,0,masks/BCD_r0011_c0115.png,0.00000000
BCD_r0011_c0116,T1/BCD_r0011_c0116.png,T2/BCD_r0011_c0116.png,0,masks/BCD_r0011_c0116.png,0.00000000
BCD_r0011_c0117,T1/BCD_r0011_c0117.png,T2/BCD_r0011_c0117.png,0,masks/BCD_r0011_c0117.png,0.00000000
BCD_r0011_c0118,T1/BCD_r0011_c0118.png,T2/BCD_r0011_c0118.png,0,masks/BCD_r0011_c0118.png,0.00000000
BCD_r0011_c0119,T1/BCD_r0011_c0119.png,T2/BCD_r0011_c0119.png,0,masks/BCD_r0011_c0119.png,0.00000000
BCD_r0011_c0120,T1/BCD_r0011_c0120.png,T2/BCD_r0011_c0120.png,0,masks/BCD_r0011_c0120.png,0.00000000
BCD_r0011_c0121,T1/BCD_r0011_c0121.png,T2/BCD_r0011_c0121.png,0,masks/BCD_r0011_c0121.png,0.00000000
BCD_r0011_c0122,T1/BCD_r0011_c0122.png,T2/BCD_r0011_c0122.png,0,masks/BCD_r0011_c0122.png,0.00000000
BCD_r0011_c0123,T1/BCD_r0011_c0123.png,T2/BCD_r0011_c0123.png,0,masks/BCD_r0011_c0123.png,0.00000000
BCD_r0011_c0124,T1/BCD_r0011_c0124.png,T2/BCD_r0011_c0124.png,0,masks/BCD_r0011_c0124.png,0.00000000
BCD_r0011_c0125,T1/BCD_r0011_c0125.png,T2/BCD_r0011_c0125.png,0,masks/BCD_r0011_c0125.png,0.00000000
BCD_r0011_c0126,T1/BCD_r0011_c0126.png,T2/BCD_r0011_c0126.png,0,masks/BCD_r0011_c0126.png,0.00000000
BCD_r0011_c0127,T1/BCD_r0011_c0127.png,T2/BCD_r0011_c0127.png,0,masks/BCD_r0011_c0127.png,0.00000000
BCD_r0011_c0128,T1/BCD_r0011_c0128.png,T2/BCD_r0011_c0128.png,0,masks/BCD_r0011_c0128.png,0.00000000
BCD_r0011_c0129,T1/BCD_r0011_c0129.png,T2/BCD_r0011_c0129.png,0,masks/BCD_r0011_c0129.png,0.00000000
BCD_r0011_c0130,T1/BCD_r0011_c0130.png,T2/BCD_r0011_c0130.png,0,masks/BCD_r0011_c0130.png,0.00000000
BCD_r0011_c0131,T1/BCD_r0011_c0131.png,T2/BCD_r0011_c0131.png,0,masks/BCD_r0011_c0131.png,0.00000000
BCD_r0011_c0132,T1/BCD_r0011_c0132.png,T2/BCD_r0011_c0132.png,0,masks/BCD_r0011_c0132.png,0.00000000
BCD_r0011_c0133,T1/BCD_r0011_c0133.png,T2/BCD_r0011_c0133.png,0,masks/BCD_r0011_c0133.png,0.00000000
BCD_r0011_c0134,T1/BCD_r0011_c0134.png,T2/BCD_r0011_c0134.png,0,masks/BCD_r0011_c0134.png,0.00000000
BCD_r0011_c0135,T1/BCD_r0011_c0135.png,T2/BCD_r0011_c0135.png,0,masks/BCD_r0011_c0135.png,0.00000000
BCD_r0011_c0136,T1/BCD_r0011_c0136.png,T2/BCD_r0011_c0136.png,0,masks/BCD_r0011_c0136.png,0.00000000
BCD_r0011_c0137,T1/BCD_r0011_c0137.png,T2/BCD_r0011_c0137.png,0,masks/BCD_r0011_c0137.png,0.00000000
BCD_r0011_c0138,T1/BCD_r0011_c0138.png,T2/BCD_r0011_c0138.png,0,masks/BCD_r0011_c0138.png,0.00000000
BCD_r0011_c0139,T1/BCD_r0011_c0139.png,T2/BCD_r0011_c0139.png,0,masks/BCD_r0011_c0139.png,0.00000000
BCD_r0011_c0140,T1/BCD_r0011_c0140.png,T2/BCD_r0011_c0140.png,1,masks/BCD_r0011_c0140.png,0.01516661
BCD_r0011_c0141,T1/BCD_r0011_c0141.png,T2/BCD_r0011_c0141.png,0,masks/BCD_r0011_c0141.png,0.00000000
BCD_r0011_c0142,T1/BCD_r0011_c0142.png,T2/BCD_r0011_c0142.png,0,masks/BCD_r0011_c0142.png,0.00000000
BCD_r0011_c0143,T1/BCD_r0011_c0143.png,T2/BCD_r0011_c0143.png,0,masks/BCD_r0011_c0143.png,0.00000000
BCD_r0011_c0144,T1/BCD_r0011_c0144.png,T2/BCD_r0011_c0144.png,1,masks/BCD_r0011_c0144.png,0.02564971
BCD_r0012_c0000,T1/BCD_r0012_c0000.png,T2/BCD_r0012_c0000.png,0,masks/BCD_r0012_c0000.png,0.00000000
BCD_r0012_c0001,T1/BCD_r0012_c0001.png,T2/BCD_r0012_c0001.png,0,masks/BCD_r0012_c0001.png,0.00000000
BCD_r0012_c0002,T1/BCD_r0012_c0002.png,T2/BCD_r0012_c0002.png,0,masks/BCD_r0012_c0002.png,0.00000000
BCD_r0012_c0003,T1/BCD_r0012_c0003.png,T2/BCD_r0012_c0003.png,0,masks/BCD_r0012_c0003.png,0.00000000
BCD_r0012_c0004,T1/BCD_r0012_c0004.png,T2/BCD_r0012_c0004.png,0,masks/BCD_r0012_c0004.png,0.00000000
BCD_r0012_c0005,T1/BCD_r0012_c0005.png,T2/BCD_r0012_c0005.png,0,masks/BCD_r0012_c0005.png,0.00000000
BCD_r0012_c0006,T1/BCD_r0012_c0006.png,T2/BCD_r0012_c0006.png,0,masks/BCD_r0012_c0006.png,0.00000000
BCD_r0012_c0007,T1/BCD_r0012_c0007.png,T2/BCD_r0012_c0007.png,0,masks/BCD_r0012_c0007.png,0.00000000
BCD_r0012_c0008,T1/BCD_r0012_c0008.png,T2/BCD_r0012_c0008.png,0,masks/BCD_r0012_c0008.png,0.00000000
BCD_r0012_c0009,T1/BCD_r0012_c0009.png,T2/BCD_r0012_c0009.png,1,masks/BCD_r0012_c0009.png,0.02417490
BCD_r0012_c0010,T1/BCD_r0012_c0010.png,T2/BCD_r0012_c0010.png,0,masks/BCD_r0012_c0010.png,0.00000000
BCD_r0012_c0011,T1/BCD_r0012_c0011.png,T2/BCD_r0012_c0011.png,0,masks/BCD_r0012_c0011.png,0.00000000
BCD_r0012_c0012,T1/BCD_r0012_c0012.png,T2/BCD_r0012_c0012.png,0,masks/BCD_r0012_c0012.png,0.00000000
BCD_r0012_c0013,T1/BCD_r0012_c0013.png,T2/BCD_r0012_c0013.png,0,masks/BCD_r0012_c0013.png,0.00000000
BCD_r0012_c0014,T1/BCD_r0012_c0014.png,T2/BCD_r0012_c0014.png,0,masks/BCD_r0012_c0014.png,0.00000000
BCD_r0012_c0015,T1/BCD_r0012_c0015.png,T2/BCD_r0012_c0015.png,0,masks/BCD_r0012_c0015.png,0.00000000
BCD_r0012_c0016,T1/BCD_r0012_c0016.png,T2/BCD_r0012_c0016.png,0,masks/BCD_r0012_c0016.png,0.00000000
BCD_r0012_c0017,T1/BCD_r0012_c0017.png,T2/BCD_r0012_c0017.png,0,masks/BCD_r0012_c0017.png,0.00000000
BCD_r0012_c0018,T1/BCD_r0012_c0018.png,T2/BCD_r0012_c0018.png,0,masks/BCD_r0012_c0018.png,0.00000000
BCD_r0012_c0019,T1/BCD_r0012_c0019.png,T2/BCD_r0012_c0019.png,0,masks/BCD_r0012_c0019.png,0.00000000
BCD_r0012_c0020,T1/BCD_r0012_c0020.png,T2/BCD_r0012_c0020.png,0,masks/BCD_r0012_c0020.png,0.00000000
BCD_r0012_c0021,T1/BCD_r0012_c0021.png,T2/BCD_r0012_c0021.png,0,masks/BCD_r0012_c0021.png,0.00000000
BCD_r0012_c0022,T1/BCD_r0012_c0022.png,T2/BCD_r0012_c0022.png,0,masks/BCD_r0012_c0022.png,0.00000000
BCD_r0012_c0023,T1/BCD_r0012_c0023.png,T2/BCD_r0012_c0023.png,0,masks/BCD_r0012_c0023.png,0.00000000
BCD_r0012_c0024,T1/BCD_r0012_c0024.png,T2/BCD_r0012_c0024.png,0,masks/BCD_r0012_c0024.png,0.00000000
BCD_r0012_c0025,T1/BCD_r0012_c0025.png,T2/BCD_r0012_c0025.png,0,masks/BCD_r0012_c0025.png,0.00000000
BCD_r0012_c0026,T1/BCD_r0012_c0026.png,T2/BCD_r0012_c0026.png,0,masks/BCD_r0012_c0026.png,0.00000000
BCD_r0012_c0027,T1/BCD_r0012_c0027.png,T2/BCD_r0012_c0027.png,1,masks/BCD_r0012_c0027.png,0.02256059
BCD_r0012_c0028,T1/BCD_r0012_c0028.png,T2/BCD_r0012_c0028.png,1,masks/BCD_r0012_c0028.png,0.04199219
BCD_r0012_c0029,T1/BCD_r0012_c0029.png,T2/BCD_r0012_c0029.png,0,masks/BCD_r0012_c0029.png,0.00000000
BCD_r0012_c0030,T1/BCD_r0012_c0030.png,T2/BCD_r0012_c0030.png,1,masks/BCD_r0012_c0030.png,0.16420201
BCD_r0012_c0031,T1/BCD_r0012_c0031.png,T2/BCD_r0012_c0031.png,1,masks/BCD_r0012_c0031.png,0.59093989
BCD_r0012_c0032,T1/BCD_r0012_c0032.png,T2/BCD_r0012_c0032.png,1,masks/BCD_r0012_c0032.png,0.75193320
BCD_r0012_c0033,T1/BCD_r0012_c0033.png,T2/BCD_r0012_c0033.png,1,masks/BCD_r0012_c0033.png,0.66360411
BCD_r0012_c0034,T1/BCD_r0012_c0034.png,T2/BCD_r0012_c0034.png,1,masks/BCD_r0012_c0034.png,0.10819914
BCD_r0012_c0035,T1/BCD_r0012_c0035.png,T2/BCD_r0012_c0035.png,0,masks/BCD_r0012_c0035.png,0.00000000
BCD_r0012_c0036,T1/BCD_r0012_c0036.png,T2/BCD_r0012_c0036.png,1,masks/BCD_r0012_c0036.png,0.11846301
BCD_r0012_c0037,T1/BCD_r0012_c0037.png,T2/BCD_r0012_c0037.png,1,masks/BCD_r0012_c0037.png,0.04773198
BCD_r0012_c0038,T1/BCD_r0012_c0038.png,T2/BCD_r0012_c0038.png,1,masks/BCD_r0012_c0038.png,0.01484774
BCD_r0012_c0039,T1/BCD_r0012_c0039.png,T2/BCD_r0012_c0039.png,0,masks/BCD_r0012_c0039.png,0.00000000
BCD_r0012_c0040,T1/BCD_r0012_c0040.png,T2/BCD_r0012_c0040.png,0,masks/BCD_r0012_c0040.png,0.00000000
BCD_r0012_c0041,T1/BCD_r0012_c0041.png,T2/BCD_r0012_c0041.png,1,masks/BCD_r0012_c0041.png,0.33035714
BCD_r0012_c0042,T1/BCD_r0012_c0042.png,T2/BCD_r0012_c0042.png,1,masks/BCD_r0012_c0042.png,0.01393096
BCD_r0012_c0043,T1/BCD_r0012_c0043.png,T2/BCD_r0012_c0043.png,0,masks/BCD_r0012_c0043.png,0.00000000
BCD_r0012_c0044,T1/BCD_r0012_c0044.png,T2/BCD_r0012_c0044.png,0,masks/BCD_r0012_c0044.png,0.00000000
BCD_r0012_c0045,T1/BCD_r0012_c0045.png,T2/BCD_r0012_c0045.png,1,masks/BCD_r0012_c0045.png,0.12462133
BCD_r0012_c0046,T1/BCD_r0012_c0046.png,T2/BCD_r0012_c0046.png,0,masks/BCD_r0012_c0046.png,0.00000000
BCD_r0012_c0047,T1/BCD_r0012_c0047.png,T2/BCD_r0012_c0047.png,0,masks/BCD_r0012_c0047.png,0.00000000
BCD_r0012_c0048,T1/BCD_r0012_c0048.png,T2/BCD_r0012_c0048.png,0,masks/BCD_r0012_c0048.png,0.00000000
BCD_r0012_c0049,T1/BCD_r0012_c0049.png,T2/BCD_r0012_c0049.png,1,masks/BCD_r0012_c0049.png,0.33394452
BCD_r0012_c0050,T1/BCD_r0012_c0050.png,T2/BCD_r0012_c0050.png,1,masks/BCD_r0012_c0050.png,0.12581712
BCD_r0012_c0051,T1/BCD_r0012_c0051.png,T2/BCD_r0012_c0051.png,1,masks/BCD_r0012_c0051.png,0.07354114
BCD_r0012_c0052,T1/BCD_r0012_c0052.png,T2/BCD_r0012_c0052.png,1,masks/BCD_r0012_c0052.png,0.10548868
BCD_r0012_c0053,T1/BCD_r0012_c0053.png,T2/BCD_r0012_c0053.png,1,masks/BCD_r0012_c0053.png,0.00213249
BCD_r0012_c0054,T1/BCD_r0012_c0054.png,T2/BCD_r0012_c0054.png,0,masks/BCD_r0012_c0054.png,0.00000000
BCD_r0012_c0055,T1/BCD_r0012_c0055.png,T2/BCD_r0012_c0055.png,0,masks/BCD_r0012_c0055.png,0.00000000
BCD_r0012_c0056,T1/BCD_r0012_c0056.png,T2/BCD_r0012_c0056.png,1,masks/BCD_r0012_c0056.png,0.01763791
BCD_r0012_c0057,T1/BCD_r0012_c0057.png,T2/BCD_r0012_c0057.png,1,masks/BCD_r0012_c0057.png,0.05450813
BCD_r0012_c0058,T1/BCD_r0012_c0058.png,T2/BCD_r0012_c0058.png,0,masks/BCD_r0012_c0058.png,0.00000000
BCD_r0012_c0059,T1/BCD_r0012_c0059.png,T2/BCD_r0012_c0059.png,0,masks/BCD_r0012_c0059.png,0.00000000
BCD_r0012_c0060,T1/BCD_r0012_c0060.png,T2/BCD_r0012_c0060.png,0,masks/BCD_r0012_c0060.png,0.00000000
BCD_r0012_c0061,T1/BCD_r0012_c0061.png,T2/BCD_r0012_c0061.png,0,masks/BCD_r0012_c0061.png,0.00000000
BCD_r0012_c0062,T1/BCD_r0012_c0062.png,T2/BCD_r0012_c0062.png,0,masks/BCD_r0012_c0062.png,0.00000000
BCD_r0012_c0063,T1/BCD_r0012_c0063.png,T2/BCD_r0012_c0063.png,0,masks/BCD_r0012_c0063.png,0.00000000
BCD_r0012_c0064,T1/BCD_r0012_c0064.png,T2/BCD_r0012_c0064.png,0,masks/BCD_r0012_c0064.png,0.00000000
BCD_r0012_c0065,T1/BCD_r0012_c0065.png,T2/BCD_r0012_c0065.png,0,masks/BCD_r0012_c0065.png,0.00000000
BCD_r0012_c0066,T1/BCD_r0012_c0066.png,T2/BCD_r0012_c0066.png,1,masks/BCD_r0012_c0066.png,0.08681441
BCD_r0012_c0067,T1/BCD_r0012_c0067.png,T2/BCD_r0012_c0067.png,1,masks/BCD_r0012_c0067.png,0.15758530
BCD_r0012_c0068,T1/BCD_r0012_c0068.png,T2/BCD_r0012_c0068.png,0,masks/BCD_r0012_c0068.png,0.00000000
BCD_r0012_c0069,T1/BCD_r0012_c0069.png,T2/BCD_r0012_c0069.png,0,masks/BCD_r0012_c0069.png,0.00000000
BCD_r0012_c0070,T1/BCD_r0012_c0070.png,T2/BCD_r0012_c0070.png,0,masks/BCD_r0012_c0070.png,0.00000000
BCD_r0012_c0071,T1/BCD_r0012_c0071.png,T2/BCD_r0012_c0071.png,1,masks/BCD_r0012_c0071.png,0.06465242
BCD_r0012_c0072,T1/BCD_r0012_c0072.png,T2/BCD_r0012_c0072.png,1,masks/BCD_r0012_c0072.png,0.17516342
BCD_r0012_c0073,T1/BCD_r0012_c0073.png,T2/BCD_r0012_c0073.png,0,masks/BCD_r0012_c0073.png,0.00000000
BCD_r0012_c0074,T1/BCD_r0012_c0074.png,T2/BCD_r0012_c0074.png,0,masks/BCD_r0012_c0074.png,0.00000000
BCD_r0012_c0075,T1/BCD_r0012_c0075.png,T2/BCD_r0012_c0075.png,0,masks/BCD_r0012_c0075.png,0.00000000
BCD_r0012_c0076,T1/BCD_r0012_c0076.png,T2/BCD_r0012_c0076.png,0,masks/BCD_r0012_c0076.png,0.00000000
BCD_r0012_c0077,T1/BCD_r0012_c0077.png,T2/BCD_r0012_c0077.png,0,masks/BCD_r0012_c0077.png,0.00000000
BCD_r0012_c0078,T1/BCD_r0012_c0078.png,T2/BCD_r0012_c0078.png,1,masks/BCD_r0012_c0078.png,0.02182318
BCD_r0012_c0079,T1/BCD_r0012_c0079.png,T2/BCD_r0012_c0079.png,0,masks/BCD_r0012_c0079.png,0.00000000
BCD_r0012_c0080,T1/BCD_r0012_c0080.png,T2/BCD_r0012_c0080.png,1,masks/BCD_r0012_c0080.png,0.01871413
BCD_r0012_c0081,T1/BCD_r0012_c0081.png,T2/BCD_r0012_c0081.png,1,masks/BCD_r0012_c0081.png,0.03079161
BCD_r0012_c0082,T1/BCD_r0012_c0082.png,T2/BCD_r0012_c0082.png,0,masks/BCD_r0012_c0082.png,0.00000000
BCD_r0012_c0083,T1/BCD_r0012_c0083.png,T2/BCD_r0012_c0083.png,0,masks/BCD_r0012_c0083.png,0.00000000
BCD_r0012_c0084,T1/BCD_r0012_c0084.png,T2/BCD_r0012_c0084.png,1,masks/BCD_r0012_c0084.png,0.02002950
BCD_r0012_c0085,T1/BCD_r0012_c0085.png,T2/BCD_r0012_c0085.png,1,masks/BCD_r0012_c0085.png,0.07065131
BCD_r0012_c0086,T1/BCD_r0012_c0086.png,T2/BCD_r0012_c0086.png,0,masks/BCD_r0012_c0086.png,0.00000000
BCD_r0012_c0087,T1/BCD_r0012_c0087.png,T2/BCD_r0012_c0087.png,0,masks/BCD_r0012_c0087.png,0.00000000
BCD_r0012_c0088,T1/BCD_r0012_c0088.png,T2/BCD_r0012_c0088.png,0,masks/BCD_r0012_c0088.png,0.00000000
BCD_r0012_c0089,T1/BCD_r0012_c0089.png,T2/BCD_r0012_c0089.png,0,masks/BCD_r0012_c0089.png,0.00000000
BCD_r0012_c0090,T1/BCD_r0012_c0090.png,T2/BCD_r0012_c0090.png,0,masks/BCD_r0012_c0090.png,0.00000000
BCD_r0012_c0091,T1/BCD_r0012_c0091.png,T2/BCD_r0012_c0091.png,1,masks/BCD_r0012_c0091.png,0.07934072
BCD_r0012_c0092,T1/BCD_r0012_c0092.png,T2/BCD_r0012_c0092.png,1,masks/BCD_r0012_c0092.png,0.88847258
BCD_r0012_c0093,T1/BCD_r0012_c0093.png,T2/BCD_r0012_c0093.png,1,masks/BCD_r0012_c0093.png,0.70015545
BCD_r0012_c0094,T1/BCD_r0012_c0094.png,T2/BCD_r0012_c0094.png,1,masks/BCD_r0012_c0094.png,0.90296158
BCD_r0012_c0095,T1/BCD_r0012_c0095.png,T2/BCD_r0012_c0095.png,1,masks/BCD_r0012_c0095.png,0.99930246
BCD_r0012_c0096,T1/BCD_r0012_c0096.png,T2/BCD_r0012_c0096.png,1,masks/BCD_r0012_c0096.png,0.52509168
BCD_r0012_c0097,T1/BCD_r0012_c0097.png,T2/BCD_r0012_c0097.png,1,masks/BCD_r0012_c0097.png,0.31580835
BCD_r0012_c0098,T1/BCD_r0012_c0098.png,T2/BCD_r0012_c0098.png,1,masks/BCD_r0012_c0098.png,0.85449219
BCD_r0012_c0099,T1/BCD_r0012_c0099.png,T2/BCD_r0012_c0099.png,1,masks/BCD_r0012_c0099.png,0.01255580
BCD_r0012_c0100,T1/BCD_r0012_c0100.png,T2/BCD_r0012_c0100.png,1,masks/BCD_r0012_c0100.png,0.02100606
BCD_r0012_c0101,T1/BCD_r0012_c0101.png,T2/BCD_r0012_c0101.png,0,masks/BCD_r0012_c0101.png,0.00000000
BCD_r0012_c0102,T1/BCD_r0012_c0102.png,T2/BCD_r0012_c0102.png,0,masks/BCD_r0012_c0102.png,0.00000000
BCD_r0012_c0103,T1/BCD_r0012_c0103.png,T2/BCD_r0012_c0103.png,0,masks/BCD_r0012_c0103.png,0.00000000
BCD_r0012_c0104,T1/BCD_r0012_c0104.png,T2/BCD_r0012_c0104.png,0,masks/BCD_r0012_c0104.png,0.00000000
BCD_r0012_c0105,T1/BCD_r0012_c0105.png,T2/BCD_r0012_c0105.png,0,masks/BCD_r0012_c0105.png,0.00000000
BCD_r0012_c0106,T1/BCD_r0012_c0106.png,T2/BCD_r0012_c0106.png,0,masks/BCD_r0012_c0106.png,0.00000000
BCD_r0012_c0107,T1/BCD_r0012_c0107.png,T2/BCD_r0012_c0107.png,0,masks/BCD_r0012_c0107.png,0.00000000
BCD_r0012_c0108,T1/BCD_r0012_c0108.png,T2/BCD_r0012_c0108.png,0,masks/BCD_r0012_c0108.png,0.00000000
BCD_r0012_c0109,T1/BCD_r0012_c0109.png,T2/BCD_r0012_c0109.png,0,masks/BCD_r0012_c0109.png,0.00000000
BCD_r0012_c0110,T1/BCD_r0012_c0110.png,T2/BCD_r0012_c0110.png,0,masks/BCD_r0012_c0110.png,0.00000000
BCD_r0012_c0111,T1/BCD_r0012_c0111.png,T2/BCD_r0012_c0111.png,0,masks/BCD_r0012_c0111.png,0.00000000
BCD_r0012_c0112,T1/BCD_r0012_c0112.png,T2/BCD_r0012_c0112.png,0,masks/BCD_r0012_c0112.png,0.00000000
BCD_r0012_c0113,T1/BCD_r0012_c0113.png,T2/BCD_r0012_c0113.png,0,masks/BCD_r0012_c0113.png,0.00000000
BCD_r0012_c0114,T1/BCD_r0012_c0114.png,T2/BCD_r0012_c0114.png,0,masks/BCD_r0012_c0114.png,0.00000000
BCD_r0012_c0115,T1/BCD_r0012_c0115.png,T2/BCD_r0012_c0115.png,0,masks/BCD_r0012_c0115.png,0.00000000
BCD_r0012_c0116,T1/BCD_r0012_c0116.png,T2/BCD_r0012_c0116.png,0,masks/BCD_r0012_c0116.png,0.00000000
BCD_r0012_c0117,T1/BCD_r0012_c0117.png,T2/BCD_r0012_c0117.png,0,masks/BCD_r0012_c0117.png,0.00000000
BCD_r0012_c0118,T1/BCD_r0012_c0118.png,T2/BCD_r0012_c0118.png,0,masks/BCD_r0012_c0118.png,0.00000000
BCD_r0012_c0119,T1/BCD_r0012_c0119.png,T2/BCD_r0012_c0119.png,0,masks/BCD_r0012_c0119.png,0.00000000
BCD_r0012_c0120,T1/BCD_r0012_c0120.png,T2/BCD_r0012_c0120.png,0,masks/BCD_r0012_c0120.png,0.00000000
BCD_r0012_c0121,T1/BCD_r0012_c0121.png,T2/BCD_r0012_c0121.png,0,masks/BCD_r0012_c0121.png,0.00000000
BCD_r0012_c0122,T1/BCD_r0012_c0122.png,T2/BCD_r0012_c0122.png,0,masks/BCD_r0012_c0122.png,0.00000000
BCD_r0012_c0123,T1/BCD_r0012_c0123.png,T2/BCD_r0012_c0123.png,0,masks/BCD_r0012_c0123.png,0.00000000
BCD_r0012_c0124,T1/BCD_r0012_c0124.png,T2/BCD_r0012_c0124.png,0,masks/BCD_r0012_c0124.png,0.00000000
BCD_r0012_c0125,T1/BCD_r0012_c0125.png,T2/BCD_r0012_c0125.png,0,masks/BCD_r0012_c0125.png,0.00000000
BCD_r0012_c0126,T1/BCD_r0012_c0126.png,T2/BCD_r0012_c0126.png,0,masks/BCD_r0012_c0126.png,0.00000000
BCD_r0012_c0127,T1/BCD_r0012_c0127.png,T2/BCD_r0012_c0127.png,0,masks/BCD_r0012_c0127.png,0.00000000
BCD_r0012_c0128,T1/BCD_r0012_c0128.png,T2/BCD_r0012_c0128.png,0,masks/BCD_r0012_c0128.png,0.00000000
BCD_r0012_c0129,T1/BCD_r0012_c0129.png,T2/BCD_r0012_c0129.png,0,masks/BCD_r0012_c0129.png,0.00000000
BCD_r0012_c0130,T1/BCD_r0012_c0130.png,T2/BCD_r0012_c0130.png,0,masks/BCD_r0012_c0130.png,0.00000000
BCD_r0012_c0131,T1/BCD_r0012_c0131.png,T2/BCD_r0012_c0131.png,0,masks/BCD_r0012_c0131.png,0.00000000
BCD_r0012_c0132,T1/BCD_r0012_c0132.png,T2/BCD_r0012_c0132.png,0,masks/BCD_r0012_c0132.png,0.00000000
BCD_r0012_c0133,T1/BCD_r0012_c0133.png,T2/BCD_r0012_c0133.png,0,masks/BCD_r0012_c0133.png,0.00000000
BCD_r0012_c0134,T1/BCD_r0012_c0134.png,T2/BCD_r0012_c0134.png,0,masks/BCD_r0012_c0134.png,0.00000000
BCD_r0012_c0135,T1/BCD_r0012_c0135.png,T2/BCD_r0012_c0135.png,1,masks/BCD_r0012_c0135.png,0.01893335
BCD_r0012_c0136,T1/BCD_r0012_c0136.png,T2/BCD_r0012_c0136.png,1,masks/BCD_r0012_c0136.png,0.38903061
BCD_r0012_c0137,T1/BCD_r0012_c0137.png,T2/BCD_r0012_c0137.png,1,masks/BCD_r0012_c0137.png,0.14738122
BCD_r0012_c0138,T1/BCD_r0012_c0138.png,T2/BCD_r0012_c0138.png,0,masks/BCD_r0012_c0138.png,0.00000000
BCD_r0012_c0139,T1/BCD_r0012_c0139.png,T2/BCD_r0012_c0139.png,1,masks/BCD_r0012_c0139.png,0.00201291
BCD_r0012_c0140,T1/BCD_r0012_c0140.png,T2/BCD_r0012_c0140.png,0,masks/BCD_r0012_c0140.png,0.00000000
BCD_r0012_c0141,T1/BCD_r0012_c0141.png,T2/BCD_r0012_c0141.png,0,masks/BCD_r0012_c0141.png,0.00000000
BCD_r0012_c0142,T1/BCD_r0012_c0142.png,T2/BCD_r0012_c0142.png,0,masks/BCD_r0012_c0142.png,0.00000000
BCD_r0012_c0143,T1/BCD_r0012_c0143.png,T2/BCD_r0012_c0143.png,0,masks/BCD_r0012_c0143.png,0.00000000
BCD_r0012_c0144,T1/BCD_r0012_c0144.png,T2/BCD_r0012_c0144.png,0,masks/BCD_r0012_c0144.png,0.00000000
BCD_r0013_c0000,T1/BCD_r0013_c0000.png,T2/BCD_r0013_c0000.png,1,masks/BCD_r0013_c0000.png,0.21201371
BCD_r0013_c0001,T1/BCD_r0013_c0001.png,T2/BCD_r0013_c0001.png,0,masks/BCD_r0013_c0001.png,0.00000000
BCD_r0013_c0002,T1/BCD_r0013_c0002.png,T2/BCD_r0013_c0002.png,0,masks/BCD_r0013_c0002.png,0.00000000
BCD_r0013_c0003,T1/BCD_r0013_c0003.png,T2/BCD_r0013_c0003.png,0,masks/BCD_r0013_c0003.png,0.00000000
BCD_r0013_c0004,T1/BCD_r0013_c0004.png,T2/BCD_r0013_c0004.png,0,masks/BCD_r0013_c0004.png,0.00000000
BCD_r0013_c0005,T1/BCD_r0013_c0005.png,T2/BCD_r0013_c0005.png,0,masks/BCD_r0013_c0005.png,0.00000000
BCD_r0013_c0006,T1/BCD_r0013_c0006.png,T2/BCD_r0013_c0006.png,0,masks/BCD_r0013_c0006.png,0.00000000
BCD_r0013_c0007,T1/BCD_r0013_c0007.png,T2/BCD_r0013_c0007.png,0,masks/BCD_r0013_c0007.png,0.00000000
BCD_r0013_c0008,T1/BCD_r0013_c0008.png,T2/BCD_r0013_c0008.png,0,masks/BCD_r0013_c0008.png,0.00000000
BCD_r0013_c0009,T1/BCD_r0013_c0009.png,T2/BCD_r0013_c0009.png,0,masks/BCD_r0013_c0009.png,0.00000000
BCD_r0013_c0010,T1/BCD_r0013_c0010.png,T2/BCD_r0013_c0010.png,0,masks/BCD_r0013_c0010.png,0.00000000
BCD_r0013_c0011,T1/BCD_r0013_c0011.png,T2/BCD_r0013_c0011.png,0,masks/BCD_r0013_c0011.png,0.00000000
BCD_r0013_c0012,T1/BCD_r0013_c0012.png,T2/BCD_r0013_c0012.png,0,masks/BCD_r0013_c0012.png,0.00000000
BCD_r0013_c0013,T1/BCD_r0013_c0013.png,T2/BCD_r0013_c0013.png,0,masks/BCD_r0013_c0013.png,0.00000000
BCD_r0013_c0014,T1/BCD_r0013_c0014.png,T2/BCD_r0013_c0014.png,0,masks/BCD_r0013_c0014.png,0.00000000
BCD_r0013_c0015,T1/BCD_r0013_c0015.png,T2/BCD_r0013_c0015.png,0,masks/BCD_r0013_c0015.png,0.00000000
BCD_r0013_c0016,T1/BCD_r0013_c0016.png,T2/BCD_r0013_c0016.png,0,masks/BCD_r0013_c0016.png,0.00000000
BCD_r0013_c0017,T1/BCD_r0013_c0017.png,T2/BCD_r0013_c0017.png,0,masks/BCD_r0013_c0017.png,0.00000000
BCD_r0013_c0018,T1/BCD_r0013_c0018.png,T2/BCD_r0013_c0018.png,0,masks/BCD_r0013_c0018.png,0.00000000
BCD_r0013_c0019,T1/BCD_r0013_c0019.png,T2/BCD_r0013_c0019.png,0,masks/BCD_r0013_c0019.png,0.00000000
BCD_r0013_c0020,T1/BCD_r0013_c0020.png,T2/BCD_r0013_c0020.png,0,masks/BCD_r0013_c0020.png,0.00000000
BCD_r0013_c0021,T1/BCD_r0013_c0021.png,T2/BCD_r0013_c0021.png,0,masks/BCD_r0013_c0021.png,0.00000000
BCD_r0013_c0022,T1/BCD_r0013_c0022.png,T2/BCD_r0013_c0022.png,0,masks/BCD_r0013_c0022.png,0.00000000
BCD_r0013_c0023,T1/BCD_r0013_c0023.png,T2/BCD_r0013_c0023.png,0,masks/BCD_r0013_c0023.png,0.00000000
BCD_r0013_c0024,T1/BCD_r0013_c0024.png,T2/BCD_r0013_c0024.png,0,masks/BCD_r0013_c0024.png,0.00000000
BCD_r0013_c0025,T1/BCD_r0013_c0025.png,T2/BCD_r0013_c0025.png,0,masks/BCD_r0013_c0025.png,0.00000000
BCD_r0013_c0026,T1/BCD_r0013_c0026.png,T2/BCD_r0013_c0026.png,0,masks/BCD_r0013_c0026.png,0.00000000
BCD_r0013_c0027,T1/BCD_r0013_c0027.png,T2/BCD_r0013_c0027.png,1,masks/BCD_r0013_c0027.png,0.05699936
BCD_r0013_c0028,T1/BCD_r0013_c0028.png,T2/BCD_r0013_c0028.png,0,masks/BCD_r0013_c0028.png,0.00000000
BCD_r0013_c0029,T1/BCD_r0013_c0029.png,T2/BCD_r0013_c0029.png,0,masks/BCD_r0013_c0029.png,0.00000000
BCD_r0013_c0030,T1/BCD_r0013_c0030.png,T2/BCD_r0013_c0030.png,0,masks/BCD_r0013_c0030.png,0.00000000
BCD_r0013_c0031,T1/BCD_r0013_c0031.png,T2/BCD_r0013_c0031.png,0,masks/BCD_r0013_c0031.png,0.00000000
BCD_r0013_c0032,T1/BCD_r0013_c0032.png,T2/BCD_r0013_c0032.png,1,masks/BCD_r0013_c0032.png,0.00621811
BCD_r0013_c0033,T1/BCD_r0013_c0033.png,T2/BCD_r0013_c0033.png,1,masks/BCD_r0013_c0033.png,0.70087293
BCD_r0013_c0034,T1/BCD_r0013_c0034.png,T2/BCD_r0013_c0034.png,1,masks/BCD_r0013_c0034.png,0.05516582
BCD_r0013_c0035,T1/BCD_r0013_c0035.png,T2/BCD_r0013_c0035.png,0,masks/BCD_r0013_c0035.png,0.00000000
BCD_r0013_c0036,T1/BCD_r0013_c0036.png,T2/BCD_r0013_c0036.png,0,masks/BCD_r0013_c0036.png,0.00000000
BCD_r0013_c0037,T1/BCD_r0013_c0037.png,T2/BCD_r0013_c0037.png,0,masks/BCD_r0013_c0037.png,0.00000000
BCD_r0013_c0038,T1/BCD_r0013_c0038.png,T2/BCD_r0013_c0038.png,0,masks/BCD_r0013_c0038.png,0.00000000
BCD_r0013_c0039,T1/BCD_r0013_c0039.png,T2/BCD_r0013_c0039.png,1,masks/BCD_r0013_c0039.png,0.11961894
BCD_r0013_c0040,T1/BCD_r0013_c0040.png,T2/BCD_r0013_c0040.png,0,masks/BCD_r0013_c0040.png,0.00000000
BCD_r0013_c0041,T1/BCD_r0013_c0041.png,T2/BCD_r0013_c0041.png,0,masks/BCD_r0013_c0041.png,0.00000000
BCD_r0013_c0042,T1/BCD_r0013_c0042.png,T2/BCD_r0013_c0042.png,0,masks/BCD_r0013_c0042.png,0.00000000
BCD_r0013_c0043,T1/BCD_r0013_c0043.png,T2/BCD_r0013_c0043.png,0,masks/BCD_r0013_c0043.png,0.00000000
BCD_r0013_c0044,T1/BCD_r0013_c0044.png,T2/BCD_r0013_c0044.png,1,masks/BCD_r0013_c0044.png,0.07322226
BCD_r0013_c0045,T1/BCD_r0013_c0045.png,T2/BCD_r0013_c0045.png,0,masks/BCD_r0013_c0045.png,0.00000000
BCD_r0013_c0046,T1/BCD_r0013_c0046.png,T2/BCD_r0013_c0046.png,0,masks/BCD_r0013_c0046.png,0.00000000
BCD_r0013_c0047,T1/BCD_r0013_c0047.png,T2/BCD_r0013_c0047.png,0,masks/BCD_r0013_c0047.png,0.00000000
BCD_r0013_c0048,T1/BCD_r0013_c0048.png,T2/BCD_r0013_c0048.png,0,masks/BCD_r0013_c0048.png,0.00000000
BCD_r0013_c0049,T1/BCD_r0013_c0049.png,T2/BCD_r0013_c0049.png,1,masks/BCD_r0013_c0049.png,0.05893256
BCD_r0013_c0050,T1/BCD_r0013_c0050.png,T2/BCD_r0013_c0050.png,1,masks/BCD_r0013_c0050.png,0.13630022
BCD_r0013_c0051,T1/BCD_r0013_c0051.png,T2/BCD_r0013_c0051.png,1,masks/BCD_r0013_c0051.png,0.09839365
BCD_r0013_c0052,T1/BCD_r0013_c0052.png,T2/BCD_r0013_c0052.png,0,masks/BCD_r0013_c0052.png,0.00000000
BCD_r0013_c0053,T1/BCD_r0013_c0053.png,T2/BCD_r0013_c0053.png,0,masks/BCD_r0013_c0053.png,0.00000000
BCD_r0013_c0054,T1/BCD_r0013_c0054.png,T2/BCD_r0013_c0054.png,0,masks/BCD_r0013_c0054.png,0.00000000
BCD_r0013_c0055,T1/BCD_r0013_c0055.png,T2/BCD_r0013_c0055.png,0,masks/BCD_r0013_c0055.png,0.00000000
BCD_r0013_c0056,T1/BCD_r0013_c0056.png,T2/BCD_r0013_c0056.png,0,masks/BCD_r0013_c0056.png,0.00000000
BCD_r0013_c0057,T1/BCD_r0013_c0057.png,T2/BCD_r0013_c0057.png,1,masks/BCD_r0013_c0057.png,0.62095424
BCD_r0013_c0058,T1/BCD_r0013_c0058.png,T2/BCD_r0013_c0058.png,1,masks/BCD_r0013_c0058.png,0.19343909
BCD_r0013_c0059,T1/BCD_r0013_c0059.png,T2/BCD_r0013_c0059.png,0,masks/BCD_r0013_c0059.png,0.00000000
BCD_r0013_c0060,T1/BCD_r0013_c0060.png,T2/BCD_r0013_c0060.png,0,masks/BCD_r0013_c0060.png,0.00000000
BCD_r0013_c0061,T1/BCD_r0013_c0061.png,T2/BCD_r0013_c0061.png,0,masks/BCD_r0013_c0061.png,0.00000000
BCD_r0013_c0062,T1/BCD_r0013_c0062.png,T2/BCD_r0013_c0062.png,0,masks/BCD_r0013_c0062.png,0.00000000
BCD_r0013_c0063,T1/BCD_r0013_c0063.png,T2/BCD_r0013_c0063.png,0,masks/BCD_r0013_c0063.png,0.00000000
BCD_r0013_c0064,T1/BCD_r0013_c0064.png,T2/BCD_r0013_c0064.png,0,masks/BCD_r0013_c0064.png,0.00000000
BCD_r0013_c0065,T1/BCD_r0013_c0065.png,T2/BCD_r0013_c0065.png,0,masks/BCD_r0013_c0065.png,0.00000000
BCD_r0013_c0066,T1/BCD_r0013_c0066.png,T2/BCD_r0013_c0066.png,1,masks/BCD_r0013_c0066.png,0.18383291
BCD_r0013_c0067,T1/BCD_r0013_c0067.png,T2/BCD_r0013_c0067.png,1,masks/BCD_r0013_c0067.png,0.48088728
BCD_r0013_c0068,T1/BCD_r0013_c0068.png,T2/BCD_r0013_c0068.png,0,masks/BCD_r0013_c0068.png,0.00000000
BCD_r0013_c0069,T1/BCD_r0013_c0069.png,T2/BCD_r0013_c0069.png,0,masks/BCD_r0013_c0069.png,0.00000000
BCD_r0013_c0070,T1/BCD_r0013_c0070.png,T2/BCD_r0013_c0070.png,0,masks/BCD_r0013_c0070.png,0.00000000
BCD_r0013_c0071,T1/BCD_r0013_c0071.png,T2/BCD_r0013_c0071.png,0,masks/BCD_r0013_c0071.png,0.00000000
BCD_r0013_c0072,T1/BCD_r0013_c0072.png,T2/BCD_r0013_c0072.png,1,masks/BCD_r0013_c0072.png,0.01484774
BCD_r0013_c0073,T1/BCD_r0013_c0073.png,T2/BCD_r0013_c0073.png,0,masks/BCD_r0013_c0073.png,0.00000000
BCD_r0013_c0074,T1/BCD_r0013_c0074.png,T2/BCD_r0013_c0074.png,0,masks/BCD_r0013_c0074.png,0.00000000
BCD_r0013_c0075,T1/BCD_r0013_c0075.png,T2/BCD_r0013_c0075.png,0,masks/BCD_r0013_c0075.png,0.00000000
BCD_r0013_c0076,T1/BCD_r0013_c0076.png,T2/BCD_r0013_c0076.png,0,masks/BCD_r0013_c0076.png,0.00000000
BCD_r0013_c0077,T1/BCD_r0013_c0077.png,T2/BCD_r0013_c0077.png,1,masks/BCD_r0013_c0077.png,0.00605867
BCD_r0013_c0078,T1/BCD_r0013_c0078.png,T2/BCD_r0013_c0078.png,1,masks/BCD_r0013_c0078.png,0.01955118
BCD_r0013_c0079,T1/BCD_r0013_c0079.png,T2/BCD_r0013_c0079.png,0,masks/BCD_r0013_c0079.png,0.00000000
BCD_r0013_c0080,T1/BCD_r0013_c0080.png,T2/BCD_r0013_c0080.png,0,masks/BCD_r0013_c0080.png,0.00000000
BCD_r0013_c0081,T1/BCD_r0013_c0081.png,T2/BCD_r0013_c0081.png,0,masks/BCD_r0013_c0081.png,0.00000000
BCD_r0013_c0082,T1/BCD_r0013_c0082.png,T2/BCD_r0013_c0082.png,0,masks/BCD_r0013_c0082.png,0.00000000
BCD_r0013_c0083,T1/BCD_r0013_c0083.png,T2/BCD_r0013_c0083.png,0,masks/BCD_r0013_c0083.png,0.00000000
BCD_r0013_c0084,T1/BCD_r0013_c0084.png,T2/BCD_r0013_c0084.png,0,masks/BCD_r0013_c0084.png,0.00000000
BCD_r0013_c0085,T1/BCD_r0013_c0085.png,T2/BCD_r0013_c0085.png,0,masks/BCD_r0013_c0085.png,0.00000000
BCD_r0013_c0086,T1/BCD_r0013_c0086.png,T2/BCD_r0013_c0086.png,0,masks/BCD_r0013_c0086.png,0.00000000
BCD_r0013_c0087,T1/BCD_r0013_c0087.png,T2/BCD_r0013_c0087.png,0,masks/BCD_r0013_c0087.png,0.00000000
BCD_r0013_c0088,T1/BCD_r0013_c0088.png,T2/BCD_r0013_c0088.png,0,masks/BCD_r0013_c0088.png,0.00000000
BCD_r0013_c0089,T1/BCD_r0013_c0089.png,T2/BCD_r0013_c0089.png,0,masks/BCD_r0013_c0089.png,0.00000000
BCD_r0013_c0090,T1/BCD_r0013_c0090.png,T2/BCD_r0013_c0090.png,0,masks/BCD_r0013_c0090.png,0.00000000
BCD_r0013_c0091,T1/BCD_r0013_c0091.png,T2/BCD_r0013_c0091.png,0,masks/BCD_r0013_c0091.png,0.00000000
BCD_r0013_c0092,T1/BCD_r0013_c0092.png,T2/BCD_r0013_c0092.png,1,masks/BCD_r0013_c0092.png,0.10682398
BCD_r0013_c0093,T1/BCD_r0013_c0093.png,T2/BCD_r0013_c0093.png,1,masks/BCD_r0013_c0093.png,0.00372688
BCD_r0013_c0094,T1/BCD_r0013_c0094.png,T2/BCD_r0013_c0094.png,1,masks/BCD_r0013_c0094.png,0.08167251
BCD_r0013_c0095,T1/BCD_r0013_c0095.png,T2/BCD_r0013_c0095.png,1,masks/BCD_r0013_c0095.png,0.75027902
BCD_r0013_c0096,T1/BCD_r0013_c0096.png,T2/BCD_r0013_c0096.png,1,masks/BCD_r0013_c0096.png,0.99974091
BCD_r0013_c0097,T1/BCD_r0013_c0097.png,T2/BCD_r0013_c0097.png,1,masks/BCD_r0013_c0097.png,0.32487643
BCD_r0013_c0098,T1/BCD_r0013_c0098.png,T2/BCD_r0013_c0098.png,1,masks/BCD_r0013_c0098.png,0.09185666
BCD_r0013_c0099,T1/BCD_r0013_c0099.png,T2/BCD_r0013_c0099.png,0,masks/BCD_r0013_c0099.png,0.00000000
BCD_r0013_c0100,T1/BCD_r0013_c0100.png,T2/BCD_r0013_c0100.png,0,masks/BCD_r0013_c0100.png,0.00000000
BCD_r0013_c0101,T1/BCD_r0013_c0101.png,T2/BCD_r0013_c0101.png,0,masks/BCD_r0013_c0101.png,0.00000000
BCD_r0013_c0102,T1/BCD_r0013_c0102.png,T2/BCD_r0013_c0102.png,0,masks/BCD_r0013_c0102.png,0.00000000
BCD_r0013_c0103,T1/BCD_r0013_c0103.png,T2/BCD_r0013_c0103.png,0,masks/BCD_r0013_c0103.png,0.00000000
BCD_r0013_c0104,T1/BCD_r0013_c0104.png,T2/BCD_r0013_c0104.png,0,masks/BCD_r0013_c0104.png,0.00000000
BCD_r0013_c0105,T1/BCD_r0013_c0105.png,T2/BCD_r0013_c0105.png,0,masks/BCD_r0013_c0105.png,0.00000000
BCD_r0013_c0106,T1/BCD_r0013_c0106.png,T2/BCD_r0013_c0106.png,0,masks/BCD_r0013_c0106.png,0.00000000
BCD_r0013_c0107,T1/BCD_r0013_c0107.png,T2/BCD_r0013_c0107.png,0,masks/BCD_r0013_c0107.png,0.00000000
BCD_r0013_c0108,T1/BCD_r0013_c0108.png,T2/BCD_r0013_c0108.png,0,masks/BCD_r0013_c0108.png,0.00000000
BCD_r0013_c0109,T1/BCD_r0013_c0109.png,T2/BCD_r0013_c0109.png,0,masks/BCD_r0013_c0109.png,0.00000000
BCD_r0013_c0110,T1/BCD_r0013_c0110.png,T2/BCD_r0013_c0110.png,0,masks/BCD_r0013_c0110.png,0.00000000
BCD_r0013_c0111,T1/BCD_r0013_c0111.png,T2/BCD_r0013_c0111.png,0,masks/BCD_r0013_c0111.png,0.00000000
BCD_r0013_c0112,T1/BCD_r0013_c0112.png,T2/BCD_r0013_c0112.png,0,masks/BCD_r0013_c0112.png,0.00000000
BCD_r0013_c0113,T1/BCD_r0013_c0113.png,T2/BCD_r0013_c0113.png,0,masks/BCD_r0013_c0113.png,0.00000000
BCD_r0013_c0114,T1/BCD_r0013_c0114.png,T2/BCD_r0013_c0114.png,0,masks/BCD_r0013_c0114.png,0.00000000
BCD_r0013_c0115,T1/BCD_r0013_c0115.png,T2/BCD_r0013_c0115.png,0,masks/BCD_r0013_c0115.png,0.00000000
BCD_r0013_c0116,T1/BCD_r0013_c0116.png,T2/BCD_r0013_c0116.png,0,masks/BCD_r0013_c0116.png,0.00000000
BCD_r0013_c0117,T1/BCD_r0013_c0117.png,T2/BCD_r0013_c0117.png,0,masks/BCD_r0013_c0117.png,0.00000000
BCD_r0013_c0118,T1/BCD_r0013_c0118.png,T2/BCD_r0013_c0118.png,0,masks/BCD_r0013_c0118.png,0.00000000
BCD_r0013_c0119,T1/BCD_r0013_c0119.png,T2/BCD_r0013_c0119.png,0,masks/BCD_r0013_c0119.png,0.00000000
BCD_r0013_c0120,T1/BCD_r0013_c0120.png,T2/BCD_r0013_c0120.png,0,masks/BCD_r0013_c0120.png,0.00000000
BCD_r0013_c0121,T1/BCD_r0013_c0121.png,T2/BCD_r0013_c0121.png,0,masks/BCD_r0013_c0121.png,0.00000000
BCD_r0013_c0122,T1/BCD_r0013_c0122.png,T2/BCD_r0013_c0122.png,0,masks/BCD_r0013_c0122.png,0.00000000
BCD_r0013_c0123,T1/BCD_r0013_c0123.png,T2/BCD_r0013_c0123.png,0,masks/BCD_r0013_c0123.png,0.00000000
BCD_r0013_c0124,T1/BCD_r0013_c0124.png,T2/BCD_r0013_c0124.png,0,masks/BCD_r0013_c0124.png,0.00000000
BCD_r0013_c0125,T1/BCD_r0013_c0125.png,T2/BCD_r0013_c0125.png,0,masks/BCD_r0013_c0125.png,0.00000000
BCD_r0013_c0126,T1/BCD_r0013_c0126.png,T2/BCD_r0013_c0126.png,0,masks/BCD_r0013_c0126.png,0.00000000
BCD_r0013_c0127,T1/BCD_r0013_c0127.png,T2/BCD_r0013_c0127.png,0,masks/BCD_r0013_c0127.png,0.00000000
BCD_r0013_c0128,T1/BCD_r0013_c0128.png,T2/BCD_r0013_c0128.png,0,masks/BCD_r0013_c0128.png,0.00000000
BCD_r0013_c0129,T1/BCD_r0013_c0129.png,T2/BCD_r0013_c0129.png,0,masks/BCD_r0013_c0129.png,0.00000000
BCD_r0013_c0130,T1/BCD_r0013_c0130.png,T2/BCD_r0013_c0130.png,0,masks/BCD_r0013_c0130.png,0.00000000
BCD_r0013_c0131,T1/BCD_r0013_c0131.png,T2/BCD_r0013_c0131.png,0,masks/BCD_r0013_c0131.png,0.00000000
BCD_r0013_c0132,T1/BCD_r0013_c0132.png,T2/BCD_r0013_c0132.png,0,masks/BCD_r0013_c0132.png,0.00000000
BCD_r0013_c0133,T1/BCD_r0013_c0133.png,T2/BCD_r0013_c0133.png,0,masks/BCD_r0013_c0133.png,0.00000000
BCD_r0013_c0134,T1/BCD_r0013_c0134.png,T2/BCD_r0013_c0134.png,0,masks/BCD_r0013_c0134.png,0.00000000
BCD_r0013_c0135,T1/BCD_r0013_c0135.png,T2/BCD_r0013_c0135.png,0,masks/BCD_r0013_c0135.png,0.00000000
BCD_r0013_c0136,T1/BCD_r0013_c0136.png,T2/BCD_r0013_c0136.png,1,masks/BCD_r0013_c0136.png,0.02841996
BCD_r0013_c0137,T1/BCD_r0013_c0137.png,T2/BCD_r0013_c0137.png,1,masks/BCD_r0013_c0137.png,0.23074777
BCD_r0013_c0138,T1/BCD_r0013_c0138.png,T2/BCD_r0013_c0138.png,0,masks/BCD_r0013_c0138.png,0.00000000
BCD_r0013_c0139,T1/BCD_r0013_c0139.png,T2/BCD_r0013_c0139.png,1,masks/BCD_r0013_c0139.png,0.05145886
BCD_r0013_c0140,T1/BCD_r0013_c0140.png,T2/BCD_r0013_c0140.png,0,masks/BCD_r0013_c0140.png,0.00000000
BCD_r0013_c0141,T1/BCD_r0013_c0141.png,T2/BCD_r0013_c0141.png,0,masks/BCD_r0013_c0141.png,0.00000000
BCD_r0013_c0142,T1/BCD_r0013_c0142.png,T2/BCD_r0013_c0142.png,1,masks/BCD_r0013_c0142.png,0.14849729
BCD_r0013_c0143,T1/BCD_r0013_c0143.png,T2/BCD_r0013_c0143.png,0,masks/BCD_r0013_c0143.png,0.00000000
BCD_r0013_c0144,T1/BCD_r0013_c0144.png,T2/BCD_r0013_c0144.png,0,masks/BCD_r0013_c0144.png,0.00000000
BCD_r0014_c0000,T1/BCD_r0014_c0000.png,T2/BCD_r0014_c0000.png,0,masks/BCD_r0014_c0000.png,0.00000000
BCD_r0014_c0001,T1/BCD_r0014_c0001.png,T2/BCD_r0014_c0001.png,0,masks/BCD_r0014_c0001.png,0.00000000
BCD_r0014_c0002,T1/BCD_r0014_c0002.png,T2/BCD_r0014_c0002.png,0,masks/BCD_r0014_c0002.png,0.00000000
BCD_r0014_c0003,T1/BCD_r0014_c0003.png,T2/BCD_r0014_c0003.png,0,masks/BCD_r0014_c0003.png,0.00000000
BCD_r0014_c0004,T1/BCD_r0014_c0004.png,T2/BCD_r0014_c0004.png,0,masks/BCD_r0014_c0004.png,0.00000000
BCD_r0014_c0005,T1/BCD_r0014_c0005.png,T2/BCD_r0014_c0005.png,0,masks/BCD_r0014_c0005.png,0.00000000
BCD_r0014_c0006,T1/BCD_r0014_c0006.png,T2/BCD_r0014_c0006.png,0,masks/BCD_r0014_c0006.png,0.00000000
BCD_r0014_c0007,T1/BCD_r0014_c0007.png,T2/BCD_r0014_c0007.png,0,masks/BCD_r0014_c0007.png,0.00000000
BCD_r0014_c0008,T1/BCD_r0014_c0008.png,T2/BCD_r0014_c0008.png,0,masks/BCD_r0014_c0008.png,0.00000000
BCD_r0014_c0009,T1/BCD_r0014_c0009.png,T2/BCD_r0014_c0009.png,0,masks/BCD_r0014_c0009.png,0.00000000
BCD_r0014_c0010,T1/BCD_r0014_c0010.png,T2/BCD_r0014_c0010.png,0,masks/BCD_r0014_c0010.png,0.00000000
BCD_r0014_c0011,T1/BCD_r0014_c0011.png,T2/BCD_r0014_c0011.png,0,masks/BCD_r0014_c0011.png,0.00000000
BCD_r0014_c0012,T1/BCD_r0014_c0012.png,T2/BCD_r0014_c0012.png,0,masks/BCD_r0014_c0012.png,0.00000000
BCD_r0014_c0013,T1/BCD_r0014_c0013.png,T2/BCD_r0014_c0013.png,0,masks/BCD_r0014_c0013.png,0.00000000
BCD_r0014_c0014,T1/BCD_r0014_c0014.png,T2/BCD_r0014_c0014.png,0,masks/BCD_r0014_c0014.png,0.00000000
BCD_r0014_c0015,T1/BCD_r0014_c0015.png,T2/BCD_r0014_c0015.png,0,masks/BCD_r0014_c0015.png,0.00000000
BCD_r0014_c0016,T1/BCD_r0014_c0016.png,T2/BCD_r0014_c0016.png,0,masks/BCD_r0014_c0016.png,0.00000000
BCD_r0014_c0017,T1/BCD_r0014_c0017.png,T2/BCD_r0014_c0017.png,0,masks/BCD_r0014_c0017.png,0.00000000
BCD_r0014_c0018,T1/BCD_r0014_c0018.png,T2/BCD_r0014_c0018.png,0,masks/BCD_r0014_c0018.png,0.00000000
BCD_r0014_c0019,T1/BCD_r0014_c0019.png,T2/BCD_r0014_c0019.png,0,masks/BCD_r0014_c0019.png,0.00000000
BCD_r0014_c0020,T1/BCD_r0014_c0020.png,T2/BCD_r0014_c0020.png,0,masks/BCD_r0014_c0020.png,0.00000000
BCD_r0014_c0021,T1/BCD_r0014_c0021.png,T2/BCD_r0014_c0021.png,0,masks/BCD_r0014_c0021.png,0.00000000
BCD_r0014_c0022,T1/BCD_r0014_c0022.png,T2/BCD_r0014_c0022.png,0,masks/BCD_r0014_c0022.png,0.00000000
BCD_r0014_c0023,T1/BCD_r0014_c0023.png,T2/BCD_r0014_c0023.png,0,masks/BCD_r0014_c0023.png,0.00000000
BCD_r0014_c0024,T1/BCD_r0014_c0024.png,T2/BCD_r0014_c0024.png,0,masks/BCD_r0014_c0024.png,0.00000000
BCD_r0014_c0025,T1/BCD_r0014_c0025.png,T2/BCD_r0014_c0025.png,0,masks/BCD_r0014_c0025.png,0.00000000
BCD_r0014_c0026,T1/BCD_r0014_c0026.png,T2/BCD_r0014_c0026.png,0,masks/BCD_r0014_c0026.png,0.00000000
BCD_r0014_c0027,T1/BCD_r0014_c0027.png,T2/BCD_r0014_c0027.png,0,masks/BCD_r0014_c0027.png,0.00000000
BCD_r0014_c0028,T1/BCD_r0014_c0028.png,T2/BCD_r0014_c0028.png,0,masks/BCD_r0014_c0028.png,0.00000000
BCD_r0014_c0029,T1/BCD_r0014_c0029.png,T2/BCD_r0014_c0029.png,0,masks/BCD_r0014_c0029.png,0.00000000
BCD_r0014_c0030,T1/BCD_r0014_c0030.png,T2/BCD_r0014_c0030.png,0,masks/BCD_r0014_c0030.png,0.00000000
BCD_r0014_c0031,T1/BCD_r0014_c0031.png,T2/BCD_r0014_c0031.png,0,masks/BCD_r0014_c0031.png,0.00000000
BCD_r0014_c0032,T1/BCD_r0014_c0032.png,T2/BCD_r0014_c0032.png,0,masks/BCD_r0014_c0032.png,0.00000000
BCD_r0014_c0033,T1/BCD_r0014_c0033.png,T2/BCD_r0014_c0033.png,0,masks/BCD_r0014_c0033.png,0.00000000
BCD_r0014_c0034,T1/BCD_r0014_c0034.png,T2/BCD_r0014_c0034.png,0,masks/BCD_r0014_c0034.png,0.00000000
BCD_r0014_c0035,T1/BCD_r0014_c0035.png,T2/BCD_r0014_c0035.png,0,masks/BCD_r0014_c0035.png,0.00000000
BCD_r0014_c0036,T1/BCD_r0014_c0036.png,T2/BCD_r0014_c0036.png,0,masks/BCD_r0014_c0036.png,0.00000000
BCD_r0014_c0037,T1/BCD_r0014_c0037.png,T2/BCD_r0014_c0037.png,0,masks/BCD_r0014_c0037.png,0.00000000
BCD_r0014_c0038,T1/BCD_r0014_c0038.png,T2/BCD_r0014_c0038.png,0,masks/BCD_r0014_c0038.png,0.00000000
BCD_r0014_c0039,T1/BCD_r0014_c0039.png,T2/BCD_r0014_c0039.png,1,masks/BCD_r0014_c0039.png,0.01981027
BCD_r0014_c0040,T1/BCD_r0014_c0040.png,T2/BCD_r0014_c0040.png,0,masks/BCD_r0014_c0040.png,0.00000000
BCD_r0014_c0041,T1/BCD_r0014_c0041.png,T2/BCD_r0014_c0041.png,0,masks/BCD_r0014_c0041.png,0.00000000
BCD_r0014_c0042,T1/BCD_r0014_c0042.png,T2/BCD_r0014_c0042.png,0,masks/BCD_r0014_c0042.png,0.00000000
BCD_r0014_c0043,T1/BCD_r0014_c0043.png,T2/BCD_r0014_c0043.png,0,masks/BCD_r0014_c0043.png,0.00000000
BCD_r0014_c0044,T1/BCD_r0014_c0044.png,T2/BCD_r0014_c0044.png,0,masks/BCD_r0014_c0044.png,0.00000000
BCD_r0014_c0045,T1/BCD_r0014_c0045.png,T2/BCD_r0014_c0045.png,0,masks/BCD_r0014_c0045.png,0.00000000
BCD_r0014_c0046,T1/BCD_r0014_c0046.png,T2/BCD_r0014_c0046.png,0,masks/BCD_r0014_c0046.png,0.00000000
BCD_r0014_c0047,T1/BCD_r0014_c0047.png,T2/BCD_r0014_c0047.png,1,masks/BCD_r0014_c0047.png,0.01743862
BCD_r0014_c0048,T1/BCD_r0014_c0048.png,T2/BCD_r0014_c0048.png,1,masks/BCD_r0014_c0048.png,0.00129544
BCD_r0014_c0049,T1/BCD_r0014_c0049.png,T2/BCD_r0014_c0049.png,0,masks/BCD_r0014_c0049.png,0.00000000
BCD_r0014_c0050,T1/BCD_r0014_c0050.png,T2/BCD_r0014_c0050.png,0,masks/BCD_r0014_c0050.png,0.00000000
BCD_r0014_c0051,T1/BCD_r0014_c0051.png,T2/BCD_r0014_c0051.png,0,masks/BCD_r0014_c0051.png,0.00000000
BCD_r0014_c0052,T1/BCD_r0014_c0052.png,T2/BCD_r0014_c0052.png,0,masks/BCD_r0014_c0052.png,0.00000000
BCD_r0014_c0053,T1/BCD_r0014_c0053.png,T2/BCD_r0014_c0053.png,0,masks/BCD_r0014_c0053.png,0.00000000
BCD_r0014_c0054,T1/BCD_r0014_c0054.png,T2/BCD_r0014_c0054.png,0,masks/BCD_r0014_c0054.png,0.00000000
BCD_r0014_c0055,T1/BCD_r0014_c0055.png,T2/BCD_r0014_c0055.png,0,masks/BCD_r0014_c0055.png,0.00000000
BCD_r0014_c0056,T1/BCD_r0014_c0056.png,T2/BCD_r0014_c0056.png,0,masks/BCD_r0014_c0056.png,0.00000000
BCD_r0014_c0057,T1/BCD_r0014_c0057.png,T2/BCD_r0014_c0057.png,0,masks/BCD_r0014_c0057.png,0.00000000
BCD_r0014_c0058,T1/BCD_r0014_c0058.png,T2/BCD_r0014_c0058.png,0,masks/BCD_r0014_c0058.png,0.00000000
BCD_r0014_c0059,T1/BCD_r0014_c0059.png,T2/BCD_r0014_c0059.png,0,masks/BCD_r0014_c0059.png,0.00000000
BCD_r0014_c0060,T1/BCD_r0014_c0060.png,T2/BCD_r0014_c0060.png,0,masks/BCD_r0014_c0060.png,0.00000000
BCD_r0014_c0061,T1/BCD_r0014_c0061.png,T2/BCD_r0014_c0061.png,0,masks/BCD_r0014_c0061.png,0.00000000
BCD_r0014_c0062,T1/BCD_r0014_c0062.png,T2/BCD_r0014_c0062.png,0,masks/BCD_r0014_c0062.png,0.00000000
BCD_r0014_c0063,T1/BCD_r0014_c0063.png,T2/BCD_r0014_c0063.png,0,masks/BCD_r0014_c0063.png,0.00000000
BCD_r0014_c0064,T1/BCD_r0014_c0064.png,T2/BCD_r0014_c0064.png,0,masks/BCD_r0014_c0064.png,0.00000000
BCD_r0014_c0065,T1/BCD_r0014_c0065.png,T2/BCD_r0014_c0065.png,0,masks/BCD_r0014_c0065.png,0.00000000
BCD_r0014_c0066,T1/BCD_r0014_c0066.png,T2/BCD_r0014_c0066.png,1,masks/BCD_r0014_c0066.png,0.02549027
BCD_r0014_c0067,T1/BCD_r0014_c0067.png,T2/BCD_r0014_c0067.png,1,masks/BCD_r0014_c0067.png,0.07557398
BCD_r0014_c0068,T1/BCD_r0014_c0068.png,T2/BCD_r0014_c0068.png,0,masks/BCD_r0014_c0068.png,0.00000000
BCD_r0014_c0069,T1/BCD_r0014_c0069.png,T2/BCD_r0014_c0069.png,0,masks/BCD_r0014_c0069.png,0.00000000
BCD_r0014_c0070,T1/BCD_r0014_c0070.png,T2/BCD_r0014_c0070.png,0,masks/BCD_r0014_c0070.png,0.00000000
BCD_r0014_c0071,T1/BCD_r0014_c0071.png,T2/BCD_r0014_c0071.png,0,masks/BCD_r0014_c0071.png,0.00000000
BCD_r0014_c0072,T1/BCD_r0014_c0072.png,T2/BCD_r0014_c0072.png,0,masks/BCD_r0014_c0072.png,0.00000000
BCD_r0014_c0073,T1/BCD_r0014_c0073.png,T2/BCD_r0014_c0073.png,0,masks/BCD_r0014_c0073.png,0.00000000
BCD_r0014_c0074,T1/BCD_r0014_c0074.png,T2/BCD_r0014_c0074.png,0,masks/BCD_r0014_c0074.png,0.00000000
BCD_r0014_c0075,T1/BCD_r0014_c0075.png,T2/BCD_r0014_c0075.png,0,masks/BCD_r0014_c0075.png,0.00000000
BCD_r0014_c0076,T1/BCD_r0014_c0076.png,T2/BCD_r0014_c0076.png,0,masks/BCD_r0014_c0076.png,0.00000000
BCD_r0014_c0077,T1/BCD_r0014_c0077.png,T2/BCD_r0014_c0077.png,0,masks/BCD_r0014_c0077.png,0.00000000
BCD_r0014_c0078,T1/BCD_r0014_c0078.png,T2/BCD_r0014_c0078.png,0,masks/BCD_r0014_c0078.png,0.00000000
BCD_r0014_c0079,T1/BCD_r0014_c0079.png,T2/BCD_r0014_c0079.png,0,masks/BCD_r0014_c0079.png,0.00000000
BCD_r0014_c0080,T1/BCD_r0014_c0080.png,T2/BCD_r0014_c0080.png,0,masks/BCD_r0014_c0080.png,0.00000000
BCD_r0014_c0081,T1/BCD_r0014_c0081.png,T2/BCD_r0014_c0081.png,0,masks/BCD_r0014_c0081.png,0.00000000
BCD_r0014_c0082,T1/BCD_r0014_c0082.png,T2/BCD_r0014_c0082.png,0,masks/BCD_r0014_c0082.png,0.00000000
BCD_r0014_c0083,T1/BCD_r0014_c0083.png,T2/BCD_r0014_c0083.png,0,masks/BCD_r0014_c0083.png,0.00000000
BCD_r0014_c0084,T1/BCD_r0014_c0084.png,T2/BCD_r0014_c0084.png,0,masks/BCD_r0014_c0084.png,0.00000000
BCD_r0014_c0085,T1/BCD_r0014_c0085.png,T2/BCD_r0014_c0085.png,0,masks/BCD_r0014_c0085.png,0.00000000
BCD_r0014_c0086,T1/BCD_r0014_c0086.png,T2/BCD_r0014_c0086.png,0,masks/BCD_r0014_c0086.png,0.00000000
BCD_r0014_c0087,T1/BCD_r0014_c0087.png,T2/BCD_r0014_c0087.png,0,masks/BCD_r0014_c0087.png,0.00000000
BCD_r0014_c0088,T1/BCD_r0014_c0088.png,T2/BCD_r0014_c0088.png,0,masks/BCD_r0014_c0088.png,0.00000000
BCD_r0014_c0089,T1/BCD_r0014_c0089.png,T2/BCD_r0014_c0089.png,0,masks/BCD_r0014_c0089.png,0.00000000
BCD_r0014_c0090,T1/BCD_r0014_c0090.png,T2/BCD_r0014_c0090.png,0,masks/BCD_r0014_c0090.png,0.00000000
BCD_r0014_c0091,T1/BCD_r0014_c0091.png,T2/BCD_r0014_c0091.png,0,masks/BCD_r0014_c0091.png,0.00000000
BCD_r0014_c0092,T1/BCD_r0014_c0092.png,T2/BCD_r0014_c0092.png,0,masks/BCD_r0014_c0092.png,0.00000000
BCD_r0014_c0093,T1/BCD_r0014_c0093.png,T2/BCD_r0014_c0093.png,0,masks/BCD_r0014_c0093.png,0.00000000
BCD_r0014_c0094,T1/BCD_r0014_c0094.png,T2/BCD_r0014_c0094.png,1,masks/BCD_r0014_c0094.png,0.00916773
BCD_r0014_c0095,T1/BCD_r0014_c0095.png,T2/BCD_r0014_c0095.png,1,masks/BCD_r0014_c0095.png,0.80510603
BCD_r0014_c0096,T1/BCD_r0014_c0096.png,T2/BCD_r0014_c0096.png,1,masks/BCD_r0014_c0096.png,0.79268973
BCD_r0014_c0097,T1/BCD_r0014_c0097.png,T2/BCD_r0014_c0097.png,1,masks/BCD_r0014_c0097.png,0.04027822
BCD_r0014_c0098,T1/BCD_r0014_c0098.png,T2/BCD_r0014_c0098.png,0,masks/BCD_r0014_c0098.png,0.00000000
BCD_r0014_c0099,T1/BCD_r0014_c0099.png,T2/BCD_r0014_c0099.png,0,masks/BCD_r0014_c0099.png,0.00000000
BCD_r0014_c0100,T1/BCD_r0014_c0100.png,T2/BCD_r0014_c0100.png,0,masks/BCD_r0014_c0100.png,0.00000000
BCD_r0014_c0101,T1/BCD_r0014_c0101.png,T2/BCD_r0014_c0101.png,0,masks/BCD_r0014_c0101.png,0.00000000
BCD_r0014_c0102,T1/BCD_r0014_c0102.png,T2/BCD_r0014_c0102.png,0,masks/BCD_r0014_c0102.png,0.00000000
BCD_r0014_c0103,T1/BCD_r0014_c0103.png,T2/BCD_r0014_c0103.png,0,masks/BCD_r0014_c0103.png,0.00000000
BCD_r0014_c0104,T1/BCD_r0014_c0104.png,T2/BCD_r0014_c0104.png,0,masks/BCD_r0014_c0104.png,0.00000000
BCD_r0014_c0105,T1/BCD_r0014_c0105.png,T2/BCD_r0014_c0105.png,0,masks/BCD_r0014_c0105.png,0.00000000
BCD_r0014_c0106,T1/BCD_r0014_c0106.png,T2/BCD_r0014_c0106.png,0,masks/BCD_r0014_c0106.png,0.00000000
BCD_r0014_c0107,T1/BCD_r0014_c0107.png,T2/BCD_r0014_c0107.png,0,masks/BCD_r0014_c0107.png,0.00000000
BCD_r0014_c0108,T1/BCD_r0014_c0108.png,T2/BCD_r0014_c0108.png,0,masks/BCD_r0014_c0108.png,0.00000000
BCD_r0014_c0109,T1/BCD_r0014_c0109.png,T2/BCD_r0014_c0109.png,0,masks/BCD_r0014_c0109.png,0.00000000
BCD_r0014_c0110,T1/BCD_r0014_c0110.png,T2/BCD_r0014_c0110.png,0,masks/BCD_r0014_c0110.png,0.00000000
BCD_r0014_c0111,T1/BCD_r0014_c0111.png,T2/BCD_r0014_c0111.png,0,masks/BCD_r0014_c0111.png,0.00000000
BCD_r0014_c0112,T1/BCD_r0014_c0112.png,T2/BCD_r0014_c0112.png,0,masks/BCD_r0014_c0112.png,0.00000000
BCD_r0014_c0113,T1/BCD_r0014_c0113.png,T2/BCD_r0014_c0113.png,0,masks/BCD_r0014_c0113.png,0.00000000
BCD_r0014_c0114,T1/BCD_r0014_c0114.png,T2/BCD_r0014_c0114.png,0,masks/BCD_r0014_c0114.png,0.00000000
BCD_r0014_c0115,T1/BCD_r0014_c0115.png,T2/BCD_r0014_c0115.png,0,masks/BCD_r0014_c0115.png,0.00000000
BCD_r0014_c0116,T1/BCD_r0014_c0116.png,T2/BCD_r0014_c0116.png,0,masks/BCD_r0014_c0116.png,0.00000000
BCD_r0014_c0117,T1/BCD_r0014_c0117.png,T2/BCD_r0014_c0117.png,0,masks/BCD_r0014_c0117.png,0.00000000
BCD_r0014_c0118,T1/BCD_r0014_c0118.png,T2/BCD_r0014_c0118.png,0,masks/BCD_r0014_c0118.png,0.00000000
BCD_r0014_c0119,T1/BCD_r0014_c0119.png,T2/BCD_r0014_c0119.png,0,masks/BCD_r0014_c0119.png,0.00000000
BCD_r0014_c0120,T1/BCD_r0014_c0120.png,T2/BCD_r0014_c0120.png,0,masks/BCD_r0014_c0120.png,0.00000000
BCD_r0014_c0121,T1/BCD_r0014_c0121.png,T2/BCD_r0014_c0121.png,0,masks/BCD_r0014_c0121.png,0.00000000
BCD_r0014_c0122,T1/BCD_r0014_c0122.png,T2/BCD_r0014_c0122.png,0,masks/BCD_r0014_c0122.png,0.00000000
BCD_r0014_c0123,T1/BCD_r0014_c0123.png,T2/BCD_r0014_c0123.png,0,masks/BCD_r0014_c0123.png,0.00000000
BCD_r0014_c0124,T1/BCD_r0014_c0124.png,T2/BCD_r0014_c0124.png,0,masks/BCD_r0014_c0124.png,0.00000000
BCD_r0014_c0125,T1/BCD_r0014_c0125.png,T2/BCD_r0014_c0125.png,0,masks/BCD_r0014_c0125.png,0.00000000
BCD_r0014_c0126,T1/BCD_r0014_c0126.png,T2/BCD_r0014_c0126.png,0,masks/BCD_r0014_c0126.png,0.00000000
BCD_r0014_c0127,T1/BCD_r0014_c0127.png,T2/BCD_r0014_c0127.png,0,masks/BCD_r0014_c0127.png,0.00000000
BCD_r0014_c0128,T1/BCD_r0014_c0128.png,T2/BCD_r0014_c0128.png,0,masks/BCD_r0014_c0128.png,0.00000000
BCD_r0014_c0129,T1/BCD_r0014_c0129.png,T2/BCD_r0014_c0129.png,0,masks/BCD_r0014_c0129.png,0.00000000
BCD_r0014_c0130,T1/BCD_r0014_c0130.png,T2/BCD_r0014_c0130.png,0,masks/BCD_r0014_c0130.png,0.00000000
BCD_r0014_c0131,T1/BCD_r0014_c0131.png,T2/BCD_r0014_c0131.png,0,masks/BCD_r0014_c0131.png,0.00000000
BCD_r0014_c0132,T1/BCD_r0014_c0132.png,T2/BCD_r0014_c0132.png,0,masks/BCD_r0014_c0132.png,0.00000000
BCD_r0014_c0133,T1/BCD_r0014_c0133.png,T2/BCD_r0014_c0133.png,0,masks/BCD_r0014_c0133.png,0.00000000
BCD_r0014_c0134,T1/BCD_r0014_c0134.png,T2/BCD_r0014_c0134.png,0,masks/BCD_r0014_c0134.png,0.00000000
BCD_r0014_c0135,T1/BCD_r0014_c0135.png,T2/BCD_r0014_c0135.png,0,masks/BCD_r0014_c0135.png,0.00000000
BCD_r0014_c0136,T1/BCD_r0014_c0136.png,T2/BCD_r0014_c0136.png,0,masks/BCD_r0014_c0136.png,0.00000000
BCD_r0014_c0137,T1/BCD_r0014_c0137.png,T2/BCD_r0014_c0137.png,1,masks/BCD_r0014_c0137.png,0.00199298
BCD_r0014_c0138,T1/BCD_r0014_c0138.png,T2/BCD_r0014_c0138.png,0,masks/BCD_r0014_c0138.png,0.00000000
BCD_r0014_c0139,T1/BCD_r0014_c0139.png,T2/BCD_r0014_c0139.png,0,masks/BCD_r0014_c0139.png,0.00000000
BCD_r0014_c0140,T1/BCD_r0014_c0140.png,T2/BCD_r0014_c0140.png,0,masks/BCD_r0014_c0140.png,0.00000000
BCD_r0014_c0141,T1/BCD_r0014_c0141.png,T2/BCD_r0014_c0141.png,0,masks/BCD_r0014_c0141.png,0.00000000
BCD_r0014_c0142,T1/BCD_r0014_c0142.png,T2/BCD_r0014_c0142.png,0,masks/BCD_r0014_c0142.png,0.00000000
BCD_r0014_c0143,T1/BCD_r0014_c0143.png,T2/BCD_r0014_c0143.png,0,masks/BCD_r0014_c0143.png,0.00000000
BCD_r0014_c0144,T1/BCD_r0014_c0144.png,T2/BCD_r0014_c0144.png,0,masks/BCD_r0014_c0144.png,0.00000000
BCD_r0015_c0000,T1/BCD_r0015_c0000.png,T2/BCD_r0015_c0000.png,0,masks/BCD_r0015_c0000.png,0.00000000
BCD_r0015_c0001,T1/BCD_r0015_c0001.png,T2/BCD_r0015_c0001.png,0,masks/BCD_r0015_c0001.png,0.00000000
BCD_r0015_c0002,T1/BCD_r0015_c0002.png,T2/BCD_r0015_c0002.png,0,masks/BCD_r0015_c0002.png,0.00000000
BCD_r0015_c0003,T1/BCD_r0015_c0003.png,T2/BCD_r0015_c0003.png,0,masks/BCD_r0015_c0003.png,0.00000000
BCD_r0015_c0004,T1/BCD_r0015_c0004.png,T2/BCD_r0015_c0004.png,0,masks/BCD_r0015_c0004.png,0.00000000
BCD_r0015_c0005,T1/BCD_r0015_c0005.png,T2/BCD_r0015_c0005.png,0,masks/BCD_r0015_c0005.png,0.00000000
BCD_r0015_c0006,T1/BCD_r0015_c0006.png,T2/BCD_r0015_c0006.png,0,masks/BCD_r0015_c0006.png,0.00000000
BCD_r0015_c0007,T1/BCD_r0015_c0007.png,T2/BCD_r0015_c0007.png,0,masks/BCD_r0015_c0007.png,0.00000000
BCD_r0015_c0008,T1/BCD_r0015_c0008.png,T2/BCD_r0015_c0008.png,0,masks/BCD_r0015_c0008.png,0.00000000
BCD_r0015_c0009,T1/BCD_r0015_c0009.png,T2/BCD_r0015_c0009.png,0,masks/BCD_r0015_c0009.png,0.00000000
BCD_r0015_c0010,T1/BCD_r0015_c0010.png,T2/BCD_r0015_c0010.png,0,masks/BCD_r0015_c0010.png,0.00000000
BCD_r0015_c0011,T1/BCD_r0015_c0011.png,T2/BCD_r0015_c0011.png,0,masks/BCD_r0015_c0011.png,0.00000000
BCD_r0015_c0012,T1/BCD_r0015_c0012.png,T2/BCD_r0015_c0012.png,0,masks/BCD_r0015_c0012.png,0.00000000
BCD_r0015_c0013,T1/BCD_r0015_c0013.png,T2/BCD_r0015_c0013.png,0,masks/BCD_r0015_c0013.png,0.00000000
BCD_r0015_c0014,T1/BCD_r0015_c0014.png,T2/BCD_r0015_c0014.png,0,masks/BCD_r0015_c0014.png,0.00000000
BCD_r0015_c0015,T1/BCD_r0015_c0015.png,T2/BCD_r0015_c0015.png,0,masks/BCD_r0015_c0015.png,0.00000000
BCD_r0015_c0016,T1/BCD_r0015_c0016.png,T2/BCD_r0015_c0016.png,0,masks/BCD_r0015_c0016.png,0.00000000
BCD_r0015_c0017,T1/BCD_r0015_c0017.png,T2/BCD_r0015_c0017.png,0,masks/BCD_r0015_c0017.png,0.00000000
BCD_r0015_c0018,T1/BCD_r0015_c0018.png,T2/BCD_r0015_c0018.png,0,masks/BCD_r0015_c0018.png,0.00000000
BCD_r0015_c0019,T1/BCD_r0015_c0019.png,T2/BCD_r0015_c0019.png,0,masks/BCD_r0015_c0019.png,0.00000000
BCD_r0015_c0020,T1/BCD_r0015_c0020.png,T2/BCD_r0015_c0020.png,0,masks/BCD_r0015_c0020.png,0.00000000
BCD_r0015_c0021,T1/BCD_r0015_c0021.png,T2/BCD_r0015_c0021.png,0,masks/BCD_r0015_c0021.png,0.00000000
BCD_r0015_c0022,T1/BCD_r0015_c0022.png,T2/BCD_r0015_c0022.png,0,masks/BCD_r0015_c0022.png,0.00000000
BCD_r0015_c0023,T1/BCD_r0015_c0023.png,T2/BCD_r0015_c0023.png,0,masks/BCD_r0015_c0023.png,0.00000000
BCD_r0015_c0024,T1/BCD_r0015_c0024.png,T2/BCD_r0015_c0024.png,0,masks/BCD_r0015_c0024.png,0.00000000
BCD_r0015_c0025,T1/BCD_r0015_c0025.png,T2/BCD_r0015_c0025.png,0,masks/BCD_r0015_c0025.png,0.00000000
BCD_r0015_c0026,T1/BCD_r0015_c0026.png,T2/BCD_r0015_c0026.png,0,masks/BCD_r0015_c0026.png,0.00000000
BCD_r0015_c0027,T1/BCD_r0015_c0027.png,T2/BCD_r0015_c0027.png,0,masks/BCD_r0015_c0027.png,0.00000000
BCD_r0015_c0028,T1/BCD_r0015_c0028.png,T2/BCD_r0015_c0028.png,0,masks/BCD_r0015_c0028.png,0.00000000
BCD_r0015_c0029,T1/BCD_r0015_c0029.png,T2/BCD_r0015_c0029.png,0,masks/BCD_r0015_c0029.png,0.00000000
BCD_r0015_c0030,T1/BCD_r0015_c0030.png,T2/BCD_r0015_c0030.png,0,masks/BCD_r0015_c0030.png,0.00000000
BCD_r0015_c0031,T1/BCD_r0015_c0031.png,T2/BCD_r0015_c0031.png,0,masks/BCD_r0015_c0031.png,0.00000000
BCD_r0015_c0032,T1/BCD_r0015_c0032.png,T2/BCD_r0015_c0032.png,0,masks/BCD_r0015_c0032.png,0.00000000
BCD_r0015_c0033,T1/BCD_r0015_c0033.png,T2/BCD_r0015_c0033.png,0,masks/BCD_r0015_c0033.png,0.00000000
BCD_r0015_c0034,T1/BCD_r0015_c0034.png,T2/BCD_r0015_c0034.png,0,masks/BCD_r0015_c0034.png,0.00000000
BCD_r0015_c0035,T1/BCD_r0015_c0035.png,T2/BCD_r0015_c0035.png,0,masks/BCD_r0015_c0035.png,0.00000000
BCD_r0015_c0036,T1/BCD_r0015_c0036.png,T2/BCD_r0015_c0036.png,0,masks/BCD_r0015_c0036.png,0.00000000
BCD_r0015_c0037,T1/BCD_r0015_c0037.png,T2/BCD_r0015_c0037.png,1,masks/BCD_r0015_c0037.png,0.33812978
BCD_r0015_c0038,T1/BCD_r0015_c0038.png,T2/BCD_r0015_c0038.png,1,masks/BCD_r0015_c0038.png,0.02857940
BCD_r0015_c0039,T1/BCD_r0015_c0039.png,T2/BCD_r0015_c0039.png,0,masks/BCD_r0015_c0039.png,0.00000000
BCD_r0015_c0040,T1/BCD_r0015_c0040.png,T2/BCD_r0015_c0040.png,0,masks/BCD_r0015_c0040.png,0.00000000
BCD_r0015_c0041,T1/BCD_r0015_c0041.png,T2/BCD_r0015_c0041.png,0,masks/BCD_r0015_c0041.png,0.00000000
BCD_r0015_c0042,T1/BCD_r0015_c0042.png,T2/BCD_r0015_c0042.png,0,masks/BCD_r0015_c0042.png,0.00000000
BCD_r0015_c0043,T1/BCD_r0015_c0043.png,T2/BCD_r0015_c0043.png,0,masks/BCD_r0015_c0043.png,0.00000000
BCD_r0015_c0044,T1/BCD_r0015_c0044.png,T2/BCD_r0015_c0044.png,0,masks/BCD_r0015_c0044.png,0.00000000
BCD_r0015_c0045,T1/BCD_r0015_c0045.png,T2/BCD_r0015_c0045.png,0,masks/BCD_r0015_c0045.png,0.00000000
BCD_r0015_c0046,T1/BCD_r0015_c0046.png,T2/BCD_r0015_c0046.png,0,masks/BCD_r0015_c0046.png,0.00000000
BCD_r0015_c0047,T1/BCD_r0015_c0047.png,T2/BCD_r0015_c0047.png,1,masks/BCD_r0015_c0047.png,0.00103635
BCD_r0015_c0048,T1/BCD_r0015_c0048.png,T2/BCD_r0015_c0048.png,0,masks/BCD_r0015_c0048.png,0.00000000
BCD_r0015_c0049,T1/BCD_r0015_c0049.png,T2/BCD_r0015_c0049.png,0,masks/BCD_r0015_c0049.png,0.00000000
BCD_r0015_c0050,T1/BCD_r0015_c0050.png,T2/BCD_r0015_c0050.png,0,masks/BCD_r0015_c0050.png,0.00000000
BCD_r0015_c0051,T1/BCD_r0015_c0051.png,T2/BCD_r0015_c0051.png,0,masks/BCD_r0015_c0051.png,0.00000000
BCD_r0015_c0052,T1/BCD_r0015_c0052.png,T2/BCD_r0015_c0052.png,0,masks/BCD_r0015_c0052.png,0.00000000
BCD_r0015_c0053,T1/BCD_r0015_c0053.png,T2/BCD_r0015_c0053.png,0,masks/BCD_r0015_c0053.png,0.00000000
BCD_r0015_c0054,T1/BCD_r0015_c0054.png,T2/BCD_r0015_c0054.png,0,masks/BCD_r0015_c0054.png,0.00000000
BCD_r0015_c0055,T1/BCD_r0015_c0055.png,T2/BCD_r0015_c0055.png,0,masks/BCD_r0015_c0055.png,0.00000000
BCD_r0015_c0056,T1/BCD_r0015_c0056.png,T2/BCD_r0015_c0056.png,0,masks/BCD_r0015_c0056.png,0.00000000
BCD_r0015_c0057,T1/BCD_r0015_c0057.png,T2/BCD_r0015_c0057.png,0,masks/BCD_r0015_c0057.png,0.00000000
BCD_r0015_c0058,T1/BCD_r0015_c0058.png,T2/BCD_r0015_c0058.png,0,masks/BCD_r0015_c0058.png,0.00000000
BCD_r0015_c0059,T1/BCD_r0015_c0059.png,T2/BCD_r0015_c0059.png,0,masks/BCD_r0015_c0059.png,0.00000000
BCD_r0015_c0060,T1/BCD_r0015_c0060.png,T2/BCD_r0015_c0060.png,0,masks/BCD_r0015_c0060.png,0.00000000
BCD_r0015_c0061,T1/BCD_r0015_c0061.png,T2/BCD_r0015_c0061.png,0,masks/BCD_r0015_c0061.png,0.00000000
BCD_r0015_c0062,T1/BCD_r0015_c0062.png,T2/BCD_r0015_c0062.png,0,masks/BCD_r0015_c0062.png,0.00000000
BCD_r0015_c0063,T1/BCD_r0015_c0063.png,T2/BCD_r0015_c0063.png,0,masks/BCD_r0015_c0063.png,0.00000000
BCD_r0015_c0064,T1/BCD_r0015_c0064.png,T2/BCD_r0015_c0064.png,0,masks/BCD_r0015_c0064.png,0.00000000
BCD_r0015_c0065,T1/BCD_r0015_c0065.png,T2/BCD_r0015_c0065.png,0,masks/BCD_r0015_c0065.png,0.00000000
BCD_r0015_c0066,T1/BCD_r0015_c0066.png,T2/BCD_r0015_c0066.png,0,masks/BCD_r0015_c0066.png,0.00000000
BCD_r0015_c0067,T1/BCD_r0015_c0067.png,T2/BCD_r0015_c0067.png,0,masks/BCD_r0015_c0067.png,0.00000000
BCD_r0015_c0068,T1/BCD_r0015_c0068.png,T2/BCD_r0015_c0068.png,0,masks/BCD_r0015_c0068.png,0.00000000
BCD_r0015_c0069,T1/BCD_r0015_c0069.png,T2/BCD_r0015_c0069.png,0,masks/BCD_r0015_c0069.png,0.00000000
BCD_r0015_c0070,T1/BCD_r0015_c0070.png,T2/BCD_r0015_c0070.png,0,masks/BCD_r0015_c0070.png,0.00000000
BCD_r0015_c0071,T1/BCD_r0015_c0071.png,T2/BCD_r0015_c0071.png,0,masks/BCD_r0015_c0071.png,0.00000000
BCD_r0015_c0072,T1/BCD_r0015_c0072.png,T2/BCD_r0015_c0072.png,0,masks/BCD_r0015_c0072.png,0.00000000
BCD_r0015_c0073,T1/BCD_r0015_c0073.png,T2/BCD_r0015_c0073.png,0,masks/BCD_r0015_c0073.png,0.00000000
BCD_r0015_c0074,T1/BCD_r0015_c0074.png,T2/BCD_r0015_c0074.png,0,masks/BCD_r0015_c0074.png,0.00000000
BCD_r0015_c0075,T1/BCD_r0015_c0075.png,T2/BCD_r0015_c0075.png,0,masks/BCD_r0015_c0075.png,0.00000000
BCD_r0015_c0076,T1/BCD_r0015_c0076.png,T2/BCD_r0015_c0076.png,0,masks/BCD_r0015_c0076.png,0.00000000
BCD_r0015_c0077,T1/BCD_r0015_c0077.png,T2/BCD_r0015_c0077.png,0,masks/BCD_r0015_c0077.png,0.00000000
BCD_r0015_c0078,T1/BCD_r0015_c0078.png,T2/BCD_r0015_c0078.png,0,masks/BCD_r0015_c0078.png,0.00000000
BCD_r0015_c0079,T1/BCD_r0015_c0079.png,T2/BCD_r0015_c0079.png,0,masks/BCD_r0015_c0079.png,0.00000000
BCD_r0015_c0080,T1/BCD_r0015_c0080.png,T2/BCD_r0015_c0080.png,1,masks/BCD_r0015_c0080.png,0.04380580
BCD_r0015_c0081,T1/BCD_r0015_c0081.png,T2/BCD_r0015_c0081.png,0,masks/BCD_r0015_c0081.png,0.00000000
BCD_r0015_c0082,T1/BCD_r0015_c0082.png,T2/BCD_r0015_c0082.png,0,masks/BCD_r0015_c0082.png,0.00000000
BCD_r0015_c0083,T1/BCD_r0015_c0083.png,T2/BCD_r0015_c0083.png,0,masks/BCD_r0015_c0083.png,0.00000000
BCD_r0015_c0084,T1/BCD_r0015_c0084.png,T2/BCD_r0015_c0084.png,0,masks/BCD_r0015_c0084.png,0.00000000
BCD_r0015_c0085,T1/BCD_r0015_c0085.png,T2/BCD_r0015_c0085.png,0,masks/BCD_r0015_c0085.png,0.00000000
BCD_r0015_c0086,T1/BCD_r0015_c0086.png,T2/BCD_r0015_c0086.png,0,masks/BCD_r0015_c0086.png,0.00000000
BCD_r0015_c0087,T1/BCD_r0015_c0087.png,T2/BCD_r0015_c0087.png,0,masks/BCD_r0015_c0087.png,0.00000000
BCD_r0015_c0088,T1/BCD_r0015_c0088.png,T2/BCD_r0015_c0088.png,0,masks/BCD_r0015_c0088.png,0.00000000
BCD_r0015_c0089,T1/BCD_r0015_c0089.png,T2/BCD_r0015_c0089.png,0,masks/BCD_r0015_c0089.png,0.00000000
BCD_r0015_c0090,T1/BCD_r0015_c0090.png,T2/BCD_r0015_c0090.png,0,masks/BCD_r0015_c0090.png,0.00000000
BCD_r0015_c0091,T1/BCD_r0015_c0091.png,T2/BCD_r0015_c0091.png,0,masks/BCD_r0015_c0091.png,0.00000000
BCD_r0015_c0092,T1/BCD_r0015_c0092.png,T2/BCD_r0015_c0092.png,0,masks/BCD_r0015_c0092.png,0.00000000
BCD_r0015_c0093,T1/BCD_r0015_c0093.png,T2/BCD_r0015_c0093.png,0,masks/BCD_r0015_c0093.png,0.00000000
BCD_r0015_c0094,T1/BCD_r0015_c0094.png,T2/BCD_r0015_c0094.png,0,masks/BCD_r0015_c0094.png,0.00000000
BCD_r0015_c0095,T1/BCD_r0015_c0095.png,T2/BCD_r0015_c0095.png,1,masks/BCD_r0015_c0095.png,0.14879624
BCD_r0015_c0096,T1/BCD_r0015_c0096.png,T2/BCD_r0015_c0096.png,1,masks/BCD_r0015_c0096.png,0.43971221
BCD_r0015_c0097,T1/BCD_r0015_c0097.png,T2/BCD_r0015_c0097.png,0,masks/BCD_r0015_c0097.png,0.00000000
BCD_r0015_c0098,T1/BCD_r0015_c0098.png,T2/BCD_r0015_c0098.png,0,masks/BCD_r0015_c0098.png,0.00000000
BCD_r0015_c0099,T1/BCD_r0015_c0099.png,T2/BCD_r0015_c0099.png,0,masks/BCD_r0015_c0099.png,0.00000000
BCD_r0015_c0100,T1/BCD_r0015_c0100.png,T2/BCD_r0015_c0100.png,0,masks/BCD_r0015_c0100.png,0.00000000
BCD_r0015_c0101,T1/BCD_r0015_c0101.png,T2/BCD_r0015_c0101.png,0,masks/BCD_r0015_c0101.png,0.00000000
BCD_r0015_c0102,T1/BCD_r0015_c0102.png,T2/BCD_r0015_c0102.png,0,masks/BCD_r0015_c0102.png,0.00000000
BCD_r0015_c0103,T1/BCD_r0015_c0103.png,T2/BCD_r0015_c0103.png,0,masks/BCD_r0015_c0103.png,0.00000000
BCD_r0015_c0104,T1/BCD_r0015_c0104.png,T2/BCD_r0015_c0104.png,0,masks/BCD_r0015_c0104.png,0.00000000
BCD_r0015_c0105,T1/BCD_r0015_c0105.png,T2/BCD_r0015_c0105.png,0,masks/BCD_r0015_c0105.png,0.00000000
BCD_r0015_c0106,T1/BCD_r0015_c0106.png,T2/BCD_r0015_c0106.png,0,masks/BCD_r0015_c0106.png,0.00000000
BCD_r0015_c0107,T1/BCD_r0015_c0107.png,T2/BCD_r0015_c0107.png,0,masks/BCD_r0015_c0107.png,0.00000000
BCD_r0015_c0108,T1/BCD_r0015_c0108.png,T2/BCD_r0015_c0108.png,0,masks/BCD_r0015_c0108.png,0.00000000
BCD_r0015_c0109,T1/BCD_r0015_c0109.png,T2/BCD_r0015_c0109.png,0,masks/BCD_r0015_c0109.png,0.00000000
BCD_r0015_c0110,T1/BCD_r0015_c0110.png,T2/BCD_r0015_c0110.png,0,masks/BCD_r0015_c0110.png,0.00000000
BCD_r0015_c0111,T1/BCD_r0015_c0111.png,T2/BCD_r0015_c0111.png,0,masks/BCD_r0015_c0111.png,0.00000000
BCD_r0015_c0112,T1/BCD_r0015_c0112.png,T2/BCD_r0015_c0112.png,0,masks/BCD_r0015_c0112.png,0.00000000
BCD_r0015_c0113,T1/BCD_r0015_c0113.png,T2/BCD_r0015_c0113.png,0,masks/BCD_r0015_c0113.png,0.00000000
BCD_r0015_c0114,T1/BCD_r0015_c0114.png,T2/BCD_r0015_c0114.png,1,masks/BCD_r0015_c0114.png,0.02927695
BCD_r0015_c0115,T1/BCD_r0015_c0115.png,T2/BCD_r0015_c0115.png,1,masks/BCD_r0015_c0115.png,0.20244739
BCD_r0015_c0116,T1/BCD_r0015_c0116.png,T2/BCD_r0015_c0116.png,0,masks/BCD_r0015_c0116.png,0.00000000
BCD_r0015_c0117,T1/BCD_r0015_c0117.png,T2/BCD_r0015_c0117.png,0,masks/BCD_r0015_c0117.png,0.00000000
BCD_r0015_c0118,T1/BCD_r0015_c0118.png,T2/BCD_r0015_c0118.png,0,masks/BCD_r0015_c0118.png,0.00000000
BCD_r0015_c0119,T1/BCD_r0015_c0119.png,T2/BCD_r0015_c0119.png,0,masks/BCD_r0015_c0119.png,0.00000000
BCD_r0015_c0120,T1/BCD_r0015_c0120.png,T2/BCD_r0015_c0120.png,0,masks/BCD_r0015_c0120.png,0.00000000
BCD_r0015_c0121,T1/BCD_r0015_c0121.png,T2/BCD_r0015_c0121.png,0,masks/BCD_r0015_c0121.png,0.00000000
BCD_r0015_c0122,T1/BCD_r0015_c0122.png,T2/BCD_r0015_c0122.png,0,masks/BCD_r0015_c0122.png,0.00000000
BCD_r0015_c0123,T1/BCD_r0015_c0123.png,T2/BCD_r0015_c0123.png,0,masks/BCD_r0015_c0123.png,0.00000000
BCD_r0015_c0124,T1/BCD_r0015_c0124.png,T2/BCD_r0015_c0124.png,0,masks/BCD_r0015_c0124.png,0.00000000
BCD_r0015_c0125,T1/BCD_r0015_c0125.png,T2/BCD_r0015_c0125.png,0,masks/BCD_r0015_c0125.png,0.00000000
BCD_r0015_c0126,T1/BCD_r0015_c0126.png,T2/BCD_r0015_c0126.png,0,masks/BCD_r0015_c0126.png,0.00000000
BCD_r0015_c0127,T1/BCD_r0015_c0127.png,T2/BCD_r0015_c0127.png,0,masks/BCD_r0015_c0127.png,0.00000000
BCD_r0015_c0128,T1/BCD_r0015_c0128.png,T2/BCD_r0015_c0128.png,0,masks/BCD_r0015_c0128.png,0.00000000
BCD_r0015_c0129,T1/BCD_r0015_c0129.png,T2/BCD_r0015_c0129.png,1,masks/BCD_r0015_c0129.png,0.03547513
BCD_r0015_c0130,T1/BCD_r0015_c0130.png,T2/BCD_r0015_c0130.png,1,masks/BCD_r0015_c0130.png,0.00221221
BCD_r0015_c0131,T1/BCD_r0015_c0131.png,T2/BCD_r0015_c0131.png,0,masks/BCD_r0015_c0131.png,0.00000000
BCD_r0015_c0132,T1/BCD_r0015_c0132.png,T2/BCD_r0015_c0132.png,0,masks/BCD_r0015_c0132.png,0.00000000
BCD_r0015_c0133,T1/BCD_r0015_c0133.png,T2/BCD_r0015_c0133.png,0,masks/BCD_r0015_c0133.png,0.00000000
BCD_r0015_c0134,T1/BCD_r0015_c0134.png,T2/BCD_r0015_c0134.png,0,masks/BCD_r0015_c0134.png,0.00000000
BCD_r0015_c0135,T1/BCD_r0015_c0135.png,T2/BCD_r0015_c0135.png,0,masks/BCD_r0015_c0135.png,0.00000000
BCD_r0015_c0136,T1/BCD_r0015_c0136.png,T2/BCD_r0015_c0136.png,0,masks/BCD_r0015_c0136.png,0.00000000
BCD_r0015_c0137,T1/BCD_r0015_c0137.png,T2/BCD_r0015_c0137.png,1,masks/BCD_r0015_c0137.png,0.01638233
BCD_r0015_c0138,T1/BCD_r0015_c0138.png,T2/BCD_r0015_c0138.png,0,masks/BCD_r0015_c0138.png,0.00000000
BCD_r0015_c0139,T1/BCD_r0015_c0139.png,T2/BCD_r0015_c0139.png,0,masks/BCD_r0015_c0139.png,0.00000000
BCD_r0015_c0140,T1/BCD_r0015_c0140.png,T2/BCD_r0015_c0140.png,0,masks/BCD_r0015_c0140.png,0.00000000
BCD_r0015_c0141,T1/BCD_r0015_c0141.png,T2/BCD_r0015_c0141.png,0,masks/BCD_r0015_c0141.png,0.00000000
BCD_r0015_c0142,T1/BCD_r0015_c0142.png,T2/BCD_r0015_c0142.png,0,masks/BCD_r0015_c0142.png,0.00000000
BCD_r0015_c0143,T1/BCD_r0015_c0143.png,T2/BCD_r0015_c0143.png,0,masks/BCD_r0015_c0143.png,0.00000000
BCD_r0015_c0144,T1/BCD_r0015_c0144.png,T2/BCD_r0015_c0144.png,0,masks/BCD_r0015_c0144.png,0.00000000
BCD_r0016_c0000,T1/BCD_r0016_c0000.png,T2/BCD_r0016_c0000.png,0,masks/BCD_r0016_c0000.png,0.00000000
BCD_r0016_c0001,T1/BCD_r0016_c0001.png,T2/BCD_r0016_c0001.png,0,masks/BCD_r0016_c0001.png,0.00000000
BCD_r0016_c0002,T1/BCD_r0016_c0002.png,T2/BCD_r0016_c0002.png,0,masks/BCD_r0016_c0002.png,0.00000000
BCD_r0016_c0003,T1/BCD_r0016_c0003.png,T2/BCD_r0016_c0003.png,0,masks/BCD_r0016_c0003.png,0.00000000
BCD_r0016_c0004,T1/BCD_r0016_c0004.png,T2/BCD_r0016_c0004.png,0,masks/BCD_r0016_c0004.png,0.00000000
BCD_r0016_c0005,T1/BCD_r0016_c0005.png,T2/BCD_r0016_c0005.png,0,masks/BCD_r0016_c0005.png,0.00000000
BCD_r0016_c0006,T1/BCD_r0016_c0006.png,T2/BCD_r0016_c0006.png,0,masks/BCD_r0016_c0006.png,0.00000000
BCD_r0016_c0007,T1/BCD_r0016_c0007.png,T2/BCD_r0016_c0007.png,0,masks/BCD_r0016_c0007.png,0.00000000
BCD_r0016_c0008,T1/BCD_r0016_c0008.png,T2/BCD_r0016_c0008.png,0,masks/BCD_r0016_c0008.png,0.00000000
BCD_r0016_c0009,T1/BCD_r0016_c0009.png,T2/BCD_r0016_c0009.png,0,masks/BCD_r0016_c0009.png,0.00000000
BCD_r0016_c0010,T1/BCD_r0016_c0010.png,T2/BCD_r0016_c0010.png,0,masks/BCD_r0016_c0010.png,0.00000000
BCD_r0016_c0011,T1/BCD_r0016_c0011.png,T2/BCD_r0016_c0011.png,0,masks/BCD_r0016_c0011.png,0.00000000
BCD_r0016_c0012,T1/BCD_r0016_c0012.png,T2/BCD_r0016_c0012.png,0,masks/BCD_r0016_c0012.png,0.00000000
BCD_r0016_c0013,T1/BCD_r0016_c0013.png,T2/BCD_r0016_c0013.png,0,masks/BCD_r0016_c0013.png,0.00000000
BCD_r0016_c0014,T1/BCD_r0016_c0014.png,T2/BCD_r0016_c0014.png,0,masks/BCD_r0016_c0014.png,0.00000000
BCD_r0016_c0015,T1/BCD_r0016_c0015.png,T2/BCD_r0016_c0015.png,0,masks/BCD_r0016_c0015.png,0.00000000
BCD_r0016_c0016,T1/BCD_r0016_c0016.png,T2/BCD_r0016_c0016.png,0,masks/BCD_r0016_c0016.png,0.00000000
BCD_r0016_c0017,T1/BCD_r0016_c0017.png,T2/BCD_r0016_c0017.png,0,masks/BCD_r0016_c0017.png,0.00000000
BCD_r0016_c0018,T1/BCD_r0016_c0018.png,T2/BCD_r0016_c0018.png,0,masks/BCD_r0016_c0018.png,0.00000000
BCD_r0016_c0019,T1/BCD_r0016_c0019.png,T2/BCD_r0016_c0019.png,0,masks/BCD_r0016_c0019.png,0.00000000
BCD_r0016_c0020,T1/BCD_r0016_c0020.png,T2/BCD_r0016_c0020.png,0,masks/BCD_r0016_c0020.png,0.00000000
BCD_r0016_c0021,T1/BCD_r0016_c0021.png,T2/BCD_r0016_c0021.png,0,masks/BCD_r0016_c0021.png,0.00000000
BCD_r0016_c0022,T1/BCD_r0016_c0022.png,T2/BCD_r0016_c0022.png,0,masks/BCD_r0016_c0022.png,0.00000000
BCD_r0016_c0023,T1/BCD_r0016_c0023.png,T2/BCD_r0016_c0023.png,0,masks/BCD_r0016_c0023.png,0.00000000
BCD_r0016_c0024,T1/BCD_r0016_c0024.png,T2/BCD_r0016_c0024.png,0,masks/BCD_r0016_c0024.png,0.00000000
BCD_r0016_c0025,T1/BCD_r0016_c0025.png,T2/BCD_r0016_c0025.png,0,masks/BCD_r0016_c0025.png,0.00000000
BCD_r0016_c0026,T1/BCD_r0016_c0026.png,T2/BCD_r0016_c0026.png,0,masks/BCD_r0016_c0026.png,0.00000000
BCD_r0016_c0027,T1/BCD_r0016_c0027.png,T2/BCD_r0016_c0027.png,0,masks/BCD_r0016_c0027.png,0.00000000
BCD_r0016_c0028,T1/BCD_r0016_c0028.png,T2/BCD_r0016_c0028.png,0,masks/BCD_r0016_c0028.png,0.00000000
BCD_r0016_c0029,T1/BCD_r0016_c0029.png,T2/BCD_r0016_c0029.png,0,masks/BCD_r0016_c0029.png,0.00000000
BCD_r0016_c0030,T1/BCD_r0016_c0030.png,T2/BCD_r0016_c0030.png,0,masks/BCD_r0016_c0030.png,0.00000000
BCD_r0016_c0031,T1/BCD_r0016_c0031.png,T2/BCD_r0016_c0031.png,0,masks/BCD_r0016_c0031.png,0.00000000
BCD_r0016_c0032,T1/BCD_r0016_c0032.png,T2/BCD_r0016_c0032.png,0,masks/BCD_r0016_c0032.png,0.00000000
BCD_r0016_c0033,T1/BCD_r0016_c0033.png,T2/BCD_r0016_c0033.png,0,masks/BCD_r0016_c0033.png,0.00000000
BCD_r0016_c0034,T1/BCD_r0016_c0034.png,T2/BCD_r0016_c0034.png,0,masks/BCD_r0016_c0034.png,0.00000000
BCD_r0016_c0035,T1/BCD_r0016_c0035.png,T2/BCD_r0016_c0035.png,0,masks/BCD_r0016_c0035.png,0.00000000
BCD_r0016_c0036,T1/BCD_r0016_c0036.png,T2/BCD_r0016_c0036.png,0,masks/BCD_r0016_c0036.png,0.00000000
BCD_r0016_c0037,T1/BCD_r0016_c0037.png,T2/BCD_r0016_c0037.png,1,masks/BCD_r0016_c0037.png,0.02519133
BCD_r0016_c0038,T1/BCD_r0016_c0038.png,T2/BCD_r0016_c0038.png,0,masks/BCD_r0016_c0038.png,0.00000000
BCD_r0016_c0039,T1/BCD_r0016_c0039.png,T2/BCD_r0016_c0039.png,0,masks/BCD_r0016_c0039.png,0.00000000
BCD_r0016_c0040,T1/BCD_r0016_c0040.png,T2/BCD_r0016_c0040.png,0,masks/BCD_r0016_c0040.png,0.00000000
BCD_r0016_c0041,T1/BCD_r0016_c0041.png,T2/BCD_r0016_c0041.png,0,masks/BCD_r0016_c0041.png,0.00000000
BCD_r0016_c0042,T1/BCD_r0016_c0042.png,T2/BCD_r0016_c0042.png,0,masks/BCD_r0016_c0042.png,0.00000000
BCD_r0016_c0043,T1/BCD_r0016_c0043.png,T2/BCD_r0016_c0043.png,0,masks/BCD_r0016_c0043.png,0.00000000
BCD_r0016_c0044,T1/BCD_r0016_c0044.png,T2/BCD_r0016_c0044.png,0,masks/BCD_r0016_c0044.png,0.00000000
BCD_r0016_c0045,T1/BCD_r0016_c0045.png,T2/BCD_r0016_c0045.png,0,masks/BCD_r0016_c0045.png,0.00000000
BCD_r0016_c0046,T1/BCD_r0016_c0046.png,T2/BCD_r0016_c0046.png,0,masks/BCD_r0016_c0046.png,0.00000000
BCD_r0016_c0047,T1/BCD_r0016_c0047.png,T2/BCD_r0016_c0047.png,0,masks/BCD_r0016_c0047.png,0.00000000
BCD_r0016_c0048,T1/BCD_r0016_c0048.png,T2/BCD_r0016_c0048.png,0,masks/BCD_r0016_c0048.png,0.00000000
BCD_r0016_c0049,T1/BCD_r0016_c0049.png,T2/BCD_r0016_c0049.png,0,masks/BCD_r0016_c0049.png,0.00000000
BCD_r0016_c0050,T1/BCD_r0016_c0050.png,T2/BCD_r0016_c0050.png,0,masks/BCD_r0016_c0050.png,0.00000000
BCD_r0016_c0051,T1/BCD_r0016_c0051.png,T2/BCD_r0016_c0051.png,0,masks/BCD_r0016_c0051.png,0.00000000
BCD_r0016_c0052,T1/BCD_r0016_c0052.png,T2/BCD_r0016_c0052.png,0,masks/BCD_r0016_c0052.png,0.00000000
BCD_r0016_c0053,T1/BCD_r0016_c0053.png,T2/BCD_r0016_c0053.png,0,masks/BCD_r0016_c0053.png,0.00000000
BCD_r0016_c0054,T1/BCD_r0016_c0054.png,T2/BCD_r0016_c0054.png,0,masks/BCD_r0016_c0054.png,0.00000000
BCD_r0016_c0055,T1/BCD_r0016_c0055.png,T2/BCD_r0016_c0055.png,0,masks/BCD_r0016_c0055.png,0.00000000
BCD_r0016_c0056,T1/BCD_r0016_c0056.png,T2/BCD_r0016_c0056.png,1,masks/BCD_r0016_c0056.png,0.01096142
BCD_r0016_c0057,T1/BCD_r0016_c0057.png,T2/BCD_r0016_c0057.png,0,masks/BCD_r0016_c0057.png,0.00000000
BCD_r0016_c0058,T1/BCD_r0016_c0058.png,T2/BCD_r0016_c0058.png,0,masks/BCD_r0016_c0058.png,0.00000000
BCD_r0016_c0059,T1/BCD_r0016_c0059.png,T2/BCD_r0016_c0059.png,0,masks/BCD_r0016_c0059.png,0.00000000
BCD_r0016_c0060,T1/BCD_r0016_c0060.png,T2/BCD_r0016_c0060.png,0,masks/BCD_r0016_c0060.png,0.00000000
BCD_r0016_c0061,T1/BCD_r0016_c0061.png,T2/BCD_r0016_c0061.png,0,masks/BCD_r0016_c0061.png,0.00000000
BCD_r0016_c0062,T1/BCD_r0016_c0062.png,T2/BCD_r0016_c0062.png,0,masks/BCD_r0016_c0062.png,0.00000000
BCD_r0016_c0063,T1/BCD_r0016_c0063.png,T2/BCD_r0016_c0063.png,0,masks/BCD_r0016_c0063.png,0.00000000
BCD_r0016_c0064,T1/BCD_r0016_c0064.png,T2/BCD_r0016_c0064.png,0,masks/BCD_r0016_c0064.png,0.00000000
BCD_r0016_c0065,T1/BCD_r0016_c0065.png,T2/BCD_r0016_c0065.png,0,masks/BCD_r0016_c0065.png,0.00000000
BCD_r0016_c0066,T1/BCD_r0016_c0066.png,T2/BCD_r0016_c0066.png,0,masks/BCD_r0016_c0066.png,0.00000000
BCD_r0016_c0067,T1/BCD_r0016_c0067.png,T2/BCD_r0016_c0067.png,0,masks/BCD_r0016_c0067.png,0.00000000
BCD_r0016_c0068,T1/BCD_r0016_c0068.png,T2/BCD_r0016_c0068.png,0,masks/BCD_r0016_c0068.png,0.00000000
BCD_r0016_c0069,T1/BCD_r0016_c0069.png,T2/BCD_r0016_c0069.png,0,masks/BCD_r0016_c0069.png,0.00000000
BCD_r0016_c0070,T1/BCD_r0016_c0070.png,T2/BCD_r0016_c0070.png,0,masks/BCD_r0016_c0070.png,0.00000000
BCD_r0016_c0071,T1/BCD_r0016_c0071.png,T2/BCD_r0016_c0071.png,0,masks/BCD_r0016_c0071.png,0.00000000
BCD_r0016_c0072,T1/BCD_r0016_c0072.png,T2/BCD_r0016_c0072.png,1,masks/BCD_r0016_c0072.png,0.01811623
BCD_r0016_c0073,T1/BCD_r0016_c0073.png,T2/BCD_r0016_c0073.png,0,masks/BCD_r0016_c0073.png,0.00000000
BCD_r0016_c0074,T1/BCD_r0016_c0074.png,T2/BCD_r0016_c0074.png,0,masks/BCD_r0016_c0074.png,0.00000000
BCD_r0016_c0075,T1/BCD_r0016_c0075.png,T2/BCD_r0016_c0075.png,0,masks/BCD_r0016_c0075.png,0.00000000
BCD_r0016_c0076,T1/BCD_r0016_c0076.png,T2/BCD_r0016_c0076.png,0,masks/BCD_r0016_c0076.png,0.00000000
BCD_r0016_c0077,T1/BCD_r0016_c0077.png,T2/BCD_r0016_c0077.png,0,masks/BCD_r0016_c0077.png,0.00000000
BCD_r0016_c0078,T1/BCD_r0016_c0078.png,T2/BCD_r0016_c0078.png,0,masks/BCD_r0016_c0078.png,0.00000000
BCD_r0016_c0079,T1/BCD_r0016_c0079.png,T2/BCD_r0016_c0079.png,0,masks/BCD_r0016_c0079.png,0.00000000
BCD_r0016_c0080,T1/BCD_r0016_c0080.png,T2/BCD_r0016_c0080.png,0,masks/BCD_r0016_c0080.png,0.00000000
BCD_r0016_c0081,T1/BCD_r0016_c0081.png,T2/BCD_r0016_c0081.png,0,masks/BCD_r0016_c0081.png,0.00000000
BCD_r0016_c0082,T1/BCD_r0016_c0082.png,T2/BCD_r0016_c0082.png,0,masks/BCD_r0016_c0082.png,0.00000000
BCD_r0016_c0083,T1/BCD_r0016_c0083.png,T2/BCD_r0016_c0083.png,0,masks/BCD_r0016_c0083.png,0.00000000
BCD_r0016_c0084,T1/BCD_r0016_c0084.png,T2/BCD_r0016_c0084.png,0,masks/BCD_r0016_c0084.png,0.00000000
BCD_r0016_c0085,T1/BCD_r0016_c0085.png,T2/BCD_r0016_c0085.png,0,masks/BCD_r0016_c0085.png,0.00000000
BCD_r0016_c0086,T1/BCD_r0016_c0086.png,T2/BCD_r0016_c0086.png,0,masks/BCD_r0016_c0086.png,0.00000000
BCD_r0016_c0087,T1/BCD_r0016_c0087.png,T2/BCD_r0016_c0087.png,0,masks/BCD_r0016_c0087.png,0.00000000
BCD_r0016_c0088,T1/BCD_r0016_c0088.png,T2/BCD_r0016_c0088.png,0,masks/BCD_r0016_c0088.png,0.00000000
BCD_r0016_c0089,T1/BCD_r0016_c0089.png,T2/BCD_r0016_c0089.png,0,masks/BCD_r0016_c0089.png,0.00000000
BCD_r0016_c0090,T1/BCD_r0016_c0090.png,T2/BCD_r0016_c0090.png,0,masks/BCD_r0016_c0090.png,0.00000000
BCD_r0016_c0091,T1/BCD_r0016_c0091.png,T2/BCD_r0016_c0091.png,0,masks/BCD_r0016_c0091.png,0.00000000
BCD_r0016_c0092,T1/BCD_r0016_c0092.png,T2/BCD_r0016_c0092.png,0,masks/BCD_r0016_c0092.png,0.00000000
BCD_r0016_c0093,T1/BCD_r0016_c0093.png,T2/BCD_r0016_c0093.png,0,masks/BCD_r0016_c0093.png,0.00000000
BCD_r0016_c0094,T1/BCD_r0016_c0094.png,T2/BCD_r0016_c0094.png,0,masks/BCD_r0016_c0094.png,0.00000000
BCD_r0016_c0095,T1/BCD_r0016_c0095.png,T2/BCD_r0016_c0095.png,0,masks/BCD_r0016_c0095.png,0.00000000
BCD_r0016_c0096,T1/BCD_r0016_c0096.png,T2/BCD_r0016_c0096.png,0,masks/BCD_r0016_c0096.png,0.00000000
BCD_r0016_c0097,T1/BCD_r0016_c0097.png,T2/BCD_r0016_c0097.png,0,masks/BCD_r0016_c0097.png,0.00000000
BCD_r0016_c0098,T1/BCD_r0016_c0098.png,T2/BCD_r0016_c0098.png,0,masks/BCD_r0016_c0098.png,0.00000000
BCD_r0016_c0099,T1/BCD_r0016_c0099.png,T2/BCD_r0016_c0099.png,0,masks/BCD_r0016_c0099.png,0.00000000
BCD_r0016_c0100,T1/BCD_r0016_c0100.png,T2/BCD_r0016_c0100.png,0,masks/BCD_r0016_c0100.png,0.00000000
BCD_r0016_c0101,T1/BCD_r0016_c0101.png,T2/BCD_r0016_c0101.png,0,masks/BCD_r0016_c0101.png,0.00000000
BCD_r0016_c0102,T1/BCD_r0016_c0102.png,T2/BCD_r0016_c0102.png,0,masks/BCD_r0016_c0102.png,0.00000000
BCD_r0016_c0103,T1/BCD_r0016_c0103.png,T2/BCD_r0016_c0103.png,0,masks/BCD_r0016_c0103.png,0.00000000
BCD_r0016_c0104,T1/BCD_r0016_c0104.png,T2/BCD_r0016_c0104.png,0,masks/BCD_r0016_c0104.png,0.00000000
BCD_r0016_c0105,T1/BCD_r0016_c0105.png,T2/BCD_r0016_c0105.png,0,masks/BCD_r0016_c0105.png,0.00000000
BCD_r0016_c0106,T1/BCD_r0016_c0106.png,T2/BCD_r0016_c0106.png,0,masks/BCD_r0016_c0106.png,0.00000000
BCD_r0016_c0107,T1/BCD_r0016_c0107.png,T2/BCD_r0016_c0107.png,0,masks/BCD_r0016_c0107.png,0.00000000
BCD_r0016_c0108,T1/BCD_r0016_c0108.png,T2/BCD_r0016_c0108.png,1,masks/BCD_r0016_c0108.png,0.01337293
BCD_r0016_c0109,T1/BCD_r0016_c0109.png,T2/BCD_r0016_c0109.png,1,masks/BCD_r0016_c0109.png,0.02381617
BCD_r0016_c0110,T1/BCD_r0016_c0110.png,T2/BCD_r0016_c0110.png,1,masks/BCD_r0016_c0110.png,0.09506537
BCD_r0016_c0111,T1/BCD_r0016_c0111.png,T2/BCD_r0016_c0111.png,0,masks/BCD_r0016_c0111.png,0.00000000
BCD_r0016_c0112,T1/BCD_r0016_c0112.png,T2/BCD_r0016_c0112.png,0,masks/BCD_r0016_c0112.png,0.00000000
BCD_r0016_c0113,T1/BCD_r0016_c0113.png,T2/BCD_r0016_c0113.png,0,masks/BCD_r0016_c0113.png,0.00000000
BCD_r0016_c0114,T1/BCD_r0016_c0114.png,T2/BCD_r0016_c0114.png,1,masks/BCD_r0016_c0114.png,0.09107940
BCD_r0016_c0115,T1/BCD_r0016_c0115.png,T2/BCD_r0016_c0115.png,1,masks/BCD_r0016_c0115.png,0.79860890
BCD_r0016_c0116,T1/BCD_r0016_c0116.png,T2/BCD_r0016_c0116.png,0,masks/BCD_r0016_c0116.png,0.00000000
BCD_r0016_c0117,T1/BCD_r0016_c0117.png,T2/BCD_r0016_c0117.png,1,masks/BCD_r0016_c0117.png,0.02082669
BCD_r0016_c0118,T1/BCD_r0016_c0118.png,T2/BCD_r0016_c0118.png,0,masks/BCD_r0016_c0118.png,0.00000000
BCD_r0016_c0119,T1/BCD_r0016_c0119.png,T2/BCD_r0016_c0119.png,0,masks/BCD_r0016_c0119.png,0.00000000
BCD_r0016_c0120,T1/BCD_r0016_c0120.png,T2/BCD_r0016_c0120.png,0,masks/BCD_r0016_c0120.png,0.00000000
BCD_r0016_c0121,T1/BCD_r0016_c0121.png,T2/BCD_r0016_c0121.png,0,masks/BCD_r0016_c0121.png,0.00000000
BCD_r0016_c0122,T1/BCD_r0016_c0122.png,T2/BCD_r0016_c0122.png,1,masks/BCD_r0016_c0122.png,0.11798469
BCD_r0016_c0123,T1/BCD_r0016_c0123.png,T2/BCD_r0016_c0123.png,0,masks/BCD_r0016_c0123.png,0.00000000
BCD_r0016_c0124,T1/BCD_r0016_c0124.png,T2/BCD_r0016_c0124.png,0,masks/BCD_r0016_c0124.png,0.00000000
BCD_r0016_c0125,T1/BCD_r0016_c0125.png,T2/BCD_r0016_c0125.png,0,masks/BCD_r0016_c0125.png,0.00000000
BCD_r0016_c0126,T1/BCD_r0016_c0126.png,T2/BCD_r0016_c0126.png,0,masks/BCD_r0016_c0126.png,0.00000000
BCD_r0016_c0127,T1/BCD_r0016_c0127.png,T2/BCD_r0016_c0127.png,0,masks/BCD_r0016_c0127.png,0.00000000
BCD_r0016_c0128,T1/BCD_r0016_c0128.png,T2/BCD_r0016_c0128.png,0,masks/BCD_r0016_c0128.png,0.00000000
BCD_r0016_c0129,T1/BCD_r0016_c0129.png,T2/BCD_r0016_c0129.png,1,masks/BCD_r0016_c0129.png,0.01711974
BCD_r0016_c0130,T1/BCD_r0016_c0130.png,T2/BCD_r0016_c0130.png,0,masks/BCD_r0016_c0130.png,0.00000000
BCD_r0016_c0131,T1/BCD_r0016_c0131.png,T2/BCD_r0016_c0131.png,0,masks/BCD_r0016_c0131.png,0.00000000
BCD_r0016_c0132,T1/BCD_r0016_c0132.png,T2/BCD_r0016_c0132.png,0,masks/BCD_r0016_c0132.png,0.00000000
BCD_r0016_c0133,T1/BCD_r0016_c0133.png,T2/BCD_r0016_c0133.png,0,masks/BCD_r0016_c0133.png,0.00000000
BCD_r0016_c0134,T1/BCD_r0016_c0134.png,T2/BCD_r0016_c0134.png,0,masks/BCD_r0016_c0134.png,0.00000000
BCD_r0016_c0135,T1/BCD_r0016_c0135.png,T2/BCD_r0016_c0135.png,0,masks/BCD_r0016_c0135.png,0.00000000
BCD_r0016_c0136,T1/BCD_r0016_c0136.png,T2/BCD_r0016_c0136.png,0,masks/BCD_r0016_c0136.png,0.00000000
BCD_r0016_c0137,T1/BCD_r0016_c0137.png,T2/BCD_r0016_c0137.png,0,masks/BCD_r0016_c0137.png,0.00000000
BCD_r0016_c0138,T1/BCD_r0016_c0138.png,T2/BCD_r0016_c0138.png,0,masks/BCD_r0016_c0138.png,0.00000000
BCD_r0016_c0139,T1/BCD_r0016_c0139.png,T2/BCD_r0016_c0139.png,0,masks/BCD_r0016_c0139.png,0.00000000
BCD_r0016_c0140,T1/BCD_r0016_c0140.png,T2/BCD_r0016_c0140.png,0,masks/BCD_r0016_c0140.png,0.00000000
BCD_r0016_c0141,T1/BCD_r0016_c0141.png,T2/BCD_r0016_c0141.png,0,masks/BCD_r0016_c0141.png,0.00000000
BCD_r0016_c0142,T1/BCD_r0016_c0142.png,T2/BCD_r0016_c0142.png,0,masks/BCD_r0016_c0142.png,0.00000000
BCD_r0016_c0143,T1/BCD_r0016_c0143.png,T2/BCD_r0016_c0143.png,0,masks/BCD_r0016_c0143.png,0.00000000
BCD_r0016_c0144,T1/BCD_r0016_c0144.png,T2/BCD_r0016_c0144.png,0,masks/BCD_r0016_c0144.png,0.00000000
BCD_r0017_c0000,T1/BCD_r0017_c0000.png,T2/BCD_r0017_c0000.png,0,masks/BCD_r0017_c0000.png,0.00000000
BCD_r0017_c0001,T1/BCD_r0017_c0001.png,T2/BCD_r0017_c0001.png,1,masks/BCD_r0017_c0001.png,0.09586256
BCD_r0017_c0002,T1/BCD_r0017_c0002.png,T2/BCD_r0017_c0002.png,0,masks/BCD_r0017_c0002.png,0.00000000
BCD_r0017_c0003,T1/BCD_r0017_c0003.png,T2/BCD_r0017_c0003.png,0,masks/BCD_r0017_c0003.png,0.00000000
BCD_r0017_c0004,T1/BCD_r0017_c0004.png,T2/BCD_r0017_c0004.png,0,masks/BCD_r0017_c0004.png,0.00000000
BCD_r0017_c0005,T1/BCD_r0017_c0005.png,T2/BCD_r0017_c0005.png,0,masks/BCD_r0017_c0005.png,0.00000000
BCD_r0017_c0006,T1/BCD_r0017_c0006.png,T2/BCD_r0017_c0006.png,1,masks/BCD_r0017_c0006.png,0.02088648
BCD_r0017_c0007,T1/BCD_r0017_c0007.png,T2/BCD_r0017_c0007.png,0,masks/BCD_r0017_c0007.png,0.00000000
BCD_r0017_c0008,T1/BCD_r0017_c0008.png,T2/BCD_r0017_c0008.png,0,masks/BCD_r0017_c0008.png,0.00000000
BCD_r0017_c0009,T1/BCD_r0017_c0009.png,T2/BCD_r0017_c0009.png,0,masks/BCD_r0017_c0009.png,0.00000000
BCD_r0017_c0010,T1/BCD_r0017_c0010.png,T2/BCD_r0017_c0010.png,0,masks/BCD_r0017_c0010.png,0.00000000
BCD_r0017_c0011,T1/BCD_r0017_c0011.png,T2/BCD_r0017_c0011.png,0,masks/BCD_r0017_c0011.png,0.00000000
BCD_r0017_c0012,T1/BCD_r0017_c0012.png,T2/BCD_r0017_c0012.png,0,masks/BCD_r0017_c0012.png,0.00000000
BCD_r0017_c0013,T1/BCD_r0017_c0013.png,T2/BCD_r0017_c0013.png,0,masks/BCD_r0017_c0013.png,0.00000000
BCD_r0017_c0014,T1/BCD_r0017_c0014.png,T2/BCD_r0017_c0014.png,0,masks/BCD_r0017_c0014.png,0.00000000
BCD_r0017_c0015,T1/BCD_r0017_c0015.png,T2/BCD_r0017_c0015.png,0,masks/BCD_r0017_c0015.png,0.00000000
BCD_r0017_c0016,T1/BCD_r0017_c0016.png,T2/BCD_r0017_c0016.png,0,masks/BCD_r0017_c0016.png,0.00000000
BCD_r0017_c0017,T1/BCD_r0017_c0017.png,T2/BCD_r0017_c0017.png,0,masks/BCD_r0017_c0017.png,0.00000000
BCD_r0017_c0018,T1/BCD_r0017_c0018.png,T2/BCD_r0017_c0018.png,0,masks/BCD_r0017_c0018.png,0.00000000
BCD_r0017_c0019,T1/BCD_r0017_c0019.png,T2/BCD_r0017_c0019.png,0,masks/BCD_r0017_c0019.png,0.00000000
BCD_r0017_c0020,T1/BCD_r0017_c0020.png,T2/BCD_r0017_c0020.png,0,masks/BCD_r0017_c0020.png,0.00000000
BCD_r0017_c0021,T1/BCD_r0017_c0021.png,T2/BCD_r0017_c0021.png,0,masks/BCD_r0017_c0021.png,0.00000000
BCD_r0017_c0022,T1/BCD_r0017_c0022.png,T2/BCD_r0017_c0022.png,0,masks/BCD_r0017_c0022.png,0.00000000
BCD_r0017_c0023,T1/BCD_r0017_c0023.png,T2/BCD_r0017_c0023.png,1,masks/BCD_r0017_c0023.png,0.10638552
BCD_r0017_c0024,T1/BCD_r0017_c0024.png,T2/BCD_r0017_c0024.png,1,masks/BCD_r0017_c0024.png,0.04972497
BCD_r0017_c0025,T1/BCD_r0017_c0025.png,T2/BCD_r0017_c0025.png,0,masks/BCD_r0017_c0025.png,0.00000000
BCD_r0017_c0026,T1/BCD_r0017_c0026.png,T2/BCD_r0017_c0026.png,0,masks/BCD_r0017_c0026.png,0.00000000
BCD_r0017_c0027,T1/BCD_r0017_c0027.png,T2/BCD_r0017_c0027.png,0,masks/BCD_r0017_c0027.png,0.00000000
BCD_r0017_c0028,T1/BCD_r0017_c0028.png,T2/BCD_r0017_c0028.png,0,masks/BCD_r0017_c0028.png,0.00000000
BCD_r0017_c0029,T1/BCD_r0017_c0029.png,T2/BCD_r0017_c0029.png,0,masks/BCD_r0017_c0029.png,0.00000000
BCD_r0017_c0030,T1/BCD_r0017_c0030.png,T2/BCD_r0017_c0030.png,0,masks/BCD_r0017_c0030.png,0.00000000
BCD_r0017_c0031,T1/BCD_r0017_c0031.png,T2/BCD_r0017_c0031.png,0,masks/BCD_r0017_c0031.png,0.00000000
BCD_r0017_c0032,T1/BCD_r0017_c0032.png,T2/BCD_r0017_c0032.png,0,masks/BCD_r0017_c0032.png,0.00000000
BCD_r0017_c0033,T1/BCD_r0017_c0033.png,T2/BCD_r0017_c0033.png,0,masks/BCD_r0017_c0033.png,0.00000000
BCD_r0017_c0034,T1/BCD_r0017_c0034.png,T2/BCD_r0017_c0034.png,0,masks/BCD_r0017_c0034.png,0.00000000
BCD_r0017_c0035,T1/BCD_r0017_c0035.png,T2/BCD_r0017_c0035.png,0,masks/BCD_r0017_c0035.png,0.00000000
BCD_r0017_c0036,T1/BCD_r0017_c0036.png,T2/BCD_r0017_c0036.png,0,masks/BCD_r0017_c0036.png,0.00000000
BCD_r0017_c0037,T1/BCD_r0017_c0037.png,T2/BCD_r0017_c0037.png,1,masks/BCD_r0017_c0037.png,0.22458945
BCD_r0017_c0038,T1/BCD_r0017_c0038.png,T2/BCD_r0017_c0038.png,0,masks/BCD_r0017_c0038.png,0.00000000
BCD_r0017_c0039,T1/BCD_r0017_c0039.png,T2/BCD_r0017_c0039.png,0,masks/BCD_r0017_c0039.png,0.00000000
BCD_r0017_c0040,T1/BCD_r0017_c0040.png,T2/BCD_r0017_c0040.png,0,masks/BCD_r0017_c0040.png,0.00000000
BCD_r0017_c0041,T1/BCD_r0017_c0041.png,T2/BCD_r0017_c0041.png,0,masks/BCD_r0017_c0041.png,0.00000000
BCD_r0017_c0042,T1/BCD_r0017_c0042.png,T2/BCD_r0017_c0042.png,0,masks/BCD_r0017_c0042.png,0.00000000
BCD_r0017_c0043,T1/BCD_r0017_c0043.png,T2/BCD_r0017_c0043.png,0,masks/BCD_r0017_c0043.png,0.00000000
BCD_r0017_c0044,T1/BCD_r0017_c0044.png,T2/BCD_r0017_c0044.png,0,masks/BCD_r0017_c0044.png,0.00000000
BCD_r0017_c0045,T1/BCD_r0017_c0045.png,T2/BCD_r0017_c0045.png,0,masks/BCD_r0017_c0045.png,0.00000000
BCD_r0017_c0046,T1/BCD_r0017_c0046.png,T2/BCD_r0017_c0046.png,0,masks/BCD_r0017_c0046.png,0.00000000
BCD_r0017_c0047,T1/BCD_r0017_c0047.png,T2/BCD_r0017_c0047.png,0,masks/BCD_r0017_c0047.png,0.00000000
BCD_r0017_c0048,T1/BCD_r0017_c0048.png,T2/BCD_r0017_c0048.png,0,masks/BCD_r0017_c0048.png,0.00000000
BCD_r0017_c0049,T1/BCD_r0017_c0049.png,T2/BCD_r0017_c0049.png,0,masks/BCD_r0017_c0049.png,0.00000000
BCD_r0017_c0050,T1/BCD_r0017_c0050.png,T2/BCD_r0017_c0050.png,0,masks/BCD_r0017_c0050.png,0.00000000
BCD_r0017_c0051,T1/BCD_r0017_c0051.png,T2/BCD_r0017_c0051.png,0,masks/BCD_r0017_c0051.png,0.00000000
BCD_r0017_c0052,T1/BCD_r0017_c0052.png,T2/BCD_r0017_c0052.png,0,masks/BCD_r0017_c0052.png,0.00000000
BCD_r0017_c0053,T1/BCD_r0017_c0053.png,T2/BCD_r0017_c0053.png,0,masks/BCD_r0017_c0053.png,0.00000000
BCD_r0017_c0054,T1/BCD_r0017_c0054.png,T2/BCD_r0017_c0054.png,0,masks/BCD_r0017_c0054.png,0.00000000
BCD_r0017_c0055,T1/BCD_r0017_c0055.png,T2/BCD_r0017_c0055.png,0,masks/BCD_r0017_c0055.png,0.00000000
BCD_r0017_c0056,T1/BCD_r0017_c0056.png,T2/BCD_r0017_c0056.png,1,masks/BCD_r0017_c0056.png,0.01058275
BCD_r0017_c0057,T1/BCD_r0017_c0057.png,T2/BCD_r0017_c0057.png,0,masks/BCD_r0017_c0057.png,0.00000000
BCD_r0017_c0058,T1/BCD_r0017_c0058.png,T2/BCD_r0017_c0058.png,0,masks/BCD_r0017_c0058.png,0.00000000
BCD_r0017_c0059,T1/BCD_r0017_c0059.png,T2/BCD_r0017_c0059.png,0,masks/BCD_r0017_c0059.png,0.00000000
BCD_r0017_c0060,T1/BCD_r0017_c0060.png,T2/BCD_r0017_c0060.png,0,masks/BCD_r0017_c0060.png,0.00000000
BCD_r0017_c0061,T1/BCD_r0017_c0061.png,T2/BCD_r0017_c0061.png,0,masks/BCD_r0017_c0061.png,0.00000000
BCD_r0017_c0062,T1/BCD_r0017_c0062.png,T2/BCD_r0017_c0062.png,0,masks/BCD_r0017_c0062.png,0.00000000
BCD_r0017_c0063,T1/BCD_r0017_c0063.png,T2/BCD_r0017_c0063.png,0,masks/BCD_r0017_c0063.png,0.00000000
BCD_r0017_c0064,T1/BCD_r0017_c0064.png,T2/BCD_r0017_c0064.png,0,masks/BCD_r0017_c0064.png,0.00000000
BCD_r0017_c0065,T1/BCD_r0017_c0065.png,T2/BCD_r0017_c0065.png,0,masks/BCD_r0017_c0065.png,0.00000000
BCD_r0017_c0066,T1/BCD_r0017_c0066.png,T2/BCD_r0017_c0066.png,0,masks/BCD_r0017_c0066.png,0.00000000
BCD_r0017_c0067,T1/BCD_r0017_c0067.png,T2/BCD_r0017_c0067.png,0,masks/BCD_r0017_c0067.png,0.00000000
BCD_r0017_c0068,T1/BCD_r0017_c0068.png,T2/BCD_r0017_c0068.png,0,masks/BCD_r0017_c0068.png,0.00000000
BCD_r0017_c0069,T1/BCD_r0017_c0069.png,T2/BCD_r0017_c0069.png,0,masks/BCD_r0017_c0069.png,0.00000000
BCD_r0017_c0070,T1/BCD_r0017_c0070.png,T2/BCD_r0017_c0070.png,0,masks/BCD_r0017_c0070.png,0.00000000
BCD_r0017_c0071,T1/BCD_r0017_c0071.png,T2/BCD_r0017_c0071.png,0,masks/BCD_r0017_c0071.png,0.00000000
BCD_r0017_c0072,T1/BCD_r0017_c0072.png,T2/BCD_r0017_c0072.png,0,masks/BCD_r0017_c0072.png,0.00000000
BCD_r0017_c0073,T1/BCD_r0017_c0073.png,T2/BCD_r0017_c0073.png,0,masks/BCD_r0017_c0073.png,0.00000000
BCD_r0017_c0074,T1/BCD_r0017_c0074.png,T2/BCD_r0017_c0074.png,0,masks/BCD_r0017_c0074.png,0.00000000
BCD_r0017_c0075,T1/BCD_r0017_c0075.png,T2/BCD_r0017_c0075.png,0,masks/BCD_r0017_c0075.png,0.00000000
BCD_r0017_c0076,T1/BCD_r0017_c0076.png,T2/BCD_r0017_c0076.png,0,masks/BCD_r0017_c0076.png,0.00000000
BCD_r0017_c0077,T1/BCD_r0017_c0077.png,T2/BCD_r0017_c0077.png,0,masks/BCD_r0017_c0077.png,0.00000000
BCD_r0017_c0078,T1/BCD_r0017_c0078.png,T2/BCD_r0017_c0078.png,0,masks/BCD_r0017_c0078.png,0.00000000
BCD_r0017_c0079,T1/BCD_r0017_c0079.png,T2/BCD_r0017_c0079.png,0,masks/BCD_r0017_c0079.png,0.00000000
BCD_r0017_c0080,T1/BCD_r0017_c0080.png,T2/BCD_r0017_c0080.png,0,masks/BCD_r0017_c0080.png,0.00000000
BCD_r0017_c0081,T1/BCD_r0017_c0081.png,T2/BCD_r0017_c0081.png,0,masks/BCD_r0017_c0081.png,0.00000000
BCD_r0017_c0082,T1/BCD_r0017_c0082.png,T2/BCD_r0017_c0082.png,0,masks/BCD_r0017_c0082.png,0.00000000
BCD_r0017_c0083,T1/BCD_r0017_c0083.png,T2/BCD_r0017_c0083.png,1,masks/BCD_r0017_c0083.png,0.06672513
BCD_r0017_c0084,T1/BCD_r0017_c0084.png,T2/BCD_r0017_c0084.png,0,masks/BCD_r0017_c0084.png,0.00000000
BCD_r0017_c0085,T1/BCD_r0017_c0085.png,T2/BCD_r0017_c0085.png,0,masks/BCD_r0017_c0085.png,0.00000000
BCD_r0017_c0086,T1/BCD_r0017_c0086.png,T2/BCD_r0017_c0086.png,0,masks/BCD_r0017_c0086.png,0.00000000
BCD_r0017_c0087,T1/BCD_r0017_c0087.png,T2/BCD_r0017_c0087.png,0,masks/BCD_r0017_c0087.png,0.00000000
BCD_r0017_c0088,T1/BCD_r0017_c0088.png,T2/BCD_r0017_c0088.png,0,masks/BCD_r0017_c0088.png,0.00000000
BCD_r0017_c0089,T1/BCD_r0017_c0089.png,T2/BCD_r0017_c0089.png,0,masks/BCD_r0017_c0089.png,0.00000000
BCD_r0017_c0090,T1/BCD_r0017_c0090.png,T2/BCD_r0017_c0090.png,0,masks/BCD_r0017_c0090.png,0.00000000
BCD_r0017_c0091,T1/BCD_r0017_c0091.png,T2/BCD_r0017_c0091.png,0,masks/BCD_r0017_c0091.png,0.00000000
BCD_r0017_c0092,T1/BCD_r0017_c0092.png,T2/BCD_r0017_c0092.png,0,masks/BCD_r0017_c0092.png,0.00000000
BCD_r0017_c0093,T1/BCD_r0017_c0093.png,T2/BCD_r0017_c0093.png,0,masks/BCD_r0017_c0093.png,0.00000000
BCD_r0017_c0094,T1/BCD_r0017_c0094.png,T2/BCD_r0017_c0094.png,0,masks/BCD_r0017_c0094.png,0.00000000
BCD_r0017_c0095,T1/BCD_r0017_c0095.png,T2/BCD_r0017_c0095.png,0,masks/BCD_r0017_c0095.png,0.00000000
BCD_r0017_c0096,T1/BCD_r0017_c0096.png,T2/BCD_r0017_c0096.png,0,masks/BCD_r0017_c0096.png,0.00000000
BCD_r0017_c0097,T1/BCD_r0017_c0097.png,T2/BCD_r0017_c0097.png,1,masks/BCD_r0017_c0097.png,0.03473772
BCD_r0017_c0098,T1/BCD_r0017_c0098.png,T2/BCD_r0017_c0098.png,0,masks/BCD_r0017_c0098.png,0.00000000
BCD_r0017_c0099,T1/BCD_r0017_c0099.png,T2/BCD_r0017_c0099.png,0,masks/BCD_r0017_c0099.png,0.00000000
BCD_r0017_c0100,T1/BCD_r0017_c0100.png,T2/BCD_r0017_c0100.png,0,masks/BCD_r0017_c0100.png,0.00000000
BCD_r0017_c0101,T1/BCD_r0017_c0101.png,T2/BCD_r0017_c0101.png,0,masks/BCD_r0017_c0101.png,0.00000000
BCD_r0017_c0102,T1/BCD_r0017_c0102.png,T2/BCD_r0017_c0102.png,0,masks/BCD_r0017_c0102.png,0.00000000
BCD_r0017_c0103,T1/BCD_r0017_c0103.png,T2/BCD_r0017_c0103.png,0,masks/BCD_r0017_c0103.png,0.00000000
BCD_r0017_c0104,T1/BCD_r0017_c0104.png,T2/BCD_r0017_c0104.png,0,masks/BCD_r0017_c0104.png,0.00000000
BCD_r0017_c0105,T1/BCD_r0017_c0105.png,T2/BCD_r0017_c0105.png,0,masks/BCD_r0017_c0105.png,0.00000000
BCD_r0017_c0106,T1/BCD_r0017_c0106.png,T2/BCD_r0017_c0106.png,0,masks/BCD_r0017_c0106.png,0.00000000
BCD_r0017_c0107,T1/BCD_r0017_c0107.png,T2/BCD_r0017_c0107.png,0,masks/BCD_r0017_c0107.png,0.00000000
BCD_r0017_c0108,T1/BCD_r0017_c0108.png,T2/BCD_r0017_c0108.png,1,masks/BCD_r0017_c0108.png,0.02024872
BCD_r0017_c0109,T1/BCD_r0017_c0109.png,T2/BCD_r0017_c0109.png,0,masks/BCD_r0017_c0109.png,0.00000000
BCD_r0017_c0110,T1/BCD_r0017_c0110.png,T2/BCD_r0017_c0110.png,0,masks/BCD_r0017_c0110.png,0.00000000
BCD_r0017_c0111,T1/BCD_r0017_c0111.png,T2/BCD_r0017_c0111.png,0,masks/BCD_r0017_c0111.png,0.00000000
BCD_r0017_c0112,T1/BCD_r0017_c0112.png,T2/BCD_r0017_c0112.png,0,masks/BCD_r0017_c0112.png,0.00000000
BCD_r0017_c0113,T1/BCD_r0017_c0113.png,T2/BCD_r0017_c0113.png,0,masks/BCD_r0017_c0113.png,0.00000000
BCD_r0017_c0114,T1/BCD_r0017_c0114.png,T2/BCD_r0017_c0114.png,1,masks/BCD_r0017_c0114.png,0.00243144
BCD_r0017_c0115,T1/BCD_r0017_c0115.png,T2/BCD_r0017_c0115.png,1,masks/BCD_r0017_c0115.png,0.03914222
BCD_r0017_c0116,T1/BCD_r0017_c0116.png,T2/BCD_r0017_c0116.png,0,masks/BCD_r0017_c0116.png,0.00000000
BCD_r0017_c0117,T1/BCD_r0017_c0117.png,T2/BCD_r0017_c0117.png,1,masks/BCD_r0017_c0117.png,0.53794643
BCD_r0017_c0118,T1/BCD_r0017_c0118.png,T2/BCD_r0017_c0118.png,1,masks/BCD_r0017_c0118.png,0.03023358
BCD_r0017_c0119,T1/BCD_r0017_c0119.png,T2/BCD_r0017_c0119.png,0,masks/BCD_r0017_c0119.png,0.00000000
BCD_r0017_c0120,T1/BCD_r0017_c0120.png,T2/BCD_r0017_c0120.png,0,masks/BCD_r0017_c0120.png,0.00000000
BCD_r0017_c0121,T1/BCD_r0017_c0121.png,T2/BCD_r0017_c0121.png,1,masks/BCD_r0017_c0121.png,0.05275430
BCD_r0017_c0122,T1/BCD_r0017_c0122.png,T2/BCD_r0017_c0122.png,1,masks/BCD_r0017_c0122.png,0.06114477
BCD_r0017_c0123,T1/BCD_r0017_c0123.png,T2/BCD_r0017_c0123.png,0,masks/BCD_r0017_c0123.png,0.00000000
BCD_r0017_c0124,T1/BCD_r0017_c0124.png,T2/BCD_r0017_c0124.png,0,masks/BCD_r0017_c0124.png,0.00000000
BCD_r0017_c0125,T1/BCD_r0017_c0125.png,T2/BCD_r0017_c0125.png,0,masks/BCD_r0017_c0125.png,0.00000000
BCD_r0017_c0126,T1/BCD_r0017_c0126.png,T2/BCD_r0017_c0126.png,0,masks/BCD_r0017_c0126.png,0.00000000
BCD_r0017_c0127,T1/BCD_r0017_c0127.png,T2/BCD_r0017_c0127.png,0,masks/BCD_r0017_c0127.png,0.00000000
BCD_r0017_c0128,T1/BCD_r0017_c0128.png,T2/BCD_r0017_c0128.png,1,masks/BCD_r0017_c0128.png,0.08179209
BCD_r0017_c0129,T1/BCD_r0017_c0129.png,T2/BCD_r0017_c0129.png,1,masks/BCD_r0017_c0129.png,0.02624761
BCD_r0017_c0130,T1/BCD_r0017_c0130.png,T2/BCD_r0017_c0130.png,0,masks/BCD_r0017_c0130.png,0.00000000
BCD_r0017_c0131,T1/BCD_r0017_c0131.png,T2/BCD_r0017_c0131.png,0,masks/BCD_r0017_c0131.png,0.00000000
BCD_r0017_c0132,T1/BCD_r0017_c0132.png,T2/BCD_r0017_c0132.png,0,masks/BCD_r0017_c0132.png,0.00000000
BCD_r0017_c0133,T1/BCD_r0017_c0133.png,T2/BCD_r0017_c0133.png,0,masks/BCD_r0017_c0133.png,0.00000000
BCD_r0017_c0134,T1/BCD_r0017_c0134.png,T2/BCD_r0017_c0134.png,0,masks/BCD_r0017_c0134.png,0.00000000
BCD_r0017_c0135,T1/BCD_r0017_c0135.png,T2/BCD_r0017_c0135.png,0,masks/BCD_r0017_c0135.png,0.00000000
BCD_r0017_c0136,T1/BCD_r0017_c0136.png,T2/BCD_r0017_c0136.png,0,masks/BCD_r0017_c0136.png,0.00000000
BCD_r0017_c0137,T1/BCD_r0017_c0137.png,T2/BCD_r0017_c0137.png,0,masks/BCD_r0017_c0137.png,0.00000000
BCD_r0017_c0138,T1/BCD_r0017_c0138.png,T2/BCD_r0017_c0138.png,1,masks/BCD_r0017_c0138.png,0.04735332
BCD_r0017_c0139,T1/BCD_r0017_c0139.png,T2/BCD_r0017_c0139.png,0,masks/BCD_r0017_c0139.png,0.00000000
BCD_r0017_c0140,T1/BCD_r0017_c0140.png,T2/BCD_r0017_c0140.png,1,masks/BCD_r0017_c0140.png,0.00310906
BCD_r0017_c0141,T1/BCD_r0017_c0141.png,T2/BCD_r0017_c0141.png,1,masks/BCD_r0017_c0141.png,0.01247608
BCD_r0017_c0142,T1/BCD_r0017_c0142.png,T2/BCD_r0017_c0142.png,0,masks/BCD_r0017_c0142.png,0.00000000
BCD_r0017_c0143,T1/BCD_r0017_c0143.png,T2/BCD_r0017_c0143.png,0,masks/BCD_r0017_c0143.png,0.00000000
BCD_r0017_c0144,T1/BCD_r0017_c0144.png,T2/BCD_r0017_c0144.png,0,masks/BCD_r0017_c0144.png,0.00000000
BCD_r0018_c0000,T1/BCD_r0018_c0000.png,T2/BCD_r0018_c0000.png,0,masks/BCD_r0018_c0000.png,0.00000000
BCD_r0018_c0001,T1/BCD_r0018_c0001.png,T2/BCD_r0018_c0001.png,1,masks/BCD_r0018_c0001.png,0.01795679
BCD_r0018_c0002,T1/BCD_r0018_c0002.png,T2/BCD_r0018_c0002.png,0,masks/BCD_r0018_c0002.png,0.00000000
BCD_r0018_c0003,T1/BCD_r0018_c0003.png,T2/BCD_r0018_c0003.png,0,masks/BCD_r0018_c0003.png,0.00000000
BCD_r0018_c0004,T1/BCD_r0018_c0004.png,T2/BCD_r0018_c0004.png,0,masks/BCD_r0018_c0004.png,0.00000000
BCD_r0018_c0005,T1/BCD_r0018_c0005.png,T2/BCD_r0018_c0005.png,0,masks/BCD_r0018_c0005.png,0.00000000
BCD_r0018_c0006,T1/BCD_r0018_c0006.png,T2/BCD_r0018_c0006.png,0,masks/BCD_r0018_c0006.png,0.00000000
BCD_r0018_c0007,T1/BCD_r0018_c0007.png,T2/BCD_r0018_c0007.png,0,masks/BCD_r0018_c0007.png,0.00000000
BCD_r0018_c0008,T1/BCD_r0018_c0008.png,T2/BCD_r0018_c0008.png,0,masks/BCD_r0018_c0008.png,0.00000000
BCD_r0018_c0009,T1/BCD_r0018_c0009.png,T2/BCD_r0018_c0009.png,0,masks/BCD_r0018_c0009.png,0.00000000
BCD_r0018_c0010,T1/BCD_r0018_c0010.png,T2/BCD_r0018_c0010.png,0,masks/BCD_r0018_c0010.png,0.00000000
BCD_r0018_c0011,T1/BCD_r0018_c0011.png,T2/BCD_r0018_c0011.png,0,masks/BCD_r0018_c0011.png,0.00000000
BCD_r0018_c0012,T1/BCD_r0018_c0012.png,T2/BCD_r0018_c0012.png,0,masks/BCD_r0018_c0012.png,0.00000000
BCD_r0018_c0013,T1/BCD_r0018_c0013.png,T2/BCD_r0018_c0013.png,0,masks/BCD_r0018_c0013.png,0.00000000
BCD_r0018_c0014,T1/BCD_r0018_c0014.png,T2/BCD_r0018_c0014.png,0,masks/BCD_r0018_c0014.png,0.00000000
BCD_r0018_c0015,T1/BCD_r0018_c0015.png,T2/BCD_r0018_c0015.png,0,masks/BCD_r0018_c0015.png,0.00000000
BCD_r0018_c0016,T1/BCD_r0018_c0016.png,T2/BCD_r0018_c0016.png,0,masks/BCD_r0018_c0016.png,0.00000000
BCD_r0018_c0017,T1/BCD_r0018_c0017.png,T2/BCD_r0018_c0017.png,0,masks/BCD_r0018_c0017.png,0.00000000
BCD_r0018_c0018,T1/BCD_r0018_c0018.png,T2/BCD_r0018_c0018.png,0,masks/BCD_r0018_c0018.png,0.00000000
BCD_r0018_c0019,T1/BCD_r0018_c0019.png,T2/BCD_r0018_c0019.png,0,masks/BCD_r0018_c0019.png,0.00000000
BCD_r0018_c0020,T1/BCD_r0018_c0020.png,T2/BCD_r0018_c0020.png,0,masks/BCD_r0018_c0020.png,0.00000000
BCD_r0018_c0021,T1/BCD_r0018_c0021.png,T2/BCD_r0018_c0021.png,0,masks/BCD_r0018_c0021.png,0.00000000
BCD_r0018_c0022,T1/BCD_r0018_c0022.png,T2/BCD_r0018_c0022.png,1,masks/BCD_r0018_c0022.png,0.00029895
BCD_r0018_c0023,T1/BCD_r0018_c0023.png,T2/BCD_r0018_c0023.png,0,masks/BCD_r0018_c0023.png,0.00000000
BCD_r0018_c0024,T1/BCD_r0018_c0024.png,T2/BCD_r0018_c0024.png,1,masks/BCD_r0018_c0024.png,0.22331393
BCD_r0018_c0025,T1/BCD_r0018_c0025.png,T2/BCD_r0018_c0025.png,1,masks/BCD_r0018_c0025.png,0.02285953
BCD_r0018_c0026,T1/BCD_r0018_c0026.png,T2/BCD_r0018_c0026.png,0,masks/BCD_r0018_c0026.png,0.00000000
BCD_r0018_c0027,T1/BCD_r0018_c0027.png,T2/BCD_r0018_c0027.png,1,masks/BCD_r0018_c0027.png,0.13612085
BCD_r0018_c0028,T1/BCD_r0018_c0028.png,T2/BCD_r0018_c0028.png,1,masks/BCD_r0018_c0028.png,0.02513154
BCD_r0018_c0029,T1/BCD_r0018_c0029.png,T2/BCD_r0018_c0029.png,0,masks/BCD_r0018_c0029.png,0.00000000
BCD_r0018_c0030,T1/BCD_r0018_c0030.png,T2/BCD_r0018_c0030.png,0,masks/BCD_r0018_c0030.png,0.00000000
BCD_r0018_c0031,T1/BCD_r0018_c0031.png,T2/BCD_r0018_c0031.png,1,masks/BCD_r0018_c0031.png,0.09484614
BCD_r0018_c0032,T1/BCD_r0018_c0032.png,T2/BCD_r0018_c0032.png,0,masks/BCD_r0018_c0032.png,0.00000000
BCD_r0018_c0033,T1/BCD_r0018_c0033.png,T2/BCD_r0018_c0033.png,0,masks/BCD_r0018_c0033.png,0.00000000
BCD_r0018_c0034,T1/BCD_r0018_c0034.png,T2/BCD_r0018_c0034.png,0,masks/BCD_r0018_c0034.png,0.00000000
BCD_r0018_c0035,T1/BCD_r0018_c0035.png,T2/BCD_r0018_c0035.png,0,masks/BCD_r0018_c0035.png,0.00000000
BCD_r0018_c0036,T1/BCD_r0018_c0036.png,T2/BCD_r0018_c0036.png,0,masks/BCD_r0018_c0036.png,0.00000000
BCD_r0018_c0037,T1/BCD_r0018_c0037.png,T2/BCD_r0018_c0037.png,0,masks/BCD_r0018_c0037.png,0.00000000
BCD_r0018_c0038,T1/BCD_r0018_c0038.png,T2/BCD_r0018_c0038.png,1,masks/BCD_r0018_c0038.png,0.01323342
BCD_r0018_c0039,T1/BCD_r0018_c0039.png,T2/BCD_r0018_c0039.png,0,masks/BCD_r0018_c0039.png,0.00000000
BCD_r0018_c0040,T1/BCD_r0018_c0040.png,T2/BCD_r0018_c0040.png,0,masks/BCD_r0018_c0040.png,0.00000000
BCD_r0018_c0041,T1/BCD_r0018_c0041.png,T2/BCD_r0018_c0041.png,0,masks/BCD_r0018_c0041.png,0.00000000
BCD_r0018_c0042,T1/BCD_r0018_c0042.png,T2/BCD_r0018_c0042.png,0,masks/BCD_r0018_c0042.png,0.00000000
BCD_r0018_c0043,T1/BCD_r0018_c0043.png,T2/BCD_r0018_c0043.png,0,masks/BCD_r0018_c0043.png,0.00000000
BCD_r0018_c0044,T1/BCD_r0018_c0044.png,T2/BCD_r0018_c0044.png,0,masks/BCD_r0018_c0044.png,0.00000000
BCD_r0018_c0045,T1/BCD_r0018_c0045.png,T2/BCD_r0018_c0045.png,0,masks/BCD_r0018_c0045.png,0.00000000
BCD_r0018_c0046,T1/BCD_r0018_c0046.png,T2/BCD_r0018_c0046.png,0,masks/BCD_r0018_c0046.png,0.00000000
BCD_r0018_c0047,T1/BCD_r0018_c0047.png,T2/BCD_r0018_c0047.png,0,masks/BCD_r0018_c0047.png,0.00000000
BCD_r0018_c0048,T1/BCD_r0018_c0048.png,T2/BCD_r0018_c0048.png,0,masks/BCD_r0018_c0048.png,0.00000000
BCD_r0018_c0049,T1/BCD_r0018_c0049.png,T2/BCD_r0018_c0049.png,1,masks/BCD_r0018_c0049.png,0.01875399
BCD_r0018_c0050,T1/BCD_r0018_c0050.png,T2/BCD_r0018_c0050.png,0,masks/BCD_r0018_c0050.png,0.00000000
BCD_r0018_c0051,T1/BCD_r0018_c0051.png,T2/BCD_r0018_c0051.png,0,masks/BCD_r0018_c0051.png,0.00000000
BCD_r0018_c0052,T1/BCD_r0018_c0052.png,T2/BCD_r0018_c0052.png,0,masks/BCD_r0018_c0052.png,0.00000000
BCD_r0018_c0053,T1/BCD_r0018_c0053.png,T2/BCD_r0018_c0053.png,0,masks/BCD_r0018_c0053.png,0.00000000
BCD_r0018_c0054,T1/BCD_r0018_c0054.png,T2/BCD_r0018_c0054.png,0,masks/BCD_r0018_c0054.png,0.00000000
BCD_r0018_c0055,T1/BCD_r0018_c0055.png,T2/BCD_r0018_c0055.png,0,masks/BCD_r0018_c0055.png,0.00000000
BCD_r0018_c0056,T1/BCD_r0018_c0056.png,T2/BCD_r0018_c0056.png,0,masks/BCD_r0018_c0056.png,0.00000000
BCD_r0018_c0057,T1/BCD_r0018_c0057.png,T2/BCD_r0018_c0057.png,0,masks/BCD_r0018_c0057.png,0.00000000
BCD_r0018_c0058,T1/BCD_r0018_c0058.png,T2/BCD_r0018_c0058.png,0,masks/BCD_r0018_c0058.png,0.00000000
BCD_r0018_c0059,T1/BCD_r0018_c0059.png,T2/BCD_r0018_c0059.png,0,masks/BCD_r0018_c0059.png,0.00000000
BCD_r0018_c0060,T1/BCD_r0018_c0060.png,T2/BCD_r0018_c0060.png,0,masks/BCD_r0018_c0060.png,0.00000000
BCD_r0018_c0061,T1/BCD_r0018_c0061.png,T2/BCD_r0018_c0061.png,1,masks/BCD_r0018_c0061.png,0.09610172
BCD_r0018_c0062,T1/BCD_r0018_c0062.png,T2/BCD_r0018_c0062.png,1,masks/BCD_r0018_c0062.png,0.01197784
BCD_r0018_c0063,T1/BCD_r0018_c0063.png,T2/BCD_r0018_c0063.png,0,masks/BCD_r0018_c0063.png,0.00000000
BCD_r0018_c0064,T1/BCD_r0018_c0064.png,T2/BCD_r0018_c0064.png,0,masks/BCD_r0018_c0064.png,0.00000000
BCD_r0018_c0065,T1/BCD_r0018_c0065.png,T2/BCD_r0018_c0065.png,0,masks/BCD_r0018_c0065.png,0.00000000
BCD_r0018_c0066,T1/BCD_r0018_c0066.png,T2/BCD_r0018_c0066.png,0,masks/BCD_r0018_c0066.png,0.00000000
BCD_r0018_c0067,T1/BCD_r0018_c0067.png,T2/BCD_r0018_c0067.png,0,masks/BCD_r0018_c0067.png,0.00000000
BCD_r0018_c0068,T1/BCD_r0018_c0068.png,T2/BCD_r0018_c0068.png,0,masks/BCD_r0018_c0068.png,0.00000000
BCD_r0018_c0069,T1/BCD_r0018_c0069.png,T2/BCD_r0018_c0069.png,0,masks/BCD_r0018_c0069.png,0.00000000
BCD_r0018_c0070,T1/BCD_r0018_c0070.png,T2/BCD_r0018_c0070.png,0,masks/BCD_r0018_c0070.png,0.00000000
BCD_r0018_c0071,T1/BCD_r0018_c0071.png,T2/BCD_r0018_c0071.png,0,masks/BCD_r0018_c0071.png,0.00000000
BCD_r0018_c0072,T1/BCD_r0018_c0072.png,T2/BCD_r0018_c0072.png,0,masks/BCD_r0018_c0072.png,0.00000000
BCD_r0018_c0073,T1/BCD_r0018_c0073.png,T2/BCD_r0018_c0073.png,0,masks/BCD_r0018_c0073.png,0.00000000
BCD_r0018_c0074,T1/BCD_r0018_c0074.png,T2/BCD_r0018_c0074.png,0,masks/BCD_r0018_c0074.png,0.00000000
BCD_r0018_c0075,T1/BCD_r0018_c0075.png,T2/BCD_r0018_c0075.png,0,masks/BCD_r0018_c0075.png,0.00000000
BCD_r0018_c0076,T1/BCD_r0018_c0076.png,T2/BCD_r0018_c0076.png,0,masks/BCD_r0018_c0076.png,0.00000000
BCD_r0018_c0077,T1/BCD_r0018_c0077.png,T2/BCD_r0018_c0077.png,0,masks/BCD_r0018_c0077.png,0.00000000
BCD_r0018_c0078,T1/BCD_r0018_c0078.png,T2/BCD_r0018_c0078.png,0,masks/BCD_r0018_c0078.png,0.00000000
BCD_r0018_c0079,T1/BCD_r0018_c0079.png,T2/BCD_r0018_c0079.png,0,masks/BCD_r0018_c0079.png,0.00000000
BCD_r0018_c0080,T1/BCD_r0018_c0080.png,T2/BCD_r0018_c0080.png,0,masks/BCD_r0018_c0080.png,0.00000000
BCD_r0018_c0081,T1/BCD_r0018_c0081.png,T2/BCD_r0018_c0081.png,0,masks/BCD_r0018_c0081.png,0.00000000
BCD_r0018_c0082,T1/BCD_r0018_c0082.png,T2/BCD_r0018_c0082.png,0,masks/BCD_r0018_c0082.png,0.00000000
BCD_r0018_c0083,T1/BCD_r0018_c0083.png,T2/BCD_r0018_c0083.png,0,masks/BCD_r0018_c0083.png,0.00000000
BCD_r0018_c0084,T1/BCD_r0018_c0084.png,T2/BCD_r0018_c0084.png,1,masks/BCD_r0018_c0084.png,0.04565928
BCD_r0018_c0085,T1/BCD_r0018_c0085.png,T2/BCD_r0018_c0085.png,1,masks/BCD_r0018_c0085.png,0.07669005
BCD_r0018_c0086,T1/BCD_r0018_c0086.png,T2/BCD_r0018_c0086.png,1,masks/BCD_r0018_c0086.png,0.01905293
BCD_r0018_c0087,T1/BCD_r0018_c0087.png,T2/BCD_r0018_c0087.png,0,masks/BCD_r0018_c0087.png,0.00000000
BCD_r0018_c0088,T1/BCD_r0018_c0088.png,T2/BCD_r0018_c0088.png,0,masks/BCD_r0018_c0088.png,0.00000000
BCD_r0018_c0089,T1/BCD_r0018_c0089.png,T2/BCD_r0018_c0089.png,0,masks/BCD_r0018_c0089.png,0.00000000
BCD_r0018_c0090,T1/BCD_r0018_c0090.png,T2/BCD_r0018_c0090.png,0,masks/BCD_r0018_c0090.png,0.00000000
BCD_r0018_c0091,T1/BCD_r0018_c0091.png,T2/BCD_r0018_c0091.png,0,masks/BCD_r0018_c0091.png,0.00000000
BCD_r0018_c0092,T1/BCD_r0018_c0092.png,T2/BCD_r0018_c0092.png,1,masks/BCD_r0018_c0092.png,0.16454082
BCD_r0018_c0093,T1/BCD_r0018_c0093.png,T2/BCD_r0018_c0093.png,1,masks/BCD_r0018_c0093.png,0.07222577
BCD_r0018_c0094,T1/BCD_r0018_c0094.png,T2/BCD_r0018_c0094.png,0,masks/BCD_r0018_c0094.png,0.00000000
BCD_r0018_c0095,T1/BCD_r0018_c0095.png,T2/BCD_r0018_c0095.png,0,masks/BCD_r0018_c0095.png,0.00000000
BCD_r0018_c0096,T1/BCD_r0018_c0096.png,T2/BCD_r0018_c0096.png,0,masks/BCD_r0018_c0096.png,0.00000000
BCD_r0018_c0097,T1/BCD_r0018_c0097.png,T2/BCD_r0018_c0097.png,1,masks/BCD_r0018_c0097.png,0.03469786
BCD_r0018_c0098,T1/BCD_r0018_c0098.png,T2/BCD_r0018_c0098.png,0,masks/BCD_r0018_c0098.png,0.00000000
BCD_r0018_c0099,T1/BCD_r0018_c0099.png,T2/BCD_r0018_c0099.png,1,masks/BCD_r0018_c0099.png,0.06790099
BCD_r0018_c0100,T1/BCD_r0018_c0100.png,T2/BCD_r0018_c0100.png,0,masks/BCD_r0018_c0100.png,0.00000000
BCD_r0018_c0101,T1/BCD_r0018_c0101.png,T2/BCD_r0018_c0101.png,0,masks/BCD_r0018_c0101.png,0.00000000
BCD_r0018_c0102,T1/BCD_r0018_c0102.png,T2/BCD_r0018_c0102.png,0,masks/BCD_r0018_c0102.png,0.00000000
BCD_r0018_c0103,T1/BCD_r0018_c0103.png,T2/BCD_r0018_c0103.png,0,masks/BCD_r0018_c0103.png,0.00000000
BCD_r0018_c0104,T1/BCD_r0018_c0104.png,T2/BCD_r0018_c0104.png,0,masks/BCD_r0018_c0104.png,0.00000000
BCD_r0018_c0105,T1/BCD_r0018_c0105.png,T2/BCD_r0018_c0105.png,0,masks/BCD_r0018_c0105.png,0.00000000
BCD_r0018_c0106,T1/BCD_r0018_c0106.png,T2/BCD_r0018_c0106.png,0,masks/BCD_r0018_c0106.png,0.00000000
BCD_r0018_c0107,T1/BCD_r0018_c0107.png,T2/BCD_r0018_c0107.png,0,masks/BCD_r0018_c0107.png,0.00000000
BCD_r0018_c0108,T1/BCD_r0018_c0108.png,T2/BCD_r0018_c0108.png,0,masks/BCD_r0018_c0108.png,0.00000000
BCD_r0018_c0109,T1/BCD_r0018_c0109.png,T2/BCD_r0018_c0109.png,0,masks/BCD_r0018_c0109.png,0.00000000
BCD_r0018_c0110,T1/BCD_r0018_c0110.png,T2/BCD_r0018_c0110.png,0,masks/BCD_r0018_c0110.png,0.00000000
BCD_r0018_c0111,T1/BCD_r0018_c0111.png,T2/BCD_r0018_c0111.png,0,masks/BCD_r0018_c0111.png,0.00000000
BCD_r0018_c0112,T1/BCD_r0018_c0112.png,T2/BCD_r0018_c0112.png,0,masks/BCD_r0018_c0112.png,0.00000000
BCD_r0018_c0113,T1/BCD_r0018_c0113.png,T2/BCD_r0018_c0113.png,0,masks/BCD_r0018_c0113.png,0.00000000
BCD_r0018_c0114,T1/BCD_r0018_c0114.png,T2/BCD_r0018_c0114.png,0,masks/BCD_r0018_c0114.png,0.00000000
BCD_r0018_c0115,T1/BCD_r0018_c0115.png,T2/BCD_r0018_c0115.png,0,masks/BCD_r0018_c0115.png,0.00000000
BCD_r0018_c0116,T1/BCD_r0018_c0116.png,T2/BCD_r0018_c0116.png,1,masks/BCD_r0018_c0116.png,0.44337930
BCD_r0018_c0117,T1/BCD_r0018_c0117.png,T2/BCD_r0018_c0117.png,1,masks/BCD_r0018_c0117.png,0.97799745
BCD_r0018_c0118,T1/BCD_r0018_c0118.png,T2/BCD_r0018_c0118.png,1,masks/BCD_r0018_c0118.png,0.29745297
BCD_r0018_c0119,T1/BCD_r0018_c0119.png,T2/BCD_r0018_c0119.png,0,masks/BCD_r0018_c0119.png,0.00000000
BCD_r0018_c0120,T1/BCD_r0018_c0120.png,T2/BCD_r0018_c0120.png,0,masks/BCD_r0018_c0120.png,0.00000000
BCD_r0018_c0121,T1/BCD_r0018_c0121.png,T2/BCD_r0018_c0121.png,1,masks/BCD_r0018_c0121.png,0.06877790
BCD_r0018_c0122,T1/BCD_r0018_c0122.png,T2/BCD_r0018_c0122.png,1,masks/BCD_r0018_c0122.png,0.02295918
BCD_r0018_c0123,T1/BCD_r0018_c0123.png,T2/BCD_r0018_c0123.png,0,masks/BCD_r0018_c0123.png,0.00000000
BCD_r0018_c0124,T1/BCD_r0018_c0124.png,T2/BCD_r0018_c0124.png,0,masks/BCD_r0018_c0124.png,0.00000000
BCD_r0018_c0125,T1/BCD_r0018_c0125.png,T2/BCD_r0018_c0125.png,0,masks/BCD_r0018_c0125.png,0.00000000
BCD_r0018_c0126,T1/BCD_r0018_c0126.png,T2/BCD_r0018_c0126.png,1,masks/BCD_r0018_c0126.png,0.04268973
BCD_r0018_c0127,T1/BCD_r0018_c0127.png,T2/BCD_r0018_c0127.png,0,masks/BCD_r0018_c0127.png,0.00000000
BCD_r0018_c0128,T1/BCD_r0018_c0128.png,T2/BCD_r0018_c0128.png,0,masks/BCD_r0018_c0128.png,0.00000000
BCD_r0018_c0129,T1/BCD_r0018_c0129.png,T2/BCD_r0018_c0129.png,0,masks/BCD_r0018_c0129.png,0.00000000
BCD_r0018_c0130,T1/BCD_r0018_c0130.png,T2/BCD_r0018_c0130.png,0,masks/BCD_r0018_c0130.png,0.00000000
BCD_r0018_c0131,T1/BCD_r0018_c0131.png,T2/BCD_r0018_c0131.png,0,masks/BCD_r0018_c0131.png,0.00000000
BCD_r0018_c0132,T1/BCD_r0018_c0132.png,T2/BCD_r0018_c0132.png,0,masks/BCD_r0018_c0132.png,0.00000000
BCD_r0018_c0133,T1/BCD_r0018_c0133.png,T2/BCD_r0018_c0133.png,0,masks/BCD_r0018_c0133.png,0.00000000
BCD_r0018_c0134,T1/BCD_r0018_c0134.png,T2/BCD_r0018_c0134.png,0,masks/BCD_r0018_c0134.png,0.00000000
BCD_r0018_c0135,T1/BCD_r0018_c0135.png,T2/BCD_r0018_c0135.png,1,masks/BCD_r0018_c0135.png,0.00179369
BCD_r0018_c0136,T1/BCD_r0018_c0136.png,T2/BCD_r0018_c0136.png,1,masks/BCD_r0018_c0136.png,0.31648597
BCD_r0018_c0137,T1/BCD_r0018_c0137.png,T2/BCD_r0018_c0137.png,1,masks/BCD_r0018_c0137.png,0.06778141
BCD_r0018_c0138,T1/BCD_r0018_c0138.png,T2/BCD_r0018_c0138.png,1,masks/BCD_r0018_c0138.png,0.09805485
BCD_r0018_c0139,T1/BCD_r0018_c0139.png,T2/BCD_r0018_c0139.png,0,masks/BCD_r0018_c0139.png,0.00000000
BCD_r0018_c0140,T1/BCD_r0018_c0140.png,T2/BCD_r0018_c0140.png,0,masks/BCD_r0018_c0140.png,0.00000000
BCD_r0018_c0141,T1/BCD_r0018_c0141.png,T2/BCD_r0018_c0141.png,0,masks/BCD_r0018_c0141.png,0.00000000
BCD_r0018_c0142,T1/BCD_r0018_c0142.png,T2/BCD_r0018_c0142.png,0,masks/BCD_r0018_c0142.png,0.00000000
BCD_r0018_c0143,T1/BCD_r0018_c0143.png,T2/BCD_r0018_c0143.png,0,masks/BCD_r0018_c0143.png,0.00000000
BCD_r0018_c0144,T1/BCD_r0018_c0144.png,T2/BCD_r0018_c0144.png,0,masks/BCD_r0018_c0144.png,0.00000000
BCD_r0019_c0000,T1/BCD_r0019_c0000.png,T2/BCD_r0019_c0000.png,1,masks/BCD_r0019_c0000.png,0.01943160
BCD_r0019_c0001,T1/BCD_r0019_c0001.png,T2/BCD_r0019_c0001.png,0,masks/BCD_r0019_c0001.png,0.00000000
BCD_r0019_c0002,T1/BCD_r0019_c0002.png,T2/BCD_r0019_c0002.png,0,masks/BCD_r0019_c0002.png,0.00000000
BCD_r0019_c0003,T1/BCD_r0019_c0003.png,T2/BCD_r0019_c0003.png,0,masks/BCD_r0019_c0003.png,0.00000000
BCD_r0019_c0004,T1/BCD_r0019_c0004.png,T2/BCD_r0019_c0004.png,0,masks/BCD_r0019_c0004.png,0.00000000
BCD_r0019_c0005,T1/BCD_r0019_c0005.png,T2/BCD_r0019_c0005.png,0,masks/BCD_r0019_c0005.png,0.00000000
BCD_r0019_c0006,T1/BCD_r0019_c0006.png,T2/BCD_r0019_c0006.png,0,masks/BCD_r0019_c0006.png,0.00000000
BCD_r0019_c0007,T1/BCD_r0019_c0007.png,T2/BCD_r0019_c0007.png,0,masks/BCD_r0019_c0007.png,0.00000000
BCD_r0019_c0008,T1/BCD_r0019_c0008.png,T2/BCD_r0019_c0008.png,0,masks/BCD_r0019_c0008.png,0.00000000
BCD_r0019_c0009,T1/BCD_r0019_c0009.png,T2/BCD_r0019_c0009.png,0,masks/BCD_r0019_c0009.png,0.00000000
BCD_r0019_c0010,T1/BCD_r0019_c0010.png,T2/BCD_r0019_c0010.png,0,masks/BCD_r0019_c0010.png,0.00000000
BCD_r0019_c0011,T1/BCD_r0019_c0011.png,T2/BCD_r0019_c0011.png,0,masks/BCD_r0019_c0011.png,0.00000000
BCD_r0019_c0012,T1/BCD_r0019_c0012.png,T2/BCD_r0019_c0012.png,0,masks/BCD_r0019_c0012.png,0.00000000
BCD_r0019_c0013,T1/BCD_r0019_c0013.png,T2/BCD_r0019_c0013.png,0,masks/BCD_r0019_c0013.png,0.00000000
BCD_r0019_c0014,T1/BCD_r0019_c0014.png,T2/BCD_r0019_c0014.png,0,masks/BCD_r0019_c0014.png,0.00000000
BCD_r0019_c0015,T1/BCD_r0019_c0015.png,T2/BCD_r0019_c0015.png,0,masks/BCD_r0019_c0015.png,0.00000000
BCD_r0019_c0016,T1/BCD_r0019_c0016.png,T2/BCD_r0019_c0016.png,0,masks/BCD_r0019_c0016.png,0.00000000
BCD_r0019_c0017,T1/BCD_r0019_c0017.png,T2/BCD_r0019_c0017.png,0,masks/BCD_r0019_c0017.png,0.00000000
BCD_r0019_c0018,T1/BCD_r0019_c0018.png,T2/BCD_r0019_c0018.png,0,masks/BCD_r0019_c0018.png,0.00000000
BCD_r0019_c0019,T1/BCD_r0019_c0019.png,T2/BCD_r0019_c0019.png,0,masks/BCD_r0019_c0019.png,0.00000000
BCD_r0019_c0020,T1/BCD_r0019_c0020.png,T2/BCD_r0019_c0020.png,1,masks/BCD_r0019_c0020.png,0.01074219
BCD_r0019_c0021,T1/BCD_r0019_c0021.png,T2/BCD_r0019_c0021.png,0,masks/BCD_r0019_c0021.png,0.00000000
BCD_r0019_c0022,T1/BCD_r0019_c0022.png,T2/BCD_r0019_c0022.png,1,masks/BCD_r0019_c0022.png,0.00972577
BCD_r0019_c0023,T1/BCD_r0019_c0023.png,T2/BCD_r0019_c0023.png,0,masks/BCD_r0019_c0023.png,0.00000000
BCD_r0019_c0024,T1/BCD_r0019_c0024.png,T2/BCD_r0019_c0024.png,1,masks/BCD_r0019_c0024.png,0.00099649
BCD_r0019_c0025,T1/BCD_r0019_c0025.png,T2/BCD_r0019_c0025.png,1,masks/BCD_r0019_c0025.png,0.11481585
BCD_r0019_c0026,T1/BCD_r0019_c0026.png,T2/BCD_r0019_c0026.png,1,masks/BCD_r0019_c0026.png,0.03290418
BCD_r0019_c0027,T1/BCD_r0019_c0027.png,T2/BCD_r0019_c0027.png,1,masks/BCD_r0019_c0027.png,0.22518734
BCD_r0019_c0028,T1/BCD_r0019_c0028.png,T2/BCD_r0019_c0028.png,1,masks/BCD_r0019_c0028.png,0.21625877
BCD_r0019_c0029,T1/BCD_r0019_c0029.png,T2/BCD_r0019_c0029.png,1,masks/BCD_r0019_c0029.png,0.09259407
BCD_r0019_c0030,T1/BCD_r0019_c0030.png,T2/BCD_r0019_c0030.png,0,masks/BCD_r0019_c0030.png,0.00000000
BCD_r0019_c0031,T1/BCD_r0019_c0031.png,T2/BCD_r0019_c0031.png,1,masks/BCD_r0019_c0031.png,0.01636240
BCD_r0019_c0032,T1/BCD_r0019_c0032.png,T2/BCD_r0019_c0032.png,0,masks/BCD_r0019_c0032.png,0.00000000
BCD_r0019_c0033,T1/BCD_r0019_c0033.png,T2/BCD_r0019_c0033.png,0,masks/BCD_r0019_c0033.png,0.00000000
BCD_r0019_c0034,T1/BCD_r0019_c0034.png,T2/BCD_r0019_c0034.png,0,masks/BCD_r0019_c0034.png,0.00000000
BCD_r0019_c0035,T1/BCD_r0019_c0035.png,T2/BCD_r0019_c0035.png,0,masks/BCD_r0019_c0035.png,0.00000000
BCD_r0019_c0036,T1/BCD_r0019_c0036.png,T2/BCD_r0019_c0036.png,0,masks/BCD_r0019_c0036.png,0.00000000
BCD_r0019_c0037,T1/BCD_r0019_c0037.png,T2/BCD_r0019_c0037.png,0,masks/BCD_r0019_c0037.png,0.00000000
BCD_r0019_c0038,T1/BCD_r0019_c0038.png,T2/BCD_r0019_c0038.png,0,masks/BCD_r0019_c0038.png,0.00000000
BCD_r0019_c0039,T1/BCD_r0019_c0039.png,T2/BCD_r0019_c0039.png,0,masks/BCD_r0019_c0039.png,0.00000000
BCD_r0019_c0040,T1/BCD_r0019_c0040.png,T2/BCD_r0019_c0040.png,0,masks/BCD_r0019_c0040.png,0.00000000
BCD_r0019_c0041,T1/BCD_r0019_c0041.png,T2/BCD_r0019_c0041.png,0,masks/BCD_r0019_c0041.png,0.00000000
BCD_r0019_c0042,T1/BCD_r0019_c0042.png,T2/BCD_r0019_c0042.png,0,masks/BCD_r0019_c0042.png,0.00000000
BCD_r0019_c0043,T1/BCD_r0019_c0043.png,T2/BCD_r0019_c0043.png,0,masks/BCD_r0019_c0043.png,0.00000000
BCD_r0019_c0044,T1/BCD_r0019_c0044.png,T2/BCD_r0019_c0044.png,0,masks/BCD_r0019_c0044.png,0.00000000
BCD_r0019_c0045,T1/BCD_r0019_c0045.png,T2/BCD_r0019_c0045.png,0,masks/BCD_r0019_c0045.png,0.00000000
BCD_r0019_c0046,T1/BCD_r0019_c0046.png,T2/BCD_r0019_c0046.png,1,masks/BCD_r0019_c0046.png,0.01538584
BCD_r0019_c0047,T1/BCD_r0019_c0047.png,T2/BCD_r0019_c0047.png,0,masks/BCD_r0019_c0047.png,0.00000000
BCD_r0019_c0048,T1/BCD_r0019_c0048.png,T2/BCD_r0019_c0048.png,1,masks/BCD_r0019_c0048.png,0.01452886
BCD_r0019_c0049,T1/BCD_r0019_c0049.png,T2/BCD_r0019_c0049.png,0,masks/BCD_r0019_c0049.png,0.00000000
BCD_r0019_c0050,T1/BCD_r0019_c0050.png,T2/BCD_r0019_c0050.png,0,masks/BCD_r0019_c0050.png,0.00000000
BCD_r0019_c0051,T1/BCD_r0019_c0051.png,T2/BCD_r0019_c0051.png,0,masks/BCD_r0019_c0051.png,0.00000000
BCD_r0019_c0052,T1/BCD_r0019_c0052.png,T2/BCD_r0019_c0052.png,0,masks/BCD_r0019_c0052.png,0.00000000
BCD_r0019_c0053,T1/BCD_r0019_c0053.png,T2/BCD_r0019_c0053.png,0,masks/BCD_r0019_c0053.png,0.00000000
BCD_r0019_c0054,T1/BCD_r0019_c0054.png,T2/BCD_r0019_c0054.png,0,masks/BCD_r0019_c0054.png,0.00000000
BCD_r0019_c0055,T1/BCD_r0019_c0055.png,T2/BCD_r0019_c0055.png,0,masks/BCD_r0019_c0055.png,0.00000000
BCD_r0019_c0056,T1/BCD_r0019_c0056.png,T2/BCD_r0019_c0056.png,0,masks/BCD_r0019_c0056.png,0.00000000
BCD_r0019_c0057,T1/BCD_r0019_c0057.png,T2/BCD_r0019_c0057.png,0,masks/BCD_r0019_c0057.png,0.00000000
BCD_r0019_c0058,T1/BCD_r0019_c0058.png,T2/BCD_r0019_c0058.png,0,masks/BCD_r0019_c0058.png,0.00000000
BCD_r0019_c0059,T1/BCD_r0019_c0059.png,T2/BCD_r0019_c0059.png,0,masks/BCD_r0019_c0059.png,0.00000000
BCD_r0019_c0060,T1/BCD_r0019_c0060.png,T2/BCD_r0019_c0060.png,0,masks/BCD_r0019_c0060.png,0.00000000
BCD_r0019_c0061,T1/BCD_r0019_c0061.png,T2/BCD_r0019_c0061.png,0,masks/BCD_r0019_c0061.png,0.00000000
BCD_r0019_c0062,T1/BCD_r0019_c0062.png,T2/BCD_r0019_c0062.png,0,masks/BCD_r0019_c0062.png,0.00000000
BCD_r0019_c0063,T1/BCD_r0019_c0063.png,T2/BCD_r0019_c0063.png,0,masks/BCD_r0019_c0063.png,0.00000000
BCD_r0019_c0064,T1/BCD_r0019_c0064.png,T2/BCD_r0019_c0064.png,0,masks/BCD_r0019_c0064.png,0.00000000
BCD_r0019_c0065,T1/BCD_r0019_c0065.png,T2/BCD_r0019_c0065.png,0,masks/BCD_r0019_c0065.png,0.00000000
BCD_r0019_c0066,T1/BCD_r0019_c0066.png,T2/BCD_r0019_c0066.png,0,masks/BCD_r0019_c0066.png,0.00000000
BCD_r0019_c0067,T1/BCD_r0019_c0067.png,T2/BCD_r0019_c0067.png,0,masks/BCD_r0019_c0067.png,0.00000000
BCD_r0019_c0068,T1/BCD_r0019_c0068.png,T2/BCD_r0019_c0068.png,0,masks/BCD_r0019_c0068.png,0.00000000
BCD_r0019_c0069,T1/BCD_r0019_c0069.png,T2/BCD_r0019_c0069.png,0,masks/BCD_r0019_c0069.png,0.00000000
BCD_r0019_c0070,T1/BCD_r0019_c0070.png,T2/BCD_r0019_c0070.png,0,masks/BCD_r0019_c0070.png,0.00000000
BCD_r0019_c0071,T1/BCD_r0019_c0071.png,T2/BCD_r0019_c0071.png,0,masks/BCD_r0019_c0071.png,0.00000000
BCD_r0019_c0072,T1/BCD_r0019_c0072.png,T2/BCD_r0019_c0072.png,0,masks/BCD_r0019_c0072.png,0.00000000
BCD_r0019_c0073,T1/BCD_r0019_c0073.png,T2/BCD_r0019_c0073.png,0,masks/BCD_r0019_c0073.png,0.00000000
BCD_r0019_c0074,T1/BCD_r0019_c0074.png,T2/BCD_r0019_c0074.png,0,masks/BCD_r0019_c0074.png,0.00000000
BCD_r0019_c0075,T1/BCD_r0019_c0075.png,T2/BCD_r0019_c0075.png,0,masks/BCD_r0019_c0075.png,0.00000000
BCD_r0019_c0076,T1/BCD_r0019_c0076.png,T2/BCD_r0019_c0076.png,0,masks/BCD_r0019_c0076.png,0.00000000
BCD_r0019_c0077,T1/BCD_r0019_c0077.png,T2/BCD_r0019_c0077.png,0,masks/BCD_r0019_c0077.png,0.00000000
BCD_r0019_c0078,T1/BCD_r0019_c0078.png,T2/BCD_r0019_c0078.png,0,masks/BCD_r0019_c0078.png,0.00000000
BCD_r0019_c0079,T1/BCD_r0019_c0079.png,T2/BCD_r0019_c0079.png,0,masks/BCD_r0019_c0079.png,0.00000000
BCD_r0019_c0080,T1/BCD_r0019_c0080.png,T2/BCD_r0019_c0080.png,0,masks/BCD_r0019_c0080.png,0.00000000
BCD_r0019_c0081,T1/BCD_r0019_c0081.png,T2/BCD_r0019_c0081.png,0,masks/BCD_r0019_c0081.png,0.00000000
BCD_r0019_c0082,T1/BCD_r0019_c0082.png,T2/BCD_r0019_c0082.png,0,masks/BCD_r0019_c0082.png,0.00000000
BCD_r0019_c0083,T1/BCD_r0019_c0083.png,T2/BCD_r0019_c0083.png,0,masks/BCD_r0019_c0083.png,0.00000000
BCD_r0019_c0084,T1/BCD_r0019_c0084.png,T2/BCD_r0019_c0084.png,1,masks/BCD_r0019_c0084.png,0.25974570
BCD_r0019_c0085,T1/BCD_r0019_c0085.png,T2/BCD_r0019_c0085.png,1,masks/BCD_r0019_c0085.png,0.09663983
BCD_r0019_c0086,T1/BCD_r0019_c0086.png,T2/BCD_r0019_c0086.png,1,masks/BCD_r0019_c0086.png,0.01201770
BCD_r0019_c0087,T1/BCD_r0019_c0087.png,T2/BCD_r0019_c0087.png,1,masks/BCD_r0019_c0087.png,0.02798151
BCD_r0019_c0088,T1/BCD_r0019_c0088.png,T2/BCD_r0019_c0088.png,0,masks/BCD_r0019_c0088.png,0.00000000
BCD_r0019_c0089,T1/BCD_r0019_c0089.png,T2/BCD_r0019_c0089.png,0,masks/BCD_r0019_c0089.png,0.00000000
BCD_r0019_c0090,T1/BCD_r0019_c0090.png,T2/BCD_r0019_c0090.png,0,masks/BCD_r0019_c0090.png,0.00000000
BCD_r0019_c0091,T1/BCD_r0019_c0091.png,T2/BCD_r0019_c0091.png,1,masks/BCD_r0019_c0091.png,0.03816566
BCD_r0019_c0092,T1/BCD_r0019_c0092.png,T2/BCD_r0019_c0092.png,1,masks/BCD_r0019_c0092.png,0.80054209
BCD_r0019_c0093,T1/BCD_r0019_c0093.png,T2/BCD_r0019_c0093.png,1,masks/BCD_r0019_c0093.png,0.31794085
BCD_r0019_c0094,T1/BCD_r0019_c0094.png,T2/BCD_r0019_c0094.png,0,masks/BCD_r0019_c0094.png,0.00000000
BCD_r0019_c0095,T1/BCD_r0019_c0095.png,T2/BCD_r0019_c0095.png,0,masks/BCD_r0019_c0095.png,0.00000000
BCD_r0019_c0096,T1/BCD_r0019_c0096.png,T2/BCD_r0019_c0096.png,0,masks/BCD_r0019_c0096.png,0.00000000
BCD_r0019_c0097,T1/BCD_r0019_c0097.png,T2/BCD_r0019_c0097.png,1,masks/BCD_r0019_c0097.png,0.05002392
BCD_r0019_c0098,T1/BCD_r0019_c0098.png,T2/BCD_r0019_c0098.png,0,masks/BCD_r0019_c0098.png,0.00000000
BCD_r0019_c0099,T1/BCD_r0019_c0099.png,T2/BCD_r0019_c0099.png,0,masks/BCD_r0019_c0099.png,0.00000000
BCD_r0019_c0100,T1/BCD_r0019_c0100.png,T2/BCD_r0019_c0100.png,0,masks/BCD_r0019_c0100.png,0.00000000
BCD_r0019_c0101,T1/BCD_r0019_c0101.png,T2/BCD_r0019_c0101.png,1,masks/BCD_r0019_c0101.png,0.05351164
BCD_r0019_c0102,T1/BCD_r0019_c0102.png,T2/BCD_r0019_c0102.png,1,masks/BCD_r0019_c0102.png,0.00675622
BCD_r0019_c0103,T1/BCD_r0019_c0103.png,T2/BCD_r0019_c0103.png,0,masks/BCD_r0019_c0103.png,0.00000000
BCD_r0019_c0104,T1/BCD_r0019_c0104.png,T2/BCD_r0019_c0104.png,0,masks/BCD_r0019_c0104.png,0.00000000
BCD_r0019_c0105,T1/BCD_r0019_c0105.png,T2/BCD_r0019_c0105.png,0,masks/BCD_r0019_c0105.png,0.00000000
BCD_r0019_c0106,T1/BCD_r0019_c0106.png,T2/BCD_r0019_c0106.png,0,masks/BCD_r0019_c0106.png,0.00000000
BCD_r0019_c0107,T1/BCD_r0019_c0107.png,T2/BCD_r0019_c0107.png,0,masks/BCD_r0019_c0107.png,0.00000000
BCD_r0019_c0108,T1/BCD_r0019_c0108.png,T2/BCD_r0019_c0108.png,0,masks/BCD_r0019_c0108.png,0.00000000
BCD_r0019_c0109,T1/BCD_r0019_c0109.png,T2/BCD_r0019_c0109.png,0,masks/BCD_r0019_c0109.png,0.00000000
BCD_r0019_c0110,T1/BCD_r0019_c0110.png,T2/BCD_r0019_c0110.png,0,masks/BCD_r0019_c0110.png,0.00000000
BCD_r0019_c0111,T1/BCD_r0019_c0111.png,T2/BCD_r0019_c0111.png,0,masks/BCD_r0019_c0111.png,0.00000000
BCD_r0019_c0112,T1/BCD_r0019_c0112.png,T2/BCD_r0019_c0112.png,0,masks/BCD_r0019_c0112.png,0.00000000
BCD_r0019_c0113,T1/BCD_r0019_c0113.png,T2/BCD_r0019_c0113.png,0,masks/BCD_r0019_c0113.png,0.00000000
BCD_r0019_c0114,T1/BCD_r0019_c0114.png,T2/BCD_r0019_c0114.png,0,masks/BCD_r0019_c0114.png,0.00000000
BCD_r0019_c0115,T1/BCD_r0019_c0115.png,T2/BCD_r0019_c0115.png,0,masks/BCD_r0019_c0115.png,0.00000000
BCD_r0019_c0116,T1/BCD_r0019_c0116.png,T2/BCD_r0019_c0116.png,1,masks/BCD_r0019_c0116.png,0.11375957
BCD_r0019_c0117,T1/BCD_r0019_c0117.png,T2/BCD_r0019_c0117.png,1,masks/BCD_r0019_c0117.png,0.23190370
BCD_r0019_c0118,T1/BCD_r0019_c0118.png,T2/BCD_r0019_c0118.png,0,masks/BCD_r0019_c0118.png,0.00000000
BCD_r0019_c0119,T1/BCD_r0019_c0119.png,T2/BCD_r0019_c0119.png,0,masks/BCD_r0019_c0119.png,0.00000000
BCD_r0019_c0120,T1/BCD_r0019_c0120.png,T2/BCD_r0019_c0120.png,0,masks/BCD_r0019_c0120.png,0.00000000
BCD_r0019_c0121,T1/BCD_r0019_c0121.png,T2/BCD_r0019_c0121.png,0,masks/BCD_r0019_c0121.png,0.00000000
BCD_r0019_c0122,T1/BCD_r0019_c0122.png,T2/BCD_r0019_c0122.png,0,masks/BCD_r0019_c0122.png,0.00000000
BCD_r0019_c0123,T1/BCD_r0019_c0123.png,T2/BCD_r0019_c0123.png,1,masks/BCD_r0019_c0123.png,0.00344786
BCD_r0019_c0124,T1/BCD_r0019_c0124.png,T2/BCD_r0019_c0124.png,1,masks/BCD_r0019_c0124.png,0.00011958
BCD_r0019_c0125,T1/BCD_r0019_c0125.png,T2/BCD_r0019_c0125.png,0,masks/BCD_r0019_c0125.png,0.00000000
BCD_r0019_c0126,T1/BCD_r0019_c0126.png,T2/BCD_r0019_c0126.png,0,masks/BCD_r0019_c0126.png,0.00000000
BCD_r0019_c0127,T1/BCD_r0019_c0127.png,T2/BCD_r0019_c0127.png,0,masks/BCD_r0019_c0127.png,0.00000000
BCD_r0019_c0128,T1/BCD_r0019_c0128.png,T2/BCD_r0019_c0128.png,0,masks/BCD_r0019_c0128.png,0.00000000
BCD_r0019_c0129,T1/BCD_r0019_c0129.png,T2/BCD_r0019_c0129.png,0,masks/BCD_r0019_c0129.png,0.00000000
BCD_r0019_c0130,T1/BCD_r0019_c0130.png,T2/BCD_r0019_c0130.png,0,masks/BCD_r0019_c0130.png,0.00000000
BCD_r0019_c0131,T1/BCD_r0019_c0131.png,T2/BCD_r0019_c0131.png,0,masks/BCD_r0019_c0131.png,0.00000000
BCD_r0019_c0132,T1/BCD_r0019_c0132.png,T2/BCD_r0019_c0132.png,0,masks/BCD_r0019_c0132.png,0.00000000
BCD_r0019_c0133,T1/BCD_r0019_c0133.png,T2/BCD_r0019_c0133.png,0,masks/BCD_r0019_c0133.png,0.00000000
BCD_r0019_c0134,T1/BCD_r0019_c0134.png,T2/BCD_r0019_c0134.png,0,masks/BCD_r0019_c0134.png,0.00000000
BCD_r0019_c0135,T1/BCD_r0019_c0135.png,T2/BCD_r0019_c0135.png,1,masks/BCD_r0019_c0135.png,0.30835459
BCD_r0019_c0136,T1/BCD_r0019_c0136.png,T2/BCD_r0019_c0136.png,1,masks/BCD_r0019_c0136.png,0.67319037
BCD_r0019_c0137,T1/BCD_r0019_c0137.png,T2/BCD_r0019_c0137.png,1,masks/BCD_r0019_c0137.png,0.04346700
BCD_r0019_c0138,T1/BCD_r0019_c0138.png,T2/BCD_r0019_c0138.png,0,masks/BCD_r0019_c0138.png,0.00000000
BCD_r0019_c0139,T1/BCD_r0019_c0139.png,T2/BCD_r0019_c0139.png,0,masks/BCD_r0019_c0139.png,0.00000000
BCD_r0019_c0140,T1/BCD_r0019_c0140.png,T2/BCD_r0019_c0140.png,0,masks/BCD_r0019_c0140.png,0.00000000
BCD_r0019_c0141,T1/BCD_r0019_c0141.png,T2/BCD_r0019_c0141.png,0,masks/BCD_r0019_c0141.png,0.00000000
BCD_r0019_c0142,T1/BCD_r0019_c0142.png,T2/BCD_r0019_c0142.png,0,masks/BCD_r0019_c0142.png,0.00000000
BCD_r0019_c0143,T1/BCD_r0019_c0143.png,T2/BCD_r0019_c0143.png,0,masks/BCD_r0019_c0143.png,0.00000000
BCD_r0019_c0144,T1/BCD_r0019_c0144.png,T2/BCD_r0019_c0144.png,0,masks/BCD_r0019_c0144.png,0.00000000
BCD_r0020_c0000,T1/BCD_r0020_c0000.png,T2/BCD_r0020_c0000.png,0,masks/BCD_r0020_c0000.png,0.00000000
BCD_r0020_c0001,T1/BCD_r0020_c0001.png,T2/BCD_r0020_c0001.png,0,masks/BCD_r0020_c0001.png,0.00000000
BCD_r0020_c0002,T1/BCD_r0020_c0002.png,T2/BCD_r0020_c0002.png,0,masks/BCD_r0020_c0002.png,0.00000000
BCD_r0020_c0003,T1/BCD_r0020_c0003.png,T2/BCD_r0020_c0003.png,0,masks/BCD_r0020_c0003.png,0.00000000
BCD_r0020_c0004,T1/BCD_r0020_c0004.png,T2/BCD_r0020_c0004.png,0,masks/BCD_r0020_c0004.png,0.00000000
BCD_r0020_c0005,T1/BCD_r0020_c0005.png,T2/BCD_r0020_c0005.png,0,masks/BCD_r0020_c0005.png,0.00000000
BCD_r0020_c0006,T1/BCD_r0020_c0006.png,T2/BCD_r0020_c0006.png,0,masks/BCD_r0020_c0006.png,0.00000000
BCD_r0020_c0007,T1/BCD_r0020_c0007.png,T2/BCD_r0020_c0007.png,0,masks/BCD_r0020_c0007.png,0.00000000
BCD_r0020_c0008,T1/BCD_r0020_c0008.png,T2/BCD_r0020_c0008.png,1,masks/BCD_r0020_c0008.png,0.01973055
BCD_r0020_c0009,T1/BCD_r0020_c0009.png,T2/BCD_r0020_c0009.png,0,masks/BCD_r0020_c0009.png,0.00000000
BCD_r0020_c0010,T1/BCD_r0020_c0010.png,T2/BCD_r0020_c0010.png,0,masks/BCD_r0020_c0010.png,0.00000000
BCD_r0020_c0011,T1/BCD_r0020_c0011.png,T2/BCD_r0020_c0011.png,0,masks/BCD_r0020_c0011.png,0.00000000
BCD_r0020_c0012,T1/BCD_r0020_c0012.png,T2/BCD_r0020_c0012.png,0,masks/BCD_r0020_c0012.png,0.00000000
BCD_r0020_c0013,T1/BCD_r0020_c0013.png,T2/BCD_r0020_c0013.png,0,masks/BCD_r0020_c0013.png,0.00000000
BCD_r0020_c0014,T1/BCD_r0020_c0014.png,T2/BCD_r0020_c0014.png,0,masks/BCD_r0020_c0014.png,0.00000000
BCD_r0020_c0015,T1/BCD_r0020_c0015.png,T2/BCD_r0020_c0015.png,0,masks/BCD_r0020_c0015.png,0.00000000
BCD_r0020_c0016,T1/BCD_r0020_c0016.png,T2/BCD_r0020_c0016.png,0,masks/BCD_r0020_c0016.png,0.00000000
BCD_r0020_c0017,T1/BCD_r0020_c0017.png,T2/BCD_r0020_c0017.png,0,masks/BCD_r0020_c0017.png,0.00000000
BCD_r0020_c0018,T1/BCD_r0020_c0018.png,T2/BCD_r0020_c0018.png,0,masks/BCD_r0020_c0018.png,0.00000000
BCD_r0020_c0019,T1/BCD_r0020_c0019.png,T2/BCD_r0020_c0019.png,1,masks/BCD_r0020_c0019.png,0.13187580
BCD_r0020_c0020,T1/BCD_r0020_c0020.png,T2/BCD_r0020_c0020.png,1,masks/BCD_r0020_c0020.png,0.15648916
BCD_r0020_c0021,T1/BCD_r0020_c0021.png,T2/BCD_r0020_c0021.png,0,masks/BCD_r0020_c0021.png,0.00000000
BCD_r0020_c0022,T1/BCD_r0020_c0022.png,T2/BCD_r0020_c0022.png,0,masks/BCD_r0020_c0022.png,0.00000000
BCD_r0020_c0023,T1/BCD_r0020_c0023.png,T2/BCD_r0020_c0023.png,0,masks/BCD_r0020_c0023.png,0.00000000
BCD_r0020_c0024,T1/BCD_r0020_c0024.png,T2/BCD_r0020_c0024.png,0,masks/BCD_r0020_c0024.png,0.00000000
BCD_r0020_c0025,T1/BCD_r0020_c0025.png,T2/BCD_r0020_c0025.png,0,masks/BCD_r0020_c0025.png,0.00000000
BCD_r0020_c0026,T1/BCD_r0020_c0026.png,T2/BCD_r0020_c0026.png,0,masks/BCD_r0020_c0026.png,0.00000000
BCD_r0020_c0027,T1/BCD_r0020_c0027.png,T2/BCD_r0020_c0027.png,1,masks/BCD_r0020_c0027.png,0.04446349
BCD_r0020_c0028,T1/BCD_r0020_c0028.png,T2/BCD_r0020_c0028.png,1,masks/BCD_r0020_c0028.png,0.01341279
BCD_r0020_c0029,T1/BCD_r0020_c0029.png,T2/BCD_r0020_c0029.png,1,masks/BCD_r0020_c0029.png,0.40493463
BCD_r0020_c0030,T1/BCD_r0020_c0030.png,T2/BCD_r0020_c0030.png,1,masks/BCD_r0020_c0030.png,0.11555325
BCD_r0020_c0031,T1/BCD_r0020_c0031.png,T2/BCD_r0020_c0031.png,0,masks/BCD_r0020_c0031.png,0.00000000
BCD_r0020_c0032,T1/BCD_r0020_c0032.png,T2/BCD_r0020_c0032.png,1,masks/BCD_r0020_c0032.png,0.05851403
BCD_r0020_c0033,T1/BCD_r0020_c0033.png,T2/BCD_r0020_c0033.png,0,masks/BCD_r0020_c0033.png,0.00000000
BCD_r0020_c0034,T1/BCD_r0020_c0034.png,T2/BCD_r0020_c0034.png,0,masks/BCD_r0020_c0034.png,0.00000000
BCD_r0020_c0035,T1/BCD_r0020_c0035.png,T2/BCD_r0020_c0035.png,0,masks/BCD_r0020_c0035.png,0.00000000
BCD_r0020_c0036,T1/BCD_r0020_c0036.png,T2/BCD_r0020_c0036.png,0,masks/BCD_r0020_c0036.png,0.00000000
BCD_r0020_c0037,T1/BCD_r0020_c0037.png,T2/BCD_r0020_c0037.png,0,masks/BCD_r0020_c0037.png,0.00000000
BCD_r0020_c0038,T1/BCD_r0020_c0038.png,T2/BCD_r0020_c0038.png,0,masks/BCD_r0020_c0038.png,0.00000000
BCD_r0020_c0039,T1/BCD_r0020_c0039.png,T2/BCD_r0020_c0039.png,0,masks/BCD_r0020_c0039.png,0.00000000
BCD_r0020_c0040,T1/BCD_r0020_c0040.png,T2/BCD_r0020_c0040.png,0,masks/BCD_r0020_c0040.png,0.00000000
BCD_r0020_c0041,T1/BCD_r0020_c0041.png,T2/BCD_r0020_c0041.png,0,masks/BCD_r0020_c0041.png,0.00000000
BCD_r0020_c0042,T1/BCD_r0020_c0042.png,T2/BCD_r0020_c0042.png,0,masks/BCD_r0020_c0042.png,0.00000000
BCD_r0020_c0043,T1/BCD_r0020_c0043.png,T2/BCD_r0020_c0043.png,1,masks/BCD_r0020_c0043.png,0.08876754
BCD_r0020_c0044,T1/BCD_r0020_c0044.png,T2/BCD_r0020_c0044.png,0,masks/BCD_r0020_c0044.png,0.00000000
BCD_r0020_c0045,T1/BCD_r0020_c0045.png,T2/BCD_r0020_c0045.png,0,masks/BCD_r0020_c0045.png,0.00000000
BCD_r0020_c0046,T1/BCD_r0020_c0046.png,T2/BCD_r0020_c0046.png,1,masks/BCD_r0020_c0046.png,0.19228316
BCD_r0020_c0047,T1/BCD_r0020_c0047.png,T2/BCD_r0020_c0047.png,1,masks/BCD_r0020_c0047.png,0.21976642
BCD_r0020_c0048,T1/BCD_r0020_c0048.png,T2/BCD_r0020_c0048.png,1,masks/BCD_r0020_c0048.png,0.02196269
BCD_r0020_c0049,T1/BCD_r0020_c0049.png,T2/BCD_r0020_c0049.png,0,masks/BCD_r0020_c0049.png,0.00000000
BCD_r0020_c0050,T1/BCD_r0020_c0050.png,T2/BCD_r0020_c0050.png,0,masks/BCD_r0020_c0050.png,0.00000000
BCD_r0020_c0051,T1/BCD_r0020_c0051.png,T2/BCD_r0020_c0051.png,0,masks/BCD_r0020_c0051.png,0.00000000
BCD_r0020_c0052,T1/BCD_r0020_c0052.png,T2/BCD_r0020_c0052.png,0,masks/BCD_r0020_c0052.png,0.00000000
BCD_r0020_c0053,T1/BCD_r0020_c0053.png,T2/BCD_r0020_c0053.png,1,masks/BCD_r0020_c0053.png,0.01727918
BCD_r0020_c0054,T1/BCD_r0020_c0054.png,T2/BCD_r0020_c0054.png,0,masks/BCD_r0020_c0054.png,0.00000000
BCD_r0020_c0055,T1/BCD_r0020_c0055.png,T2/BCD_r0020_c0055.png,0,masks/BCD_r0020_c0055.png,0.00000000
BCD_r0020_c0056,T1/BCD_r0020_c0056.png,T2/BCD_r0020_c0056.png,1,masks/BCD_r0020_c0056.png,0.04753268
BCD_r0020_c0057,T1/BCD_r0020_c0057.png,T2/BCD_r0020_c0057.png,1,masks/BCD_r0020_c0057.png,0.00665657
BCD_r0020_c0058,T1/BCD_r0020_c0058.png,T2/BCD_r0020_c0058.png,1,masks/BCD_r0020_c0058.png,0.00813138
BCD_r0020_c0059,T1/BCD_r0020_c0059.png,T2/BCD_r0020_c0059.png,0,masks/BCD_r0020_c0059.png,0.00000000
BCD_r0020_c0060,T1/BCD_r0020_c0060.png,T2/BCD_r0020_c0060.png,0,masks/BCD_r0020_c0060.png,0.00000000
BCD_r0020_c0061,T1/BCD_r0020_c0061.png,T2/BCD_r0020_c0061.png,0,masks/BCD_r0020_c0061.png,0.00000000
BCD_r0020_c0062,T1/BCD_r0020_c0062.png,T2/BCD_r0020_c0062.png,0,masks/BCD_r0020_c0062.png,0.00000000
BCD_r0020_c0063,T1/BCD_r0020_c0063.png,T2/BCD_r0020_c0063.png,0,masks/BCD_r0020_c0063.png,0.00000000
BCD_r0020_c0064,T1/BCD_r0020_c0064.png,T2/BCD_r0020_c0064.png,0,masks/BCD_r0020_c0064.png,0.00000000
BCD_r0020_c0065,T1/BCD_r0020_c0065.png,T2/BCD_r0020_c0065.png,0,masks/BCD_r0020_c0065.png,0.00000000
BCD_r0020_c0066,T1/BCD_r0020_c0066.png,T2/BCD_r0020_c0066.png,0,masks/BCD_r0020_c0066.png,0.00000000
BCD_r0020_c0067,T1/BCD_r0020_c0067.png,T2/BCD_r0020_c0067.png,0,masks/BCD_r0020_c0067.png,0.00000000
BCD_r0020_c0068,T1/BCD_r0020_c0068.png,T2/BCD_r0020_c0068.png,0,masks/BCD_r0020_c0068.png,0.00000000
BCD_r0020_c0069,T1/BCD_r0020_c0069.png,T2/BCD_r0020_c0069.png,0,masks/BCD_r0020_c0069.png,0.00000000
BCD_r0020_c0070,T1/BCD_r0020_c0070.png,T2/BCD_r0020_c0070.png,0,masks/BCD_r0020_c0070.png,0.00000000
BCD_r0020_c0071,T1/BCD_r0020_c0071.png,T2/BCD_r0020_c0071.png,0,masks/BCD_r0020_c0071.png,0.00000000
BCD_r0020_c0072,T1/BCD_r0020_c0072.png,T2/BCD_r0020_c0072.png,0,masks/BCD_r0020_c0072.png,0.00000000
BCD_r0020_c0073,T1/BCD_r0020_c0073.png,T2/BCD_r0020_c0073.png,0,masks/BCD_r0020_c0073.png,0.00000000
BCD_r0020_c0074,T1/BCD_r0020_c0074.png,T2/BCD_r0020_c0074.png,0,masks/BCD_r0020_c0074.png,0.00000000
BCD_r0020_c0075,T1/BCD_r0020_c0075.png,T2/BCD_r0020_c0075.png,0,masks/BCD_r0020_c0075.png,0.00000000
BCD_r0020_c0076,T1/BCD_r0020_c0076.png,T2/BCD_r0020_c0076.png,0,masks/BCD_r0020_c0076.png,0.00000000
BCD_r0020_c0077,T1/BCD_r0020_c0077.png,T2/BCD_r0020_c0077.png,0,masks/BCD_r0020_c0077.png,0.00000000
BCD_r0020_c0078,T1/BCD_r0020_c0078.png,T2/BCD_r0020_c0078.png,0,masks/BCD_r0020_c0078.png,0.00000000
BCD_r0020_c0079,T1/BCD_r0020_c0079.png,T2/BCD_r0020_c0079.png,0,masks/BCD_r0020_c0079.png,0.00000000
BCD_r0020_c0080,T1/BCD_r0020_c0080.png,T2/BCD_r0020_c0080.png,0,masks/BCD_r0020_c0080.png,0.00000000
BCD_r0020_c0081,T1/BCD_r0020_c0081.png,T2/BCD_r0020_c0081.png,0,masks/BCD_r0020_c0081.png,0.00000000
BCD_r0020_c0082,T1/BCD_r0020_c0082.png,T2/BCD_r0020_c0082.png,0,masks/BCD_r0020_c0082.png,0.00000000
BCD_r0020_c0083,T1/BCD_r0020_c0083.png,T2/BCD_r0020_c0083.png,0,masks/BCD_r0020_c0083.png,0.00000000
BCD_r0020_c0084,T1/BCD_r0020_c0084.png,T2/BCD_r0020_c0084.png,0,masks/BCD_r0020_c0084.png,0.00000000
BCD_r0020_c0085,T1/BCD_r0020_c0085.png,T2/BCD_r0020_c0085.png,0,masks/BCD_r0020_c0085.png,0.00000000
BCD_r0020_c0086,T1/BCD_r0020_c0086.png,T2/BCD_r0020_c0086.png,1,masks/BCD_r0020_c0086.png,0.00562022
BCD_r0020_c0087,T1/BCD_r0020_c0087.png,T2/BCD_r0020_c0087.png,1,masks/BCD_r0020_c0087.png,0.00392618
BCD_r0020_c0088,T1/BCD_r0020_c0088.png,T2/BCD_r0020_c0088.png,0,masks/BCD_r0020_c0088.png,0.00000000
BCD_r0020_c0089,T1/BCD_r0020_c0089.png,T2/BCD_r0020_c0089.png,0,masks/BCD_r0020_c0089.png,0.00000000
BCD_r0020_c0090,T1/BCD_r0020_c0090.png,T2/BCD_r0020_c0090.png,0,masks/BCD_r0020_c0090.png,0.00000000
BCD_r0020_c0091,T1/BCD_r0020_c0091.png,T2/BCD_r0020_c0091.png,1,masks/BCD_r0020_c0091.png,0.09667969
BCD_r0020_c0092,T1/BCD_r0020_c0092.png,T2/BCD_r0020_c0092.png,1,masks/BCD_r0020_c0092.png,0.10654496
BCD_r0020_c0093,T1/BCD_r0020_c0093.png,T2/BCD_r0020_c0093.png,1,masks/BCD_r0020_c0093.png,0.01516661
BCD_r0020_c0094,T1/BCD_r0020_c0094.png,T2/BCD_r0020_c0094.png,0,masks/BCD_r0020_c0094.png,0.00000000
BCD_r0020_c0095,T1/BCD_r0020_c0095.png,T2/BCD_r0020_c0095.png,0,masks/BCD_r0020_c0095.png,0.00000000
BCD_r0020_c0096,T1/BCD_r0020_c0096.png,T2/BCD_r0020_c0096.png,0,masks/BCD_r0020_c0096.png,0.00000000
BCD_r0020_c0097,T1/BCD_r0020_c0097.png,T2/BCD_r0020_c0097.png,0,masks/BCD_r0020_c0097.png,0.00000000
BCD_r0020_c0098,T1/BCD_r0020_c0098.png,T2/BCD_r0020_c0098.png,0,masks/BCD_r0020_c0098.png,0.00000000
BCD_r0020_c0099,T1/BCD_r0020_c0099.png,T2/BCD_r0020_c0099.png,0,masks/BCD_r0020_c0099.png,0.00000000
BCD_r0020_c0100,T1/BCD_r0020_c0100.png,T2/BCD_r0020_c0100.png,1,masks/BCD_r0020_c0100.png,0.01209742
BCD_r0020_c0101,T1/BCD_r0020_c0101.png,T2/BCD_r0020_c0101.png,0,masks/BCD_r0020_c0101.png,0.00000000
BCD_r0020_c0102,T1/BCD_r0020_c0102.png,T2/BCD_r0020_c0102.png,0,masks/BCD_r0020_c0102.png,0.00000000
BCD_r0020_c0103,T1/BCD_r0020_c0103.png,T2/BCD_r0020_c0103.png,0,masks/BCD_r0020_c0103.png,0.00000000
BCD_r0020_c0104,T1/BCD_r0020_c0104.png,T2/BCD_r0020_c0104.png,0,masks/BCD_r0020_c0104.png,0.00000000
BCD_r0020_c0105,T1/BCD_r0020_c0105.png,T2/BCD_r0020_c0105.png,0,masks/BCD_r0020_c0105.png,0.00000000
BCD_r0020_c0106,T1/BCD_r0020_c0106.png,T2/BCD_r0020_c0106.png,0,masks/BCD_r0020_c0106.png,0.00000000
BCD_r0020_c0107,T1/BCD_r0020_c0107.png,T2/BCD_r0020_c0107.png,0,masks/BCD_r0020_c0107.png,0.00000000
BCD_r0020_c0108,T1/BCD_r0020_c0108.png,T2/BCD_r0020_c0108.png,0,masks/BCD_r0020_c0108.png,0.00000000
BCD_r0020_c0109,T1/BCD_r0020_c0109.png,T2/BCD_r0020_c0109.png,0,masks/BCD_r0020_c0109.png,0.00000000
BCD_r0020_c0110,T1/BCD_r0020_c0110.png,T2/BCD_r0020_c0110.png,0,masks/BCD_r0020_c0110.png,0.00000000
BCD_r0020_c0111,T1/BCD_r0020_c0111.png,T2/BCD_r0020_c0111.png,0,masks/BCD_r0020_c0111.png,0.00000000
BCD_r0020_c0112,T1/BCD_r0020_c0112.png,T2/BCD_r0020_c0112.png,0,masks/BCD_r0020_c0112.png,0.00000000
BCD_r0020_c0113,T1/BCD_r0020_c0113.png,T2/BCD_r0020_c0113.png,0,masks/BCD_r0020_c0113.png,0.00000000
BCD_r0020_c0114,T1/BCD_r0020_c0114.png,T2/BCD_r0020_c0114.png,0,masks/BCD_r0020_c0114.png,0.00000000
BCD_r0020_c0115,T1/BCD_r0020_c0115.png,T2/BCD_r0020_c0115.png,0,masks/BCD_r0020_c0115.png,0.00000000
BCD_r0020_c0116,T1/BCD_r0020_c0116.png,T2/BCD_r0020_c0116.png,0,masks/BCD_r0020_c0116.png,0.00000000
BCD_r0020_c0117,T1/BCD_r0020_c0117.png,T2/BCD_r0020_c0117.png,0,masks/BCD_r0020_c0117.png,0.00000000
BCD_r0020_c0118,T1/BCD_r0020_c0118.png,T2/BCD_r0020_c0118.png,0,masks/BCD_r0020_c0118.png,0.00000000
BCD_r0020_c0119,T1/BCD_r0020_c0119.png,T2/BCD_r0020_c0119.png,0,masks/BCD_r0020_c0119.png,0.00000000
BCD_r0020_c0120,T1/BCD_r0020_c0120.png,T2/BCD_r0020_c0120.png,0,masks/BCD_r0020_c0120.png,0.00000000
BCD_r0020_c0121,T1/BCD_r0020_c0121.png,T2/BCD_r0020_c0121.png,0,masks/BCD_r0020_c0121.png,0.00000000
BCD_r0020_c0122,T1/BCD_r0020_c0122.png,T2/BCD_r0020_c0122.png,0,masks/BCD_r0020_c0122.png,0.00000000
BCD_r0020_c0123,T1/BCD_r0020_c0123.png,T2/BCD_r0020_c0123.png,1,masks/BCD_r0020_c0123.png,0.06612723
BCD_r0020_c0124,T1/BCD_r0020_c0124.png,T2/BCD_r0020_c0124.png,1,masks/BCD_r0020_c0124.png,0.06269930
BCD_r0020_c0125,T1/BCD_r0020_c0125.png,T2/BCD_r0020_c0125.png,0,masks/BCD_r0020_c0125.png,0.00000000
BCD_r0020_c0126,T1/BCD_r0020_c0126.png,T2/BCD_r0020_c0126.png,0,masks/BCD_r0020_c0126.png,0.00000000
BCD_r0020_c0127,T1/BCD_r0020_c0127.png,T2/BCD_r0020_c0127.png,0,masks/BCD_r0020_c0127.png,0.00000000
BCD_r0020_c0128,T1/BCD_r0020_c0128.png,T2/BCD_r0020_c0128.png,0,masks/BCD_r0020_c0128.png,0.00000000
BCD_r0020_c0129,T1/BCD_r0020_c0129.png,T2/BCD_r0020_c0129.png,0,masks/BCD_r0020_c0129.png,0.00000000
BCD_r0020_c0130,T1/BCD_r0020_c0130.png,T2/BCD_r0020_c0130.png,0,masks/BCD_r0020_c0130.png,0.00000000
BCD_r0020_c0131,T1/BCD_r0020_c0131.png,T2/BCD_r0020_c0131.png,0,masks/BCD_r0020_c0131.png,0.00000000
BCD_r0020_c0132,T1/BCD_r0020_c0132.png,T2/BCD_r0020_c0132.png,0,masks/BCD_r0020_c0132.png,0.00000000
BCD_r0020_c0133,T1/BCD_r0020_c0133.png,T2/BCD_r0020_c0133.png,0,masks/BCD_r0020_c0133.png,0.00000000
BCD_r0020_c0134,T1/BCD_r0020_c0134.png,T2/BCD_r0020_c0134.png,0,masks/BCD_r0020_c0134.png,0.00000000
BCD_r0020_c0135,T1/BCD_r0020_c0135.png,T2/BCD_r0020_c0135.png,1,masks/BCD_r0020_c0135.png,0.01494739
BCD_r0020_c0136,T1/BCD_r0020_c0136.png,T2/BCD_r0020_c0136.png,1,masks/BCD_r0020_c0136.png,0.00667650
BCD_r0020_c0137,T1/BCD_r0020_c0137.png,T2/BCD_r0020_c0137.png,0,masks/BCD_r0020_c0137.png,0.00000000
BCD_r0020_c0138,T1/BCD_r0020_c0138.png,T2/BCD_r0020_c0138.png,0,masks/BCD_r0020_c0138.png,0.00000000
BCD_r0020_c0139,T1/BCD_r0020_c0139.png,T2/BCD_r0020_c0139.png,0,masks/BCD_r0020_c0139.png,0.00000000
BCD_r0020_c0140,T1/BCD_r0020_c0140.png,T2/BCD_r0020_c0140.png,0,masks/BCD_r0020_c0140.png,0.00000000
BCD_r0020_c0141,T1/BCD_r0020_c0141.png,T2/BCD_r0020_c0141.png,0,masks/BCD_r0020_c0141.png,0.00000000
BCD_r0020_c0142,T1/BCD_r0020_c0142.png,T2/BCD_r0020_c0142.png,0,masks/BCD_r0020_c0142.png,0.00000000
BCD_r0020_c0143,T1/BCD_r0020_c0143.png,T2/BCD_r0020_c0143.png,0,masks/BCD_r0020_c0143.png,0.00000000
BCD_r0020_c0144,T1/BCD_r0020_c0144.png,T2/BCD_r0020_c0144.png,0,masks/BCD_r0020_c0144.png,0.00000000
BCD_r0021_c0000,T1/BCD_r0021_c0000.png,T2/BCD_r0021_c0000.png,0,masks/BCD_r0021_c0000.png,0.00000000
BCD_r0021_c0001,T1/BCD_r0021_c0001.png,T2/BCD_r0021_c0001.png,0,masks/BCD_r0021_c0001.png,0.00000000
BCD_r0021_c0002,T1/BCD_r0021_c0002.png,T2/BCD_r0021_c0002.png,0,masks/BCD_r0021_c0002.png,0.00000000
BCD_r0021_c0003,T1/BCD_r0021_c0003.png,T2/BCD_r0021_c0003.png,1,masks/BCD_r0021_c0003.png,0.19880022
BCD_r0021_c0004,T1/BCD_r0021_c0004.png,T2/BCD_r0021_c0004.png,1,masks/BCD_r0021_c0004.png,0.05506617
BCD_r0021_c0005,T1/BCD_r0021_c0005.png,T2/BCD_r0021_c0005.png,0,masks/BCD_r0021_c0005.png,0.00000000
BCD_r0021_c0006,T1/BCD_r0021_c0006.png,T2/BCD_r0021_c0006.png,0,masks/BCD_r0021_c0006.png,0.00000000
BCD_r0021_c0007,T1/BCD_r0021_c0007.png,T2/BCD_r0021_c0007.png,0,masks/BCD_r0021_c0007.png,0.00000000
BCD_r0021_c0008,T1/BCD_r0021_c0008.png,T2/BCD_r0021_c0008.png,0,masks/BCD_r0021_c0008.png,0.00000000
BCD_r0021_c0009,T1/BCD_r0021_c0009.png,T2/BCD_r0021_c0009.png,0,masks/BCD_r0021_c0009.png,0.00000000
BCD_r0021_c0010,T1/BCD_r0021_c0010.png,T2/BCD_r0021_c0010.png,0,masks/BCD_r0021_c0010.png,0.00000000
BCD_r0021_c0011,T1/BCD_r0021_c0011.png,T2/BCD_r0021_c0011.png,0,masks/BCD_r0021_c0011.png,0.00000000
BCD_r0021_c0012,T1/BCD_r0021_c0012.png,T2/BCD_r0021_c0012.png,0,masks/BCD_r0021_c0012.png,0.00000000
BCD_r0021_c0013,T1/BCD_r0021_c0013.png,T2/BCD_r0021_c0013.png,0,masks/BCD_r0021_c0013.png,0.00000000
BCD_r0021_c0014,T1/BCD_r0021_c0014.png,T2/BCD_r0021_c0014.png,0,masks/BCD_r0021_c0014.png,0.00000000
BCD_r0021_c0015,T1/BCD_r0021_c0015.png,T2/BCD_r0021_c0015.png,0,masks/BCD_r0021_c0015.png,0.00000000
BCD_r0021_c0016,T1/BCD_r0021_c0016.png,T2/BCD_r0021_c0016.png,0,masks/BCD_r0021_c0016.png,0.00000000
BCD_r0021_c0017,T1/BCD_r0021_c0017.png,T2/BCD_r0021_c0017.png,0,masks/BCD_r0021_c0017.png,0.00000000
BCD_r0021_c0018,T1/BCD_r0021_c0018.png,T2/BCD_r0021_c0018.png,0,masks/BCD_r0021_c0018.png,0.00000000
BCD_r0021_c0019,T1/BCD_r0021_c0019.png,T2/BCD_r0021_c0019.png,0,masks/BCD_r0021_c0019.png,0.00000000
BCD_r0021_c0020,T1/BCD_r0021_c0020.png,T2/BCD_r0021_c0020.png,0,masks/BCD_r0021_c0020.png,0.00000000
BCD_r0021_c0021,T1/BCD_r0021_c0021.png,T2/BCD_r0021_c0021.png,0,masks/BCD_r0021_c0021.png,0.00000000
BCD_r0021_c0022,T1/BCD_r0021_c0022.png,T2/BCD_r0021_c0022.png,0,masks/BCD_r0021_c0022.png,0.00000000
BCD_r0021_c0023,T1/BCD_r0021_c0023.png,T2/BCD_r0021_c0023.png,0,masks/BCD_r0021_c0023.png,0.00000000
BCD_r0021_c0024,T1/BCD_r0021_c0024.png,T2/BCD_r0021_c0024.png,0,masks/BCD_r0021_c0024.png,0.00000000
BCD_r0021_c0025,T1/BCD_r0021_c0025.png,T2/BCD_r0021_c0025.png,0,masks/BCD_r0021_c0025.png,0.00000000
BCD_r0021_c0026,T1/BCD_r0021_c0026.png,T2/BCD_r0021_c0026.png,0,masks/BCD_r0021_c0026.png,0.00000000
BCD_r0021_c0027,T1/BCD_r0021_c0027.png,T2/BCD_r0021_c0027.png,0,masks/BCD_r0021_c0027.png,0.00000000
BCD_r0021_c0028,T1/BCD_r0021_c0028.png,T2/BCD_r0021_c0028.png,1,masks/BCD_r0021_c0028.png,0.07692921
BCD_r0021_c0029,T1/BCD_r0021_c0029.png,T2/BCD_r0021_c0029.png,1,masks/BCD_r0021_c0029.png,0.20796795
BCD_r0021_c0030,T1/BCD_r0021_c0030.png,T2/BCD_r0021_c0030.png,1,masks/BCD_r0021_c0030.png,0.00129544
BCD_r0021_c0031,T1/BCD_r0021_c0031.png,T2/BCD_r0021_c0031.png,0,masks/BCD_r0021_c0031.png,0.00000000
BCD_r0021_c0032,T1/BCD_r0021_c0032.png,T2/BCD_r0021_c0032.png,1,masks/BCD_r0021_c0032.png,0.03475765
BCD_r0021_c0033,T1/BCD_r0021_c0033.png,T2/BCD_r0021_c0033.png,0,masks/BCD_r0021_c0033.png,0.00000000
BCD_r0021_c0034,T1/BCD_r0021_c0034.png,T2/BCD_r0021_c0034.png,0,masks/BCD_r0021_c0034.png,0.00000000
BCD_r0021_c0035,T1/BCD_r0021_c0035.png,T2/BCD_r0021_c0035.png,0,masks/BCD_r0021_c0035.png,0.00000000
BCD_r0021_c0036,T1/BCD_r0021_c0036.png,T2/BCD_r0021_c0036.png,0,masks/BCD_r0021_c0036.png,0.00000000
BCD_r0021_c0037,T1/BCD_r0021_c0037.png,T2/BCD_r0021_c0037.png,0,masks/BCD_r0021_c0037.png,0.00000000
BCD_r0021_c0038,T1/BCD_r0021_c0038.png,T2/BCD_r0021_c0038.png,0,masks/BCD_r0021_c0038.png,0.00000000
BCD_r0021_c0039,T1/BCD_r0021_c0039.png,T2/BCD_r0021_c0039.png,0,masks/BCD_r0021_c0039.png,0.00000000
BCD_r0021_c0040,T1/BCD_r0021_c0040.png,T2/BCD_r0021_c0040.png,0,masks/BCD_r0021_c0040.png,0.00000000
BCD_r0021_c0041,T1/BCD_r0021_c0041.png,T2/BCD_r0021_c0041.png,1,masks/BCD_r0021_c0041.png,0.01957111
BCD_r0021_c0042,T1/BCD_r0021_c0042.png,T2/BCD_r0021_c0042.png,0,masks/BCD_r0021_c0042.png,0.00000000
BCD_r0021_c0043,T1/BCD_r0021_c0043.png,T2/BCD_r0021_c0043.png,0,masks/BCD_r0021_c0043.png,0.00000000
BCD_r0021_c0044,T1/BCD_r0021_c0044.png,T2/BCD_r0021_c0044.png,0,masks/BCD_r0021_c0044.png,0.00000000
BCD_r0021_c0045,T1/BCD_r0021_c0045.png,T2/BCD_r0021_c0045.png,0,masks/BCD_r0021_c0045.png,0.00000000
BCD_r0021_c0046,T1/BCD_r0021_c0046.png,T2/BCD_r0021_c0046.png,0,masks/BCD_r0021_c0046.png,0.00000000
BCD_r0021_c0047,T1/BCD_r0021_c0047.png,T2/BCD_r0021_c0047.png,1,masks/BCD_r0021_c0047.png,0.00111607
BCD_r0021_c0048,T1/BCD_r0021_c0048.png,T2/BCD_r0021_c0048.png,0,masks/BCD_r0021_c0048.png,0.00000000
BCD_r0021_c0049,T1/BCD_r0021_c0049.png,T2/BCD_r0021_c0049.png,0,masks/BCD_r0021_c0049.png,0.00000000
BCD_r0021_c0050,T1/BCD_r0021_c0050.png,T2/BCD_r0021_c0050.png,0,masks/BCD_r0021_c0050.png,0.00000000
BCD_r0021_c0051,T1/BCD_r0021_c0051.png,T2/BCD_r0021_c0051.png,0,masks/BCD_r0021_c0051.png,0.00000000
BCD_r0021_c0052,T1/BCD_r0021_c0052.png,T2/BCD_r0021_c0052.png,0,masks/BCD_r0021_c0052.png,0.00000000
BCD_r0021_c0053,T1/BCD_r0021_c0053.png,T2/BCD_r0021_c0053.png,0,masks/BCD_r0021_c0053.png,0.00000000
BCD_r0021_c0054,T1/BCD_r0021_c0054.png,T2/BCD_r0021_c0054.png,0,masks/BCD_r0021_c0054.png,0.00000000
BCD_r0021_c0055,T1/BCD_r0021_c0055.png,T2/BCD_r0021_c0055.png,0,masks/BCD_r0021_c0055.png,0.00000000
BCD_r0021_c0056,T1/BCD_r0021_c0056.png,T2/BCD_r0021_c0056.png,1,masks/BCD_r0021_c0056.png,0.01279496
BCD_r0021_c0057,T1/BCD_r0021_c0057.png,T2/BCD_r0021_c0057.png,1,masks/BCD_r0021_c0057.png,0.22371253
BCD_r0021_c0058,T1/BCD_r0021_c0058.png,T2/BCD_r0021_c0058.png,1,masks/BCD_r0021_c0058.png,0.12282765
BCD_r0021_c0059,T1/BCD_r0021_c0059.png,T2/BCD_r0021_c0059.png,0,masks/BCD_r0021_c0059.png,0.00000000
BCD_r0021_c0060,T1/BCD_r0021_c0060.png,T2/BCD_r0021_c0060.png,0,masks/BCD_r0021_c0060.png,0.00000000
BCD_r0021_c0061,T1/BCD_r0021_c0061.png,T2/BCD_r0021_c0061.png,0,masks/BCD_r0021_c0061.png,0.00000000
BCD_r0021_c0062,T1/BCD_r0021_c0062.png,T2/BCD_r0021_c0062.png,0,masks/BCD_r0021_c0062.png,0.00000000
BCD_r0021_c0063,T1/BCD_r0021_c0063.png,T2/BCD_r0021_c0063.png,0,masks/BCD_r0021_c0063.png,0.00000000
BCD_r0021_c0064,T1/BCD_r0021_c0064.png,T2/BCD_r0021_c0064.png,0,masks/BCD_r0021_c0064.png,0.00000000
BCD_r0021_c0065,T1/BCD_r0021_c0065.png,T2/BCD_r0021_c0065.png,0,masks/BCD_r0021_c0065.png,0.00000000
BCD_r0021_c0066,T1/BCD_r0021_c0066.png,T2/BCD_r0021_c0066.png,0,masks/BCD_r0021_c0066.png,0.00000000
BCD_r0021_c0067,T1/BCD_r0021_c0067.png,T2/BCD_r0021_c0067.png,0,masks/BCD_r0021_c0067.png,0.00000000
BCD_r0021_c0068,T1/BCD_r0021_c0068.png,T2/BCD_r0021_c0068.png,0,masks/BCD_r0021_c0068.png,0.00000000
BCD_r0021_c0069,T1/BCD_r0021_c0069.png,T2/BCD_r0021_c0069.png,0,masks/BCD_r0021_c0069.png,0.00000000
BCD_r0021_c0070,T1/BCD_r0021_c0070.png,T2/BCD_r0021_c0070.png,0,masks/BCD_r0021_c0070.png,0.00000000
BCD_r0021_c0071,T1/BCD_r0021_c0071.png,T2/BCD_r0021_c0071.png,0,masks/BCD_r0021_c0071.png,0.00000000
BCD_r0021_c0072,T1/BCD_r0021_c0072.png,T2/BCD_r0021_c0072.png,0,masks/BCD_r0021_c0072.png,0.00000000
BCD_r0021_c0073,T1/BCD_r0021_c0073.png,T2/BCD_r0021_c0073.png,0,masks/BCD_r0021_c0073.png,0.00000000
BCD_r0021_c0074,T1/BCD_r0021_c0074.png,T2/BCD_r0021_c0074.png,0,masks/BCD_r0021_c0074.png,0.00000000
BCD_r0021_c0075,T1/BCD_r0021_c0075.png,T2/BCD_r0021_c0075.png,0,masks/BCD_r0021_c0075.png,0.00000000
BCD_r0021_c0076,T1/BCD_r0021_c0076.png,T2/BCD_r0021_c0076.png,0,masks/BCD_r0021_c0076.png,0.00000000
BCD_r0021_c0077,T1/BCD_r0021_c0077.png,T2/BCD_r0021_c0077.png,0,masks/BCD_r0021_c0077.png,0.00000000
BCD_r0021_c0078,T1/BCD_r0021_c0078.png,T2/BCD_r0021_c0078.png,0,masks/BCD_r0021_c0078.png,0.00000000
BCD_r0021_c0079,T1/BCD_r0021_c0079.png,T2/BCD_r0021_c0079.png,0,masks/BCD_r0021_c0079.png,0.00000000
BCD_r0021_c0080,T1/BCD_r0021_c0080.png,T2/BCD_r0021_c0080.png,0,masks/BCD_r0021_c0080.png,0.00000000
BCD_r0021_c0081,T1/BCD_r0021_c0081.png,T2/BCD_r0021_c0081.png,0,masks/BCD_r0021_c0081.png,0.00000000
BCD_r0021_c0082,T1/BCD_r0021_c0082.png,T2/BCD_r0021_c0082.png,0,masks/BCD_r0021_c0082.png,0.00000000
BCD_r0021_c0083,T1/BCD_r0021_c0083.png,T2/BCD_r0021_c0083.png,0,masks/BCD_r0021_c0083.png,0.00000000
BCD_r0021_c0084,T1/BCD_r0021_c0084.png,T2/BCD_r0021_c0084.png,0,masks/BCD_r0021_c0084.png,0.00000000
BCD_r0021_c0085,T1/BCD_r0021_c0085.png,T2/BCD_r0021_c0085.png,0,masks/BCD_r0021_c0085.png,0.00000000
BCD_r0021_c0086,T1/BCD_r0021_c0086.png,T2/BCD_r0021_c0086.png,0,masks/BCD_r0021_c0086.png,0.00000000
BCD_r0021_c0087,T1/BCD_r0021_c0087.png,T2/BCD_r0021_c0087.png,0,masks/BCD_r0021_c0087.png,0.00000000
BCD_r0021_c0088,T1/BCD_r0021_c0088.png,T2/BCD_r0021_c0088.png,1,masks/BCD_r0021_c0088.png,0.17045998
BCD_r0021_c0089,T1/BCD_r0021_c0089.png,T2/BCD_r0021_c0089.png,0,masks/BCD_r0021_c0089.png,0.00000000
BCD_r0021_c0090,T1/BCD_r0021_c0090.png,T2/BCD_r0021_c0090.png,0,masks/BCD_r0021_c0090.png,0.00000000
BCD_r0021_c0091,T1/BCD_r0021_c0091.png,T2/BCD_r0021_c0091.png,0,masks/BCD_r0021_c0091.png,0.00000000
BCD_r0021_c0092,T1/BCD_r0021_c0092.png,T2/BCD_r0021_c0092.png,0,masks/BCD_r0021_c0092.png,0.00000000
BCD_r0021_c0093,T1/BCD_r0021_c0093.png,T2/BCD_r0021_c0093.png,1,masks/BCD_r0021_c0093.png,0.03164860
BCD_r0021_c0094,T1/BCD_r0021_c0094.png,T2/BCD_r0021_c0094.png,0,masks/BCD_r0021_c0094.png,0.00000000
BCD_r0021_c0095,T1/BCD_r0021_c0095.png,T2/BCD_r0021_c0095.png,0,masks/BCD_r0021_c0095.png,0.00000000
BCD_r0021_c0096,T1/BCD_r0021_c0096.png,T2/BCD_r0021_c0096.png,1,masks/BCD_r0021_c0096.png,0.33492108
BCD_r0021_c0097,T1/BCD_r0021_c0097.png,T2/BCD_r0021_c0097.png,1,masks/BCD_r0021_c0097.png,0.62222975
BCD_r0021_c0098,T1/BCD_r0021_c0098.png,T2/BCD_r0021_c0098.png,1,masks/BCD_r0021_c0098.png,0.01472816
BCD_r0021_c0099,T1/BCD_r0021_c0099.png,T2/BCD_r0021_c0099.png,0,masks/BCD_r0021_c0099.png,0.00000000
BCD_r0021_c0100,T1/BCD_r0021_c0100.png,T2/BCD_r0021_c0100.png,0,masks/BCD_r0021_c0100.png,0.00000000
BCD_r0021_c0101,T1/BCD_r0021_c0101.png,T2/BCD_r0021_c0101.png,0,masks/BCD_r0021_c0101.png,0.00000000
BCD_r0021_c0102,T1/BCD_r0021_c0102.png,T2/BCD_r0021_c0102.png,0,masks/BCD_r0021_c0102.png,0.00000000
BCD_r0021_c0103,T1/BCD_r0021_c0103.png,T2/BCD_r0021_c0103.png,0,masks/BCD_r0021_c0103.png,0.00000000
BCD_r0021_c0104,T1/BCD_r0021_c0104.png,T2/BCD_r0021_c0104.png,0,masks/BCD_r0021_c0104.png,0.00000000
BCD_r0021_c0105,T1/BCD_r0021_c0105.png,T2/BCD_r0021_c0105.png,0,masks/BCD_r0021_c0105.png,0.00000000
BCD_r0021_c0106,T1/BCD_r0021_c0106.png,T2/BCD_r0021_c0106.png,0,masks/BCD_r0021_c0106.png,0.00000000
BCD_r0021_c0107,T1/BCD_r0021_c0107.png,T2/BCD_r0021_c0107.png,0,masks/BCD_r0021_c0107.png,0.00000000
BCD_r0021_c0108,T1/BCD_r0021_c0108.png,T2/BCD_r0021_c0108.png,0,masks/BCD_r0021_c0108.png,0.00000000
BCD_r0021_c0109,T1/BCD_r0021_c0109.png,T2/BCD_r0021_c0109.png,0,masks/BCD_r0021_c0109.png,0.00000000
BCD_r0021_c0110,T1/BCD_r0021_c0110.png,T2/BCD_r0021_c0110.png,0,masks/BCD_r0021_c0110.png,0.00000000
BCD_r0021_c0111,T1/BCD_r0021_c0111.png,T2/BCD_r0021_c0111.png,0,masks/BCD_r0021_c0111.png,0.00000000
BCD_r0021_c0112,T1/BCD_r0021_c0112.png,T2/BCD_r0021_c0112.png,0,masks/BCD_r0021_c0112.png,0.00000000
BCD_r0021_c0113,T1/BCD_r0021_c0113.png,T2/BCD_r0021_c0113.png,0,masks/BCD_r0021_c0113.png,0.00000000
BCD_r0021_c0114,T1/BCD_r0021_c0114.png,T2/BCD_r0021_c0114.png,0,masks/BCD_r0021_c0114.png,0.00000000
BCD_r0021_c0115,T1/BCD_r0021_c0115.png,T2/BCD_r0021_c0115.png,0,masks/BCD_r0021_c0115.png,0.00000000
BCD_r0021_c0116,T1/BCD_r0021_c0116.png,T2/BCD_r0021_c0116.png,0,masks/BCD_r0021_c0116.png,0.00000000
BCD_r0021_c0117,T1/BCD_r0021_c0117.png,T2/BCD_r0021_c0117.png,0,masks/BCD_r0021_c0117.png,0.00000000
BCD_r0021_c0118,T1/BCD_r0021_c0118.png,T2/BCD_r0021_c0118.png,0,masks/BCD_r0021_c0118.png,0.00000000
BCD_r0021_c0119,T1/BCD_r0021_c0119.png,T2/BCD_r0021_c0119.png,0,masks/BCD_r0021_c0119.png,0.00000000
BCD_r0021_c0120,T1/BCD_r0021_c0120.png,T2/BCD_r0021_c0120.png,0,masks/BCD_r0021_c0120.png,0.00000000
BCD_r0021_c0121,T1/BCD_r0021_c0121.png,T2/BCD_r0021_c0121.png,0,masks/BCD_r0021_c0121.png,0.00000000
BCD_r0021_c0122,T1/BCD_r0021_c0122.png,T2/BCD_r0021_c0122.png,0,masks/BCD_r0021_c0122.png,0.00000000
BCD_r0021_c0123,T1/BCD_r0021_c0123.png,T2/BCD_r0021_c0123.png,0,masks/BCD_r0021_c0123.png,0.00000000
BCD_r0021_c0124,T1/BCD_r0021_c0124.png,T2/BCD_r0021_c0124.png,0,masks/BCD_r0021_c0124.png,0.00000000
BCD_r0021_c0125,T1/BCD_r0021_c0125.png,T2/BCD_r0021_c0125.png,0,masks/BCD_r0021_c0125.png,0.00000000
BCD_r0021_c0126,T1/BCD_r0021_c0126.png,T2/BCD_r0021_c0126.png,1,masks/BCD_r0021_c0126.png,0.03836496
BCD_r0021_c0127,T1/BCD_r0021_c0127.png,T2/BCD_r0021_c0127.png,0,masks/BCD_r0021_c0127.png,0.00000000
BCD_r0021_c0128,T1/BCD_r0021_c0128.png,T2/BCD_r0021_c0128.png,0,masks/BCD_r0021_c0128.png,0.00000000
BCD_r0021_c0129,T1/BCD_r0021_c0129.png,T2/BCD_r0021_c0129.png,0,masks/BCD_r0021_c0129.png,0.00000000
BCD_r0021_c0130,T1/BCD_r0021_c0130.png,T2/BCD_r0021_c0130.png,1,masks/BCD_r0021_c0130.png,0.02586894
BCD_r0021_c0131,T1/BCD_r0021_c0131.png,T2/BCD_r0021_c0131.png,0,masks/BCD_r0021_c0131.png,0.00000000
BCD_r0021_c0132,T1/BCD_r0021_c0132.png,T2/BCD_r0021_c0132.png,0,masks/BCD_r0021_c0132.png,0.00000000
BCD_r0021_c0133,T1/BCD_r0021_c0133.png,T2/BCD_r0021_c0133.png,0,masks/BCD_r0021_c0133.png,0.00000000
BCD_r0021_c0134,T1/BCD_r0021_c0134.png,T2/BCD_r0021_c0134.png,0,masks/BCD_r0021_c0134.png,0.00000000
BCD_r0021_c0135,T1/BCD_r0021_c0135.png,T2/BCD_r0021_c0135.png,0,masks/BCD_r0021_c0135.png,0.00000000
BCD_r0021_c0136,T1/BCD_r0021_c0136.png,T2/BCD_r0021_c0136.png,0,masks/BCD_r0021_c0136.png,0.00000000
BCD_r0021_c0137,T1/BCD_r0021_c0137.png,T2/BCD_r0021_c0137.png,0,masks/BCD_r0021_c0137.png,0.00000000
BCD_r0021_c0138,T1/BCD_r0021_c0138.png,T2/BCD_r0021_c0138.png,0,masks/BCD_r0021_c0138.png,0.00000000
BCD_r0021_c0139,T1/BCD_r0021_c0139.png,T2/BCD_r0021_c0139.png,0,masks/BCD_r0021_c0139.png,0.00000000
BCD_r0021_c0140,T1/BCD_r0021_c0140.png,T2/BCD_r0021_c0140.png,0,masks/BCD_r0021_c0140.png,0.00000000
BCD_r0021_c0141,T1/BCD_r0021_c0141.png,T2/BCD_r0021_c0141.png,0,masks/BCD_r0021_c0141.png,0.00000000
BCD_r0021_c0142,T1/BCD_r0021_c0142.png,T2/BCD_r0021_c0142.png,0,masks/BCD_r0021_c0142.png,0.00000000
BCD_r0021_c0143,T1/BCD_r0021_c0143.png,T2/BCD_r0021_c0143.png,0,masks/BCD_r0021_c0143.png,0.00000000
BCD_r0021_c0144,T1/BCD_r0021_c0144.png,T2/BCD_r0021_c0144.png,0,masks/BCD_r0021_c0144.png,0.00000000
BCD_r0022_c0000,T1/BCD_r0022_c0000.png,T2/BCD_r0022_c0000.png,0,masks/BCD_r0022_c0000.png,0.00000000
BCD_r0022_c0001,T1/BCD_r0022_c0001.png,T2/BCD_r0022_c0001.png,1,masks/BCD_r0022_c0001.png,0.05554448
BCD_r0022_c0002,T1/BCD_r0022_c0002.png,T2/BCD_r0022_c0002.png,0,masks/BCD_r0022_c0002.png,0.00000000
BCD_r0022_c0003,T1/BCD_r0022_c0003.png,T2/BCD_r0022_c0003.png,1,masks/BCD_r0022_c0003.png,0.24332350
BCD_r0022_c0004,T1/BCD_r0022_c0004.png,T2/BCD_r0022_c0004.png,1,masks/BCD_r0022_c0004.png,0.14110332
BCD_r0022_c0005,T1/BCD_r0022_c0005.png,T2/BCD_r0022_c0005.png,0,masks/BCD_r0022_c0005.png,0.00000000
BCD_r0022_c0006,T1/BCD_r0022_c0006.png,T2/BCD_r0022_c0006.png,0,masks/BCD_r0022_c0006.png,0.00000000
BCD_r0022_c0007,T1/BCD_r0022_c0007.png,T2/BCD_r0022_c0007.png,0,masks/BCD_r0022_c0007.png,0.00000000
BCD_r0022_c0008,T1/BCD_r0022_c0008.png,T2/BCD_r0022_c0008.png,0,masks/BCD_r0022_c0008.png,0.00000000
BCD_r0022_c0009,T1/BCD_r0022_c0009.png,T2/BCD_r0022_c0009.png,0,masks/BCD_r0022_c0009.png,0.00000000
BCD_r0022_c0010,T1/BCD_r0022_c0010.png,T2/BCD_r0022_c0010.png,0,masks/BCD_r0022_c0010.png,0.00000000
BCD_r0022_c0011,T1/BCD_r0022_c0011.png,T2/BCD_r0022_c0011.png,0,masks/BCD_r0022_c0011.png,0.00000000
BCD_r0022_c0012,T1/BCD_r0022_c0012.png,T2/BCD_r0022_c0012.png,0,masks/BCD_r0022_c0012.png,0.00000000
BCD_r0022_c0013,T1/BCD_r0022_c0013.png,T2/BCD_r0022_c0013.png,0,masks/BCD_r0022_c0013.png,0.00000000
BCD_r0022_c0014,T1/BCD_r0022_c0014.png,T2/BCD_r0022_c0014.png,0,masks/BCD_r0022_c0014.png,0.00000000
BCD_r0022_c0015,T1/BCD_r0022_c0015.png,T2/BCD_r0022_c0015.png,0,masks/BCD_r0022_c0015.png,0.00000000
BCD_r0022_c0016,T1/BCD_r0022_c0016.png,T2/BCD_r0022_c0016.png,1,masks/BCD_r0022_c0016.png,0.04039780
BCD_r0022_c0017,T1/BCD_r0022_c0017.png,T2/BCD_r0022_c0017.png,0,masks/BCD_r0022_c0017.png,0.00000000
BCD_r0022_c0018,T1/BCD_r0022_c0018.png,T2/BCD_r0022_c0018.png,0,masks/BCD_r0022_c0018.png,0.00000000
BCD_r0022_c0019,T1/BCD_r0022_c0019.png,T2/BCD_r0022_c0019.png,0,masks/BCD_r0022_c0019.png,0.00000000
BCD_r0022_c0020,T1/BCD_r0022_c0020.png,T2/BCD_r0022_c0020.png,0,masks/BCD_r0022_c0020.png,0.00000000
BCD_r0022_c0021,T1/BCD_r0022_c0021.png,T2/BCD_r0022_c0021.png,0,masks/BCD_r0022_c0021.png,0.00000000
BCD_r0022_c0022,T1/BCD_r0022_c0022.png,T2/BCD_r0022_c0022.png,0,masks/BCD_r0022_c0022.png,0.00000000
BCD_r0022_c0023,T1/BCD_r0022_c0023.png,T2/BCD_r0022_c0023.png,0,masks/BCD_r0022_c0023.png,0.00000000
BCD_r0022_c0024,T1/BCD_r0022_c0024.png,T2/BCD_r0022_c0024.png,0,masks/BCD_r0022_c0024.png,0.00000000
BCD_r0022_c0025,T1/BCD_r0022_c0025.png,T2/BCD_r0022_c0025.png,0,masks/BCD_r0022_c0025.png,0.00000000
BCD_r0022_c0026,T1/BCD_r0022_c0026.png,T2/BCD_r0022_c0026.png,0,masks/BCD_r0022_c0026.png,0.00000000
BCD_r0022_c0027,T1/BCD_r0022_c0027.png,T2/BCD_r0022_c0027.png,0,masks/BCD_r0022_c0027.png,0.00000000
BCD_r0022_c0028,T1/BCD_r0022_c0028.png,T2/BCD_r0022_c0028.png,0,masks/BCD_r0022_c0028.png,0.00000000
BCD_r0022_c0029,T1/BCD_r0022_c0029.png,T2/BCD_r0022_c0029.png,1,masks/BCD_r0022_c0029.png,0.02032844
BCD_r0022_c0030,T1/BCD_r0022_c0030.png,T2/BCD_r0022_c0030.png,0,masks/BCD_r0022_c0030.png,0.00000000
BCD_r0022_c0031,T1/BCD_r0022_c0031.png,T2/BCD_r0022_c0031.png,0,masks/BCD_r0022_c0031.png,0.00000000
BCD_r0022_c0032,T1/BCD_r0022_c0032.png,T2/BCD_r0022_c0032.png,0,masks/BCD_r0022_c0032.png,0.00000000
BCD_r0022_c0033,T1/BCD_r0022_c0033.png,T2/BCD_r0022_c0033.png,0,masks/BCD_r0022_c0033.png,0.00000000
BCD_r0022_c0034,T1/BCD_r0022_c0034.png,T2/BCD_r0022_c0034.png,0,masks/BCD_r0022_c0034.png,0.00000000
BCD_r0022_c0035,T1/BCD_r0022_c0035.png,T2/BCD_r0022_c0035.png,0,masks/BCD_r0022_c0035.png,0.00000000
BCD_r0022_c0036,T1/BCD_r0022_c0036.png,T2/BCD_r0022_c0036.png,0,masks/BCD_r0022_c0036.png,0.00000000
BCD_r0022_c0037,T1/BCD_r0022_c0037.png,T2/BCD_r0022_c0037.png,0,masks/BCD_r0022_c0037.png,0.00000000
BCD_r0022_c0038,T1/BCD_r0022_c0038.png,T2/BCD_r0022_c0038.png,0,masks/BCD_r0022_c0038.png,0.00000000
BCD_r0022_c0039,T1/BCD_r0022_c0039.png,T2/BCD_r0022_c0039.png,1,masks/BCD_r0022_c0039.png,0.07950016
BCD_r0022_c0040,T1/BCD_r0022_c0040.png,T2/BCD_r0022_c0040.png,0,masks/BCD_r0022_c0040.png,0.00000000
BCD_r0022_c0041,T1/BCD_r0022_c0041.png,T2/BCD_r0022_c0041.png,0,masks/BCD_r0022_c0041.png,0.00000000
BCD_r0022_c0042,T1/BCD_r0022_c0042.png,T2/BCD_r0022_c0042.png,0,masks/BCD_r0022_c0042.png,0.00000000
BCD_r0022_c0043,T1/BCD_r0022_c0043.png,T2/BCD_r0022_c0043.png,0,masks/BCD_r0022_c0043.png,0.00000000
BCD_r0022_c0044,T1/BCD_r0022_c0044.png,T2/BCD_r0022_c0044.png,0,masks/BCD_r0022_c0044.png,0.00000000
BCD_r0022_c0045,T1/BCD_r0022_c0045.png,T2/BCD_r0022_c0045.png,0,masks/BCD_r0022_c0045.png,0.00000000
BCD_r0022_c0046,T1/BCD_r0022_c0046.png,T2/BCD_r0022_c0046.png,0,masks/BCD_r0022_c0046.png,0.00000000
BCD_r0022_c0047,T1/BCD_r0022_c0047.png,T2/BCD_r0022_c0047.png,0,masks/BCD_r0022_c0047.png,0.00000000
BCD_r0022_c0048,T1/BCD_r0022_c0048.png,T2/BCD_r0022_c0048.png,0,masks/BCD_r0022_c0048.png,0.00000000
BCD_r0022_c0049,T1/BCD_r0022_c0049.png,T2/BCD_r0022_c0049.png,0,masks/BCD_r0022_c0049.png,0.00000000
BCD_r0022_c0050,T1/BCD_r0022_c0050.png,T2/BCD_r0022_c0050.png,0,masks/BCD_r0022_c0050.png,0.00000000
BCD_r0022_c0051,T1/BCD_r0022_c0051.png,T2/BCD_r0022_c0051.png,0,masks/BCD_r0022_c0051.png,0.00000000
BCD_r0022_c0052,T1/BCD_r0022_c0052.png,T2/BCD_r0022_c0052.png,1,masks/BCD_r0022_c0052.png,0.07449777
BCD_r0022_c0053,T1/BCD_r0022_c0053.png,T2/BCD_r0022_c0053.png,1,masks/BCD_r0022_c0053.png,0.01574458
BCD_r0022_c0054,T1/BCD_r0022_c0054.png,T2/BCD_r0022_c0054.png,0,masks/BCD_r0022_c0054.png,0.00000000
BCD_r0022_c0055,T1/BCD_r0022_c0055.png,T2/BCD_r0022_c0055.png,0,masks/BCD_r0022_c0055.png,0.00000000
BCD_r0022_c0056,T1/BCD_r0022_c0056.png,T2/BCD_r0022_c0056.png,0,masks/BCD_r0022_c0056.png,0.00000000
BCD_r0022_c0057,T1/BCD_r0022_c0057.png,T2/BCD_r0022_c0057.png,0,masks/BCD_r0022_c0057.png,0.00000000
BCD_r0022_c0058,T1/BCD_r0022_c0058.png,T2/BCD_r0022_c0058.png,0,masks/BCD_r0022_c0058.png,0.00000000
BCD_r0022_c0059,T1/BCD_r0022_c0059.png,T2/BCD_r0022_c0059.png,0,masks/BCD_r0022_c0059.png,0.00000000
BCD_r0022_c0060,T1/BCD_r0022_c0060.png,T2/BCD_r0022_c0060.png,1,masks/BCD_r0022_c0060.png,0.01106107
BCD_r0022_c0061,T1/BCD_r0022_c0061.png,T2/BCD_r0022_c0061.png,0,masks/BCD_r0022_c0061.png,0.00000000
BCD_r0022_c0062,T1/BCD_r0022_c0062.png,T2/BCD_r0022_c0062.png,0,masks/BCD_r0022_c0062.png,0.00000000
BCD_r0022_c0063,T1/BCD_r0022_c0063.png,T2/BCD_r0022_c0063.png,0,masks/BCD_r0022_c0063.png,0.00000000
BCD_r0022_c0064,T1/BCD_r0022_c0064.png,T2/BCD_r0022_c0064.png,0,masks/BCD_r0022_c0064.png,0.00000000
BCD_r0022_c0065,T1/BCD_r0022_c0065.png,T2/BCD_r0022_c0065.png,0,masks/BCD_r0022_c0065.png,0.00000000
BCD_r0022_c0066,T1/BCD_r0022_c0066.png,T2/BCD_r0022_c0066.png,0,masks/BCD_r0022_c0066.png,0.00000000
BCD_r0022_c0067,T1/BCD_r0022_c0067.png,T2/BCD_r0022_c0067.png,0,masks/BCD_r0022_c0067.png,0.00000000
BCD_r0022_c0068,T1/BCD_r0022_c0068.png,T2/BCD_r0022_c0068.png,0,masks/BCD_r0022_c0068.png,0.00000000
BCD_r0022_c0069,T1/BCD_r0022_c0069.png,T2/BCD_r0022_c0069.png,0,masks/BCD_r0022_c0069.png,0.00000000
BCD_r0022_c0070,T1/BCD_r0022_c0070.png,T2/BCD_r0022_c0070.png,0,masks/BCD_r0022_c0070.png,0.00000000
BCD_r0022_c0071,T1/BCD_r0022_c0071.png,T2/BCD_r0022_c0071.png,0,masks/BCD_r0022_c0071.png,0.00000000
BCD_r0022_c0072,T1/BCD_r0022_c0072.png,T2/BCD_r0022_c0072.png,0,masks/BCD_r0022_c0072.png,0.00000000
BCD_r0022_c0073,T1/BCD_r0022_c0073.png,T2/BCD_r0022_c0073.png,0,masks/BCD_r0022_c0073.png,0.00000000
BCD_r0022_c0074,T1/BCD_r0022_c0074.png,T2/BCD_r0022_c0074.png,1,masks/BCD_r0022_c0074.png,0.39622529
BCD_r0022_c0075,T1/BCD_r0022_c0075.png,T2/BCD_r0022_c0075.png,1,masks/BCD_r0022_c0075.png,0.00852997
BCD_r0022_c0076,T1/BCD_r0022_c0076.png,T2/BCD_r0022_c0076.png,0,masks/BCD_r0022_c0076.png,0.00000000
BCD_r0022_c0077,T1/BCD_r0022_c0077.png,T2/BCD_r0022_c0077.png,0,masks/BCD_r0022_c0077.png,0.00000000
BCD_r0022_c0078,T1/BCD_r0022_c0078.png,T2/BCD_r0022_c0078.png,0,masks/BCD_r0022_c0078.png,0.00000000
BCD_r0022_c0079,T1/BCD_r0022_c0079.png,T2/BCD_r0022_c0079.png,0,masks/BCD_r0022_c0079.png,0.00000000
BCD_r0022_c0080,T1/BCD_r0022_c0080.png,T2/BCD_r0022_c0080.png,0,masks/BCD_r0022_c0080.png,0.00000000
BCD_r0022_c0081,T1/BCD_r0022_c0081.png,T2/BCD_r0022_c0081.png,0,masks/BCD_r0022_c0081.png,0.00000000
BCD_r0022_c0082,T1/BCD_r0022_c0082.png,T2/BCD_r0022_c0082.png,0,masks/BCD_r0022_c0082.png,0.00000000
BCD_r0022_c0083,T1/BCD_r0022_c0083.png,T2/BCD_r0022_c0083.png,0,masks/BCD_r0022_c0083.png,0.00000000
BCD_r0022_c0084,T1/BCD_r0022_c0084.png,T2/BCD_r0022_c0084.png,0,masks/BCD_r0022_c0084.png,0.00000000
BCD_r0022_c0085,T1/BCD_r0022_c0085.png,T2/BCD_r0022_c0085.png,0,masks/BCD_r0022_c0085.png,0.00000000
BCD_r0022_c0086,T1/BCD_r0022_c0086.png,T2/BCD_r0022_c0086.png,0,masks/BCD_r0022_c0086.png,0.00000000
BCD_r0022_c0087,T1/BCD_r0022_c0087.png,T2/BCD_r0022_c0087.png,0,masks/BCD_r0022_c0087.png,0.00000000
BCD_r0022_c0088,T1/BCD_r0022_c0088.png,T2/BCD_r0022_c0088.png,1,masks/BCD_r0022_c0088.png,0.34414860
BCD_r0022_c0089,T1/BCD_r0022_c0089.png,T2/BCD_r0022_c0089.png,1,masks/BCD_r0022_c0089.png,0.19367825
BCD_r0022_c0090,T1/BCD_r0022_c0090.png,T2/BCD_r0022_c0090.png,0,masks/BCD_r0022_c0090.png,0.00000000
BCD_r0022_c0091,T1/BCD_r0022_c0091.png,T2/BCD_r0022_c0091.png,0,masks/BCD_r0022_c0091.png,0.00000000
BCD_r0022_c0092,T1/BCD_r0022_c0092.png,T2/BCD_r0022_c0092.png,0,masks/BCD_r0022_c0092.png,0.00000000
BCD_r0022_c0093,T1/BCD_r0022_c0093.png,T2/BCD_r0022_c0093.png,1,masks/BCD_r0022_c0093.png,0.00661671
BCD_r0022_c0094,T1/BCD_r0022_c0094.png,T2/BCD_r0022_c0094.png,0,masks/BCD_r0022_c0094.png,0.00000000
BCD_r0022_c0095,T1/BCD_r0022_c0095.png,T2/BCD_r0022_c0095.png,0,masks/BCD_r0022_c0095.png,0.00000000
BCD_r0022_c0096,T1/BCD_r0022_c0096.png,T2/BCD_r0022_c0096.png,1,masks/BCD_r0022_c0096.png,0.47925303
BCD_r0022_c0097,T1/BCD_r0022_c0097.png,T2/BCD_r0022_c0097.png,1,masks/BCD_r0022_c0097.png,0.90525351
BCD_r0022_c0098,T1/BCD_r0022_c0098.png,T2/BCD_r0022_c0098.png,1,masks/BCD_r0022_c0098.png,0.17233339
BCD_r0022_c0099,T1/BCD_r0022_c0099.png,T2/BCD_r0022_c0099.png,0,masks/BCD_r0022_c0099.png,0.00000000
BCD_r0022_c0100,T1/BCD_r0022_c0100.png,T2/BCD_r0022_c0100.png,0,masks/BCD_r0022_c0100.png,0.00000000
BCD_r0022_c0101,T1/BCD_r0022_c0101.png,T2/BCD_r0022_c0101.png,0,masks/BCD_r0022_c0101.png,0.00000000
BCD_r0022_c0102,T1/BCD_r0022_c0102.png,T2/BCD_r0022_c0102.png,0,masks/BCD_r0022_c0102.png,0.00000000
BCD_r0022_c0103,T1/BCD_r0022_c0103.png,T2/BCD_r0022_c0103.png,0,masks/BCD_r0022_c0103.png,0.00000000
BCD_r0022_c0104,T1/BCD_r0022_c0104.png,T2/BCD_r0022_c0104.png,0,masks/BCD_r0022_c0104.png,0.00000000
BCD_r0022_c0105,T1/BCD_r0022_c0105.png,T2/BCD_r0022_c0105.png,0,masks/BCD_r0022_c0105.png,0.00000000
BCD_r0022_c0106,T1/BCD_r0022_c0106.png,T2/BCD_r0022_c0106.png,0,masks/BCD_r0022_c0106.png,0.00000000
BCD_r0022_c0107,T1/BCD_r0022_c0107.png,T2/BCD_r0022_c0107.png,0,masks/BCD_r0022_c0107.png,0.00000000
BCD_r0022_c0108,T1/BCD_r0022_c0108.png,T2/BCD_r0022_c0108.png,0,masks/BCD_r0022_c0108.png,0.00000000
BCD_r0022_c0109,T1/BCD_r0022_c0109.png,T2/BCD_r0022_c0109.png,0,masks/BCD_r0022_c0109.png,0.00000000
BCD_r0022_c0110,T1/BCD_r0022_c0110.png,T2/BCD_r0022_c0110.png,0,masks/BCD_r0022_c0110.png,0.00000000
BCD_r0022_c0111,T1/BCD_r0022_c0111.png,T2/BCD_r0022_c0111.png,0,masks/BCD_r0022_c0111.png,0.00000000
BCD_r0022_c0112,T1/BCD_r0022_c0112.png,T2/BCD_r0022_c0112.png,0,masks/BCD_r0022_c0112.png,0.00000000
BCD_r0022_c0113,T1/BCD_r0022_c0113.png,T2/BCD_r0022_c0113.png,0,masks/BCD_r0022_c0113.png,0.00000000
BCD_r0022_c0114,T1/BCD_r0022_c0114.png,T2/BCD_r0022_c0114.png,0,masks/BCD_r0022_c0114.png,0.00000000
BCD_r0022_c0115,T1/BCD_r0022_c0115.png,T2/BCD_r0022_c0115.png,0,masks/BCD_r0022_c0115.png,0.00000000
BCD_r0022_c0116,T1/BCD_r0022_c0116.png,T2/BCD_r0022_c0116.png,0,masks/BCD_r0022_c0116.png,0.00000000
BCD_r0022_c0117,T1/BCD_r0022_c0117.png,T2/BCD_r0022_c0117.png,0,masks/BCD_r0022_c0117.png,0.00000000
BCD_r0022_c0118,T1/BCD_r0022_c0118.png,T2/BCD_r0022_c0118.png,0,masks/BCD_r0022_c0118.png,0.00000000
BCD_r0022_c0119,T1/BCD_r0022_c0119.png,T2/BCD_r0022_c0119.png,0,masks/BCD_r0022_c0119.png,0.00000000
BCD_r0022_c0120,T1/BCD_r0022_c0120.png,T2/BCD_r0022_c0120.png,0,masks/BCD_r0022_c0120.png,0.00000000
BCD_r0022_c0121,T1/BCD_r0022_c0121.png,T2/BCD_r0022_c0121.png,0,masks/BCD_r0022_c0121.png,0.00000000
BCD_r0022_c0122,T1/BCD_r0022_c0122.png,T2/BCD_r0022_c0122.png,0,masks/BCD_r0022_c0122.png,0.00000000
BCD_r0022_c0123,T1/BCD_r0022_c0123.png,T2/BCD_r0022_c0123.png,0,masks/BCD_r0022_c0123.png,0.00000000
BCD_r0022_c0124,T1/BCD_r0022_c0124.png,T2/BCD_r0022_c0124.png,0,masks/BCD_r0022_c0124.png,0.00000000
BCD_r0022_c0125,T1/BCD_r0022_c0125.png,T2/BCD_r0022_c0125.png,0,masks/BCD_r0022_c0125.png,0.00000000
BCD_r0022_c0126,T1/BCD_r0022_c0126.png,T2/BCD_r0022_c0126.png,0,masks/BCD_r0022_c0126.png,0.00000000
BCD_r0022_c0127,T1/BCD_r0022_c0127.png,T2/BCD_r0022_c0127.png,0,masks/BCD_r0022_c0127.png,0.00000000
BCD_r0022_c0128,T1/BCD_r0022_c0128.png,T2/BCD_r0022_c0128.png,0,masks/BCD_r0022_c0128.png,0.00000000
BCD_r0022_c0129,T1/BCD_r0022_c0129.png,T2/BCD_r0022_c0129.png,0,masks/BCD_r0022_c0129.png,0.00000000
BCD_r0022_c0130,T1/BCD_r0022_c0130.png,T2/BCD_r0022_c0130.png,0,masks/BCD_r0022_c0130.png,0.00000000
BCD_r0022_c0131,T1/BCD_r0022_c0131.png,T2/BCD_r0022_c0131.png,0,masks/BCD_r0022_c0131.png,0.00000000
BCD_r0022_c0132,T1/BCD_r0022_c0132.png,T2/BCD_r0022_c0132.png,0,masks/BCD_r0022_c0132.png,0.00000000
BCD_r0022_c0133,T1/BCD_r0022_c0133.png,T2/BCD_r0022_c0133.png,0,masks/BCD_r0022_c0133.png,0.00000000
BCD_r0022_c0134,T1/BCD_r0022_c0134.png,T2/BCD_r0022_c0134.png,0,masks/BCD_r0022_c0134.png,0.00000000
BCD_r0022_c0135,T1/BCD_r0022_c0135.png,T2/BCD_r0022_c0135.png,0,masks/BCD_r0022_c0135.png,0.00000000
BCD_r0022_c0136,T1/BCD_r0022_c0136.png,T2/BCD_r0022_c0136.png,0,masks/BCD_r0022_c0136.png,0.00000000
BCD_r0022_c0137,T1/BCD_r0022_c0137.png,T2/BCD_r0022_c0137.png,0,masks/BCD_r0022_c0137.png,0.00000000
BCD_r0022_c0138,T1/BCD_r0022_c0138.png,T2/BCD_r0022_c0138.png,0,masks/BCD_r0022_c0138.png,0.00000000
BCD_r0022_c0139,T1/BCD_r0022_c0139.png,T2/BCD_r0022_c0139.png,0,masks/BCD_r0022_c0139.png,0.00000000
BCD_r0022_c0140,T1/BCD_r0022_c0140.png,T2/BCD_r0022_c0140.png,0,masks/BCD_r0022_c0140.png,0.00000000
BCD_r0022_c0141,T1/BCD_r0022_c0141.png,T2/BCD_r0022_c0141.png,0,masks/BCD_r0022_c0141.png,0.00000000
BCD_r0022_c0142,T1/BCD_r0022_c0142.png,T2/BCD_r0022_c0142.png,0,masks/BCD_r0022_c0142.png,0.00000000
BCD_r0022_c0143,T1/BCD_r0022_c0143.png,T2/BCD_r0022_c0143.png,0,masks/BCD_r0022_c0143.png,0.00000000
BCD_r0022_c0144,T1/BCD_r0022_c0144.png,T2/BCD_r0022_c0144.png,0,masks/BCD_r0022_c0144.png,0.00000000
BCD_r0023_c0000,T1/BCD_r0023_c0000.png,T2/BCD_r0023_c0000.png,0,masks/BCD_r0023_c0000.png,0.00000000
BCD_r0023_c0001,T1/BCD_r0023_c0001.png,T2/BCD_r0023_c0001.png,0,masks/BCD_r0023_c0001.png,0.00000000
BCD_r0023_c0002,T1/BCD_r0023_c0002.png,T2/BCD_r0023_c0002.png,0,masks/BCD_r0023_c0002.png,0.00000000
BCD_r0023_c0003,T1/BCD_r0023_c0003.png,T2/BCD_r0023_c0003.png,0,masks/BCD_r0023_c0003.png,0.00000000
BCD_r0023_c0004,T1/BCD_r0023_c0004.png,T2/BCD_r0023_c0004.png,0,masks/BCD_r0023_c0004.png,0.00000000
BCD_r0023_c0005,T1/BCD_r0023_c0005.png,T2/BCD_r0023_c0005.png,0,masks/BCD_r0023_c0005.png,0.00000000
BCD_r0023_c0006,T1/BCD_r0023_c0006.png,T2/BCD_r0023_c0006.png,0,masks/BCD_r0023_c0006.png,0.00000000
BCD_r0023_c0007,T1/BCD_r0023_c0007.png,T2/BCD_r0023_c0007.png,0,masks/BCD_r0023_c0007.png,0.00000000
BCD_r0023_c0008,T1/BCD_r0023_c0008.png,T2/BCD_r0023_c0008.png,0,masks/BCD_r0023_c0008.png,0.00000000
BCD_r0023_c0009,T1/BCD_r0023_c0009.png,T2/BCD_r0023_c0009.png,0,masks/BCD_r0023_c0009.png,0.00000000
BCD_r0023_c0010,T1/BCD_r0023_c0010.png,T2/BCD_r0023_c0010.png,0,masks/BCD_r0023_c0010.png,0.00000000
BCD_r0023_c0011,T1/BCD_r0023_c0011.png,T2/BCD_r0023_c0011.png,0,masks/BCD_r0023_c0011.png,0.00000000
BCD_r0023_c0012,T1/BCD_r0023_c0012.png,T2/BCD_r0023_c0012.png,0,masks/BCD_r0023_c0012.png,0.00000000
BCD_r0023_c0013,T1/BCD_r0023_c0013.png,T2/BCD_r0023_c0013.png,0,masks/BCD_r0023_c0013.png,0.00000000
BCD_r0023_c0014,T1/BCD_r0023_c0014.png,T2/BCD_r0023_c0014.png,0,masks/BCD_r0023_c0014.png,0.00000000
BCD_r0023_c0015,T1/BCD_r0023_c0015.png,T2/BCD_r0023_c0015.png,0,masks/BCD_r0023_c0015.png,0.00000000
BCD_r0023_c0016,T1/BCD_r0023_c0016.png,T2/BCD_r0023_c0016.png,0,masks/BCD_r0023_c0016.png,0.00000000
BCD_r0023_c0017,T1/BCD_r0023_c0017.png,T2/BCD_r0023_c0017.png,0,masks/BCD_r0023_c0017.png,0.00000000
BCD_r0023_c0018,T1/BCD_r0023_c0018.png,T2/BCD_r0023_c0018.png,0,masks/BCD_r0023_c0018.png,0.00000000
BCD_r0023_c0019,T1/BCD_r0023_c0019.png,T2/BCD_r0023_c0019.png,0,masks/BCD_r0023_c0019.png,0.00000000
BCD_r0023_c0020,T1/BCD_r0023_c0020.png,T2/BCD_r0023_c0020.png,0,masks/BCD_r0023_c0020.png,0.00000000
BCD_r0023_c0021,T1/BCD_r0023_c0021.png,T2/BCD_r0023_c0021.png,0,masks/BCD_r0023_c0021.png,0.00000000
BCD_r0023_c0022,T1/BCD_r0023_c0022.png,T2/BCD_r0023_c0022.png,1,masks/BCD_r0023_c0022.png,0.04211177
BCD_r0023_c0023,T1/BCD_r0023_c0023.png,T2/BCD_r0023_c0023.png,0,masks/BCD_r0023_c0023.png,0.00000000
BCD_r0023_c0024,T1/BCD_r0023_c0024.png,T2/BCD_r0023_c0024.png,0,masks/BCD_r0023_c0024.png,0.00000000
BCD_r0023_c0025,T1/BCD_r0023_c0025.png,T2/BCD_r0023_c0025.png,0,masks/BCD_r0023_c0025.png,0.00000000
BCD_r0023_c0026,T1/BCD_r0023_c0026.png,T2/BCD_r0023_c0026.png,0,masks/BCD_r0023_c0026.png,0.00000000
BCD_r0023_c0027,T1/BCD_r0023_c0027.png,T2/BCD_r0023_c0027.png,0,masks/BCD_r0023_c0027.png,0.00000000
BCD_r0023_c0028,T1/BCD_r0023_c0028.png,T2/BCD_r0023_c0028.png,0,masks/BCD_r0023_c0028.png,0.00000000
BCD_r0023_c0029,T1/BCD_r0023_c0029.png,T2/BCD_r0023_c0029.png,0,masks/BCD_r0023_c0029.png,0.00000000
BCD_r0023_c0030,T1/BCD_r0023_c0030.png,T2/BCD_r0023_c0030.png,1,masks/BCD_r0023_c0030.png,0.09285316
BCD_r0023_c0031,T1/BCD_r0023_c0031.png,T2/BCD_r0023_c0031.png,1,masks/BCD_r0023_c0031.png,0.00675622
BCD_r0023_c0032,T1/BCD_r0023_c0032.png,T2/BCD_r0023_c0032.png,0,masks/BCD_r0023_c0032.png,0.00000000
BCD_r0023_c0033,T1/BCD_r0023_c0033.png,T2/BCD_r0023_c0033.png,1,masks/BCD_r0023_c0033.png,0.01257573
BCD_r0023_c0034,T1/BCD_r0023_c0034.png,T2/BCD_r0023_c0034.png,0,masks/BCD_r0023_c0034.png,0.00000000
BCD_r0023_c0035,T1/BCD_r0023_c0035.png,T2/BCD_r0023_c0035.png,0,masks/BCD_r0023_c0035.png,0.00000000
BCD_r0023_c0036,T1/BCD_r0023_c0036.png,T2/BCD_r0023_c0036.png,0,masks/BCD_r0023_c0036.png,0.00000000
BCD_r0023_c0037,T1/BCD_r0023_c0037.png,T2/BCD_r0023_c0037.png,0,masks/BCD_r0023_c0037.png,0.00000000
BCD_r0023_c0038,T1/BCD_r0023_c0038.png,T2/BCD_r0023_c0038.png,0,masks/BCD_r0023_c0038.png,0.00000000
BCD_r0023_c0039,T1/BCD_r0023_c0039.png,T2/BCD_r0023_c0039.png,1,masks/BCD_r0023_c0039.png,0.37886639
BCD_r0023_c0040,T1/BCD_r0023_c0040.png,T2/BCD_r0023_c0040.png,1,masks/BCD_r0023_c0040.png,0.23303970
BCD_r0023_c0041,T1/BCD_r0023_c0041.png,T2/BCD_r0023_c0041.png,0,masks/BCD_r0023_c0041.png,0.00000000
BCD_r0023_c0042,T1/BCD_r0023_c0042.png,T2/BCD_r0023_c0042.png,0,masks/BCD_r0023_c0042.png,0.00000000
BCD_r0023_c0043,T1/BCD_r0023_c0043.png,T2/BCD_r0023_c0043.png,0,masks/BCD_r0023_c0043.png,0.00000000
BCD_r0023_c0044,T1/BCD_r0023_c0044.png,T2/BCD_r0023_c0044.png,0,masks/BCD_r0023_c0044.png,0.00000000
BCD_r0023_c0045,T1/BCD_r0023_c0045.png,T2/BCD_r0023_c0045.png,0,masks/BCD_r0023_c0045.png,0.00000000
BCD_r0023_c0046,T1/BCD_r0023_c0046.png,T2/BCD_r0023_c0046.png,0,masks/BCD_r0023_c0046.png,0.00000000
BCD_r0023_c0047,T1/BCD_r0023_c0047.png,T2/BCD_r0023_c0047.png,0,masks/BCD_r0023_c0047.png,0.00000000
BCD_r0023_c0048,T1/BCD_r0023_c0048.png,T2/BCD_r0023_c0048.png,0,masks/BCD_r0023_c0048.png,0.00000000
BCD_r0023_c0049,T1/BCD_r0023_c0049.png,T2/BCD_r0023_c0049.png,0,masks/BCD_r0023_c0049.png,0.00000000
BCD_r0023_c0050,T1/BCD_r0023_c0050.png,T2/BCD_r0023_c0050.png,0,masks/BCD_r0023_c0050.png,0.00000000
BCD_r0023_c0051,T1/BCD_r0023_c0051.png,T2/BCD_r0023_c0051.png,0,masks/BCD_r0023_c0051.png,0.00000000
BCD_r0023_c0052,T1/BCD_r0023_c0052.png,T2/BCD_r0023_c0052.png,1,masks/BCD_r0023_c0052.png,0.14716199
BCD_r0023_c0053,T1/BCD_r0023_c0053.png,T2/BCD_r0023_c0053.png,1,masks/BCD_r0023_c0053.png,0.06140386
BCD_r0023_c0054,T1/BCD_r0023_c0054.png,T2/BCD_r0023_c0054.png,0,masks/BCD_r0023_c0054.png,0.00000000
BCD_r0023_c0055,T1/BCD_r0023_c0055.png,T2/BCD_r0023_c0055.png,0,masks/BCD_r0023_c0055.png,0.00000000
BCD_r0023_c0056,T1/BCD_r0023_c0056.png,T2/BCD_r0023_c0056.png,0,masks/BCD_r0023_c0056.png,0.00000000
BCD_r0023_c0057,T1/BCD_r0023_c0057.png,T2/BCD_r0023_c0057.png,0,masks/BCD_r0023_c0057.png,0.00000000
BCD_r0023_c0058,T1/BCD_r0023_c0058.png,T2/BCD_r0023_c0058.png,0,masks/BCD_r0023_c0058.png,0.00000000
BCD_r0023_c0059,T1/BCD_r0023_c0059.png,T2/BCD_r0023_c0059.png,0,masks/BCD_r0023_c0059.png,0.00000000
BCD_r0023_c0060,T1/BCD_r0023_c0060.png,T2/BCD_r0023_c0060.png,0,masks/BCD_r0023_c0060.png,0.00000000
BCD_r0023_c0061,T1/BCD_r0023_c0061.png,T2/BCD_r0023_c0061.png,0,masks/BCD_r0023_c0061.png,0.00000000
BCD_r0023_c0062,T1/BCD_r0023_c0062.png,T2/BCD_r0023_c0062.png,0,masks/BCD_r0023_c0062.png,0.00000000
BCD_r0023_c0063,T1/BCD_r0023_c0063.png,T2/BCD_r0023_c0063.png,0,masks/BCD_r0023_c0063.png,0.00000000
BCD_r0023_c0064,T1/BCD_r0023_c0064.png,T2/BCD_r0023_c0064.png,0,masks/BCD_r0023_c0064.png,0.00000000
BCD_r0023_c0065,T1/BCD_r0023_c0065.png,T2/BCD_r0023_c0065.png,0,masks/BCD_r0023_c0065.png,0.00000000
BCD_r0023_c0066,T1/BCD_r0023_c0066.png,T2/BCD_r0023_c0066.png,0,masks/BCD_r0023_c0066.png,0.00000000
BCD_r0023_c0067,T1/BCD_r0023_c0067.png,T2/BCD_r0023_c0067.png,0,masks/BCD_r0023_c0067.png,0.00000000
BCD_r0023_c0068,T1/BCD_r0023_c0068.png,T2/BCD_r0023_c0068.png,0,masks/BCD_r0023_c0068.png,0.00000000
BCD_r0023_c0069,T1/BCD_r0023_c0069.png,T2/BCD_r0023_c0069.png,0,masks/BCD_r0023_c0069.png,0.00000000
BCD_r0023_c0070,T1/BCD_r0023_c0070.png,T2/BCD_r0023_c0070.png,0,masks/BCD_r0023_c0070.png,0.00000000
BCD_r0023_c0071,T1/BCD_r0023_c0071.png,T2/BCD_r0023_c0071.png,0,masks/BCD_r0023_c0071.png,0.00000000
BCD_r0023_c0072,T1/BCD_r0023_c0072.png,T2/BCD_r0023_c0072.png,0,masks/BCD_r0023_c0072.png,0.00000000
BCD_r0023_c0073,T1/BCD_r0023_c0073.png,T2/BCD_r0023_c0073.png,1,masks/BCD_r0023_c0073.png,0.02415497
BCD_r0023_c0074,T1/BCD_r0023_c0074.png,T2/BCD_r0023_c0074.png,1,masks/BCD_r0023_c0074.png,0.86134805
BCD_r0023_c0075,T1/BCD_r0023_c0075.png,T2/BCD_r0023_c0075.png,1,masks/BCD_r0023_c0075.png,0.38972816
BCD_r0023_c0076,T1/BCD_r0023_c0076.png,T2/BCD_r0023_c0076.png,0,masks/BCD_r0023_c0076.png,0.00000000
BCD_r0023_c0077,T1/BCD_r0023_c0077.png,T2/BCD_r0023_c0077.png,0,masks/BCD_r0023_c0077.png,0.00000000
BCD_r0023_c0078,T1/BCD_r0023_c0078.png,T2/BCD_r0023_c0078.png,0,masks/BCD_r0023_c0078.png,0.00000000
BCD_r0023_c0079,T1/BCD_r0023_c0079.png,T2/BCD_r0023_c0079.png,0,masks/BCD_r0023_c0079.png,0.00000000
BCD_r0023_c0080,T1/BCD_r0023_c0080.png,T2/BCD_r0023_c0080.png,0,masks/BCD_r0023_c0080.png,0.00000000
BCD_r0023_c0081,T1/BCD_r0023_c0081.png,T2/BCD_r0023_c0081.png,0,masks/BCD_r0023_c0081.png,0.00000000
BCD_r0023_c0082,T1/BCD_r0023_c0082.png,T2/BCD_r0023_c0082.png,0,masks/BCD_r0023_c0082.png,0.00000000
BCD_r0023_c0083,T1/BCD_r0023_c0083.png,T2/BCD_r0023_c0083.png,0,masks/BCD_r0023_c0083.png,0.00000000
BCD_r0023_c0084,T1/BCD_r0023_c0084.png,T2/BCD_r0023_c0084.png,0,masks/BCD_r0023_c0084.png,0.00000000
BCD_r0023_c0085,T1/BCD_r0023_c0085.png,T2/BCD_r0023_c0085.png,0,masks/BCD_r0023_c0085.png,0.00000000
BCD_r0023_c0086,T1/BCD_r0023_c0086.png,T2/BCD_r0023_c0086.png,0,masks/BCD_r0023_c0086.png,0.00000000
BCD_r0023_c0087,T1/BCD_r0023_c0087.png,T2/BCD_r0023_c0087.png,0,masks/BCD_r0023_c0087.png,0.00000000
BCD_r0023_c0088,T1/BCD_r0023_c0088.png,T2/BCD_r0023_c0088.png,0,masks/BCD_r0023_c0088.png,0.00000000
BCD_r0023_c0089,T1/BCD_r0023_c0089.png,T2/BCD_r0023_c0089.png,0,masks/BCD_r0023_c0089.png,0.00000000
BCD_r0023_c0090,T1/BCD_r0023_c0090.png,T2/BCD_r0023_c0090.png,0,masks/BCD_r0023_c0090.png,0.00000000
BCD_r0023_c0091,T1/BCD_r0023_c0091.png,T2/BCD_r0023_c0091.png,0,masks/BCD_r0023_c0091.png,0.00000000
BCD_r0023_c0092,T1/BCD_r0023_c0092.png,T2/BCD_r0023_c0092.png,1,masks/BCD_r0023_c0092.png,0.00362723
BCD_r0023_c0093,T1/BCD_r0023_c0093.png,T2/BCD_r0023_c0093.png,1,masks/BCD_r0023_c0093.png,0.78611288
BCD_r0023_c0094,T1/BCD_r0023_c0094.png,T2/BCD_r0023_c0094.png,1,masks/BCD_r0023_c0094.png,0.13956872
BCD_r0023_c0095,T1/BCD_r0023_c0095.png,T2/BCD_r0023_c0095.png,0,masks/BCD_r0023_c0095.png,0.00000000
BCD_r0023_c0096,T1/BCD_r0023_c0096.png,T2/BCD_r0023_c0096.png,1,masks/BCD_r0023_c0096.png,0.00404576
BCD_r0023_c0097,T1/BCD_r0023_c0097.png,T2/BCD_r0023_c0097.png,1,masks/BCD_r0023_c0097.png,0.09309232
BCD_r0023_c0098,T1/BCD_r0023_c0098.png,T2/BCD_r0023_c0098.png,0,masks/BCD_r0023_c0098.png,0.00000000
BCD_r0023_c0099,T1/BCD_r0023_c0099.png,T2/BCD_r0023_c0099.png,0,masks/BCD_r0023_c0099.png,0.00000000
BCD_r0023_c0100,T1/BCD_r0023_c0100.png,T2/BCD_r0023_c0100.png,1,masks/BCD_r0023_c0100.png,0.02367666
BCD_r0023_c0101,T1/BCD_r0023_c0101.png,T2/BCD_r0023_c0101.png,1,masks/BCD_r0023_c0101.png,0.02564971
BCD_r0023_c0102,T1/BCD_r0023_c0102.png,T2/BCD_r0023_c0102.png,0,masks/BCD_r0023_c0102.png,0.00000000
BCD_r0023_c0103,T1/BCD_r0023_c0103.png,T2/BCD_r0023_c0103.png,0,masks/BCD_r0023_c0103.png,0.00000000
BCD_r0023_c0104,T1/BCD_r0023_c0104.png,T2/BCD_r0023_c0104.png,0,masks/BCD_r0023_c0104.png,0.00000000
BCD_r0023_c0105,T1/BCD_r0023_c0105.png,T2/BCD_r0023_c0105.png,0,masks/BCD_r0023_c0105.png,0.00000000
BCD_r0023_c0106,T1/BCD_r0023_c0106.png,T2/BCD_r0023_c0106.png,0,masks/BCD_r0023_c0106.png,0.00000000
BCD_r0023_c0107,T1/BCD_r0023_c0107.png,T2/BCD_r0023_c0107.png,0,masks/BCD_r0023_c0107.png,0.00000000
BCD_r0023_c0108,T1/BCD_r0023_c0108.png,T2/BCD_r0023_c0108.png,0,masks/BCD_r0023_c0108.png,0.00000000
BCD_r0023_c0109,T1/BCD_r0023_c0109.png,T2/BCD_r0023_c0109.png,0,masks/BCD_r0023_c0109.png,0.00000000
BCD_r0023_c0110,T1/BCD_r0023_c0110.png,T2/BCD_r0023_c0110.png,0,masks/BCD_r0023_c0110.png,0.00000000
BCD_r0023_c0111,T1/BCD_r0023_c0111.png,T2/BCD_r0023_c0111.png,0,masks/BCD_r0023_c0111.png,0.00000000
BCD_r0023_c0112,T1/BCD_r0023_c0112.png,T2/BCD_r0023_c0112.png,0,masks/BCD_r0023_c0112.png,0.00000000
BCD_r0023_c0113,T1/BCD_r0023_c0113.png,T2/BCD_r0023_c0113.png,0,masks/BCD_r0023_c0113.png,0.00000000
BCD_r0023_c0114,T1/BCD_r0023_c0114.png,T2/BCD_r0023_c0114.png,0,masks/BCD_r0023_c0114.png,0.00000000
BCD_r0023_c0115,T1/BCD_r0023_c0115.png,T2/BCD_r0023_c0115.png,0,masks/BCD_r0023_c0115.png,0.00000000
BCD_r0023_c0116,T1/BCD_r0023_c0116.png,T2/BCD_r0023_c0116.png,1,masks/BCD_r0023_c0116.png,0.00071747
BCD_r0023_c0117,T1/BCD_r0023_c0117.png,T2/BCD_r0023_c0117.png,0,masks/BCD_r0023_c0117.png,0.00000000
BCD_r0023_c0118,T1/BCD_r0023_c0118.png,T2/BCD_r0023_c0118.png,0,masks/BCD_r0023_c0118.png,0.00000000
BCD_r0023_c0119,T1/BCD_r0023_c0119.png,T2/BCD_r0023_c0119.png,0,masks/BCD_r0023_c0119.png,0.00000000
BCD_r0023_c0120,T1/BCD_r0023_c0120.png,T2/BCD_r0023_c0120.png,0,masks/BCD_r0023_c0120.png,0.00000000
BCD_r0023_c0121,T1/BCD_r0023_c0121.png,T2/BCD_r0023_c0121.png,0,masks/BCD_r0023_c0121.png,0.00000000
BCD_r0023_c0122,T1/BCD_r0023_c0122.png,T2/BCD_r0023_c0122.png,0,masks/BCD_r0023_c0122.png,0.00000000
BCD_r0023_c0123,T1/BCD_r0023_c0123.png,T2/BCD_r0023_c0123.png,0,masks/BCD_r0023_c0123.png,0.00000000
BCD_r0023_c0124,T1/BCD_r0023_c0124.png,T2/BCD_r0023_c0124.png,0,masks/BCD_r0023_c0124.png,0.00000000
BCD_r0023_c0125,T1/BCD_r0023_c0125.png,T2/BCD_r0023_c0125.png,0,masks/BCD_r0023_c0125.png,0.00000000
BCD_r0023_c0126,T1/BCD_r0023_c0126.png,T2/BCD_r0023_c0126.png,0,masks/BCD_r0023_c0126.png,0.00000000
BCD_r0023_c0127,T1/BCD_r0023_c0127.png,T2/BCD_r0023_c0127.png,0,masks/BCD_r0023_c0127.png,0.00000000
BCD_r0023_c0128,T1/BCD_r0023_c0128.png,T2/BCD_r0023_c0128.png,0,masks/BCD_r0023_c0128.png,0.00000000
BCD_r0023_c0129,T1/BCD_r0023_c0129.png,T2/BCD_r0023_c0129.png,0,masks/BCD_r0023_c0129.png,0.00000000
BCD_r0023_c0130,T1/BCD_r0023_c0130.png,T2/BCD_r0023_c0130.png,0,masks/BCD_r0023_c0130.png,0.00000000
BCD_r0023_c0131,T1/BCD_r0023_c0131.png,T2/BCD_r0023_c0131.png,0,masks/BCD_r0023_c0131.png,0.00000000
BCD_r0023_c0132,T1/BCD_r0023_c0132.png,T2/BCD_r0023_c0132.png,0,masks/BCD_r0023_c0132.png,0.00000000
BCD_r0023_c0133,T1/BCD_r0023_c0133.png,T2/BCD_r0023_c0133.png,0,masks/BCD_r0023_c0133.png,0.00000000
BCD_r0023_c0134,T1/BCD_r0023_c0134.png,T2/BCD_r0023_c0134.png,0,masks/BCD_r0023_c0134.png,0.00000000
BCD_r0023_c0135,T1/BCD_r0023_c0135.png,T2/BCD_r0023_c0135.png,0,masks/BCD_r0023_c0135.png,0.00000000
BCD_r0023_c0136,T1/BCD_r0023_c0136.png,T2/BCD_r0023_c0136.png,0,masks/BCD_r0023_c0136.png,0.00000000
BCD_r0023_c0137,T1/BCD_r0023_c0137.png,T2/BCD_r0023_c0137.png,0,masks/BCD_r0023_c0137.png,0.00000000
BCD_r0023_c0138,T1/BCD_r0023_c0138.png,T2/BCD_r0023_c0138.png,0,masks/BCD_r0023_c0138.png,0.00000000
BCD_r0023_c0139,T1/BCD_r0023_c0139.png,T2/BCD_r0023_c0139.png,0,masks/BCD_r0023_c0139.png,0.00000000
BCD_r0023_c0140,T1/BCD_r0023_c0140.png,T2/BCD_r0023_c0140.png,0,masks/BCD_r0023_c0140.png,0.00000000
BCD_r0023_c0141,T1/BCD_r0023_c0141.png,T2/BCD_r0023_c0141.png,0,masks/BCD_r0023_c0141.png,0.00000000
BCD_r0023_c0142,T1/BCD_r0023_c0142.png,T2/BCD_r0023_c0142.png,0,masks/BCD_r0023_c0142.png,0.00000000
BCD_r0023_c0143,T1/BCD_r0023_c0143.png,T2/BCD_r0023_c0143.png,0,masks/BCD_r0023_c0143.png,0.00000000
BCD_r0023_c0144,T1/BCD_r0023_c0144.png,T2/BCD_r0023_c0144.png,0,masks/BCD_r0023_c0144.png,0.00000000
BCD_r0024_c0000,T1/BCD_r0024_c0000.png,T2/BCD_r0024_c0000.png,0,masks/BCD_r0024_c0000.png,0.00000000
BCD_r0024_c0001,T1/BCD_r0024_c0001.png,T2/BCD_r0024_c0001.png,0,masks/BCD_r0024_c0001.png,0.00000000
BCD_r0024_c0002,T1/BCD_r0024_c0002.png,T2/BCD_r0024_c0002.png,0,masks/BCD_r0024_c0002.png,0.00000000
BCD_r0024_c0003,T1/BCD_r0024_c0003.png,T2/BCD_r0024_c0003.png,0,masks/BCD_r0024_c0003.png,0.00000000
BCD_r0024_c0004,T1/BCD_r0024_c0004.png,T2/BCD_r0024_c0004.png,0,masks/BCD_r0024_c0004.png,0.00000000
BCD_r0024_c0005,T1/BCD_r0024_c0005.png,T2/BCD_r0024_c0005.png,0,masks/BCD_r0024_c0005.png,0.00000000
BCD_r0024_c0006,T1/BCD_r0024_c0006.png,T2/BCD_r0024_c0006.png,0,masks/BCD_r0024_c0006.png,0.00000000
BCD_r0024_c0007,T1/BCD_r0024_c0007.png,T2/BCD_r0024_c0007.png,1,masks/BCD_r0024_c0007.png,0.02507175
BCD_r0024_c0008,T1/BCD_r0024_c0008.png,T2/BCD_r0024_c0008.png,1,masks/BCD_r0024_c0008.png,0.00823103
BCD_r0024_c0009,T1/BCD_r0024_c0009.png,T2/BCD_r0024_c0009.png,0,masks/BCD_r0024_c0009.png,0.00000000
BCD_r0024_c0010,T1/BCD_r0024_c0010.png,T2/BCD_r0024_c0010.png,0,masks/BCD_r0024_c0010.png,0.00000000
BCD_r0024_c0011,T1/BCD_r0024_c0011.png,T2/BCD_r0024_c0011.png,0,masks/BCD_r0024_c0011.png,0.00000000
BCD_r0024_c0012,T1/BCD_r0024_c0012.png,T2/BCD_r0024_c0012.png,0,masks/BCD_r0024_c0012.png,0.00000000
BCD_r0024_c0013,T1/BCD_r0024_c0013.png,T2/BCD_r0024_c0013.png,0,masks/BCD_r0024_c0013.png,0.00000000
BCD_r0024_c0014,T1/BCD_r0024_c0014.png,T2/BCD_r0024_c0014.png,0,masks/BCD_r0024_c0014.png,0.00000000
BCD_r0024_c0015,T1/BCD_r0024_c0015.png,T2/BCD_r0024_c0015.png,0,masks/BCD_r0024_c0015.png,0.00000000
BCD_r0024_c0016,T1/BCD_r0024_c0016.png,T2/BCD_r0024_c0016.png,0,masks/BCD_r0024_c0016.png,0.00000000
BCD_r0024_c0017,T1/BCD_r0024_c0017.png,T2/BCD_r0024_c0017.png,0,masks/BCD_r0024_c0017.png,0.00000000
BCD_r0024_c0018,T1/BCD_r0024_c0018.png,T2/BCD_r0024_c0018.png,0,masks/BCD_r0024_c0018.png,0.00000000
BCD_r0024_c0019,T1/BCD_r0024_c0019.png,T2/BCD_r0024_c0019.png,0,masks/BCD_r0024_c0019.png,0.00000000
BCD_r0024_c0020,T1/BCD_r0024_c0020.png,T2/BCD_r0024_c0020.png,0,masks/BCD_r0024_c0020.png,0.00000000
BCD_r0024_c0021,T1/BCD_r0024_c0021.png,T2/BCD_r0024_c0021.png,1,masks/BCD_r0024_c0021.png,0.13915019
BCD_r0024_c0022,T1/BCD_r0024_c0022.png,T2/BCD_r0024_c0022.png,0,masks/BCD_r0024_c0022.png,0.00000000
BCD_r0024_c0023,T1/BCD_r0024_c0023.png,T2/BCD_r0024_c0023.png,0,masks/BCD_r0024_c0023.png,0.00000000
BCD_r0024_c0024,T1/BCD_r0024_c0024.png,T2/BCD_r0024_c0024.png,0,masks/BCD_r0024_c0024.png,0.00000000
BCD_r0024_c0025,T1/BCD_r0024_c0025.png,T2/BCD_r0024_c0025.png,1,masks/BCD_r0024_c0025.png,0.05711894
BCD_r0024_c0026,T1/BCD_r0024_c0026.png,T2/BCD_r0024_c0026.png,0,masks/BCD_r0024_c0026.png,0.00000000
BCD_r0024_c0027,T1/BCD_r0024_c0027.png,T2/BCD_r0024_c0027.png,0,masks/BCD_r0024_c0027.png,0.00000000
BCD_r0024_c0028,T1/BCD_r0024_c0028.png,T2/BCD_r0024_c0028.png,0,masks/BCD_r0024_c0028.png,0.00000000
BCD_r0024_c0029,T1/BCD_r0024_c0029.png,T2/BCD_r0024_c0029.png,0,masks/BCD_r0024_c0029.png,0.00000000
BCD_r0024_c0030,T1/BCD_r0024_c0030.png,T2/BCD_r0024_c0030.png,1,masks/BCD_r0024_c0030.png,0.12545839
BCD_r0024_c0031,T1/BCD_r0024_c0031.png,T2/BCD_r0024_c0031.png,1,masks/BCD_r0024_c0031.png,0.04585858
BCD_r0024_c0032,T1/BCD_r0024_c0032.png,T2/BCD_r0024_c0032.png,1,masks/BCD_r0024_c0032.png,0.06963489
BCD_r0024_c0033,T1/BCD_r0024_c0033.png,T2/BCD_r0024_c0033.png,1,masks/BCD_r0024_c0033.png,0.00207270
BCD_r0024_c0034,T1/BCD_r0024_c0034.png,T2/BCD_r0024_c0034.png,1,masks/BCD_r0024_c0034.png,0.08077567
BCD_r0024_c0035,T1/BCD_r0024_c0035.png,T2/BCD_r0024_c0035.png,0,masks/BCD_r0024_c0035.png,0.00000000
BCD_r0024_c0036,T1/BCD_r0024_c0036.png,T2/BCD_r0024_c0036.png,0,masks/BCD_r0024_c0036.png,0.00000000
BCD_r0024_c0037,T1/BCD_r0024_c0037.png,T2/BCD_r0024_c0037.png,0,masks/BCD_r0024_c0037.png,0.00000000
BCD_r0024_c0038,T1/BCD_r0024_c0038.png,T2/BCD_r0024_c0038.png,0,masks/BCD_r0024_c0038.png,0.00000000
BCD_r0024_c0039,T1/BCD_r0024_c0039.png,T2/BCD_r0024_c0039.png,1,masks/BCD_r0024_c0039.png,0.24204799
BCD_r0024_c0040,T1/BCD_r0024_c0040.png,T2/BCD_r0024_c0040.png,1,masks/BCD_r0024_c0040.png,0.16571668
BCD_r0024_c0041,T1/BCD_r0024_c0041.png,T2/BCD_r0024_c0041.png,0,masks/BCD_r0024_c0041.png,0.00000000
BCD_r0024_c0042,T1/BCD_r0024_c0042.png,T2/BCD_r0024_c0042.png,0,masks/BCD_r0024_c0042.png,0.00000000
BCD_r0024_c0043,T1/BCD_r0024_c0043.png,T2/BCD_r0024_c0043.png,0,masks/BCD_r0024_c0043.png,0.00000000
BCD_r0024_c0044,T1/BCD_r0024_c0044.png,T2/BCD_r0024_c0044.png,0,masks/BCD_r0024_c0044.png,0.00000000
BCD_r0024_c0045,T1/BCD_r0024_c0045.png,T2/BCD_r0024_c0045.png,0,masks/BCD_r0024_c0045.png,0.00000000
BCD_r0024_c0046,T1/BCD_r0024_c0046.png,T2/BCD_r0024_c0046.png,0,masks/BCD_r0024_c0046.png,0.00000000
BCD_r0024_c0047,T1/BCD_r0024_c0047.png,T2/BCD_r0024_c0047.png,1,masks/BCD_r0024_c0047.png,0.01417012
BCD_r0024_c0048,T1/BCD_r0024_c0048.png,T2/BCD_r0024_c0048.png,0,masks/BCD_r0024_c0048.png,0.00000000
BCD_r0024_c0049,T1/BCD_r0024_c0049.png,T2/BCD_r0024_c0049.png,0,masks/BCD_r0024_c0049.png,0.00000000
BCD_r0024_c0050,T1/BCD_r0024_c0050.png,T2/BCD_r0024_c0050.png,0,masks/BCD_r0024_c0050.png,0.00000000
BCD_r0024_c0051,T1/BCD_r0024_c0051.png,T2/BCD_r0024_c0051.png,0,masks/BCD_r0024_c0051.png,0.00000000
BCD_r0024_c0052,T1/BCD_r0024_c0052.png,T2/BCD_r0024_c0052.png,0,masks/BCD_r0024_c0052.png,0.00000000
BCD_r0024_c0053,T1/BCD_r0024_c0053.png,T2/BCD_r0024_c0053.png,0,masks/BCD_r0024_c0053.png,0.00000000
BCD_r0024_c0054,T1/BCD_r0024_c0054.png,T2/BCD_r0024_c0054.png,0,masks/BCD_r0024_c0054.png,0.00000000
BCD_r0024_c0055,T1/BCD_r0024_c0055.png,T2/BCD_r0024_c0055.png,0,masks/BCD_r0024_c0055.png,0.00000000
BCD_r0024_c0056,T1/BCD_r0024_c0056.png,T2/BCD_r0024_c0056.png,0,masks/BCD_r0024_c0056.png,0.00000000
BCD_r0024_c0057,T1/BCD_r0024_c0057.png,T2/BCD_r0024_c0057.png,0,masks/BCD_r0024_c0057.png,0.00000000
BCD_r0024_c0058,T1/BCD_r0024_c0058.png,T2/BCD_r0024_c0058.png,0,masks/BCD_r0024_c0058.png,0.00000000
BCD_r0024_c0059,T1/BCD_r0024_c0059.png,T2/BCD_r0024_c0059.png,0,masks/BCD_r0024_c0059.png,0.00000000
BCD_r0024_c0060,T1/BCD_r0024_c0060.png,T2/BCD_r0024_c0060.png,0,masks/BCD_r0024_c0060.png,0.00000000
BCD_r0024_c0061,T1/BCD_r0024_c0061.png,T2/BCD_r0024_c0061.png,0,masks/BCD_r0024_c0061.png,0.00000000
BCD_r0024_c0062,T1/BCD_r0024_c0062.png,T2/BCD_r0024_c0062.png,0,masks/BCD_r0024_c0062.png,0.00000000
BCD_r0024_c0063,T1/BCD_r0024_c0063.png,T2/BCD_r0024_c0063.png,1,masks/BCD_r0024_c0063.png,0.00916773
BCD_r0024_c0064,T1/BCD_r0024_c0064.png,T2/BCD_r0024_c0064.png,0,masks/BCD_r0024_c0064.png,0.00000000
BCD_r0024_c0065,T1/BCD_r0024_c0065.png,T2/BCD_r0024_c0065.png,0,masks/BCD_r0024_c0065.png,0.00000000
BCD_r0024_c0066,T1/BCD_r0024_c0066.png,T2/BCD_r0024_c0066.png,0,masks/BCD_r0024_c0066.png,0.00000000
BCD_r0024_c0067,T1/BCD_r0024_c0067.png,T2/BCD_r0024_c0067.png,0,masks/BCD_r0024_c0067.png,0.00000000
BCD_r0024_c0068,T1/BCD_r0024_c0068.png,T2/BCD_r0024_c0068.png,0,masks/BCD_r0024_c0068.png,0.00000000
BCD_r0024_c0069,T1/BCD_r0024_c0069.png,T2/BCD_r0024_c0069.png,0,masks/BCD_r0024_c0069.png,0.00000000
BCD_r0024_c0070,T1/BCD_r0024_c0070.png,T2/BCD_r0024_c0070.png,0,masks/BCD_r0024_c0070.png,0.00000000
BCD_r0024_c0071,T1/BCD_r0024_c0071.png,T2/BCD_r0024_c0071.png,0,masks/BCD_r0024_c0071.png,0.00000000
BCD_r0024_c0072,T1/BCD_r0024_c0072.png,T2/BCD_r0024_c0072.png,0,masks/BCD_r0024_c0072.png,0.00000000
BCD_r0024_c0073,T1/BCD_r0024_c0073.png,T2/BCD_r0024_c0073.png,0,masks/BCD_r0024_c0073.png,0.00000000
BCD_r0024_c0074,T1/BCD_r0024_c0074.png,T2/BCD_r0024_c0074.png,1,masks/BCD_r0024_c0074.png,0.77718431
BCD_r0024_c0075,T1/BCD_r0024_c0075.png,T2/BCD_r0024_c0075.png,1,masks/BCD_r0024_c0075.png,0.67524314
BCD_r0024_c0076,T1/BCD_r0024_c0076.png,T2/BCD_r0024_c0076.png,0,masks/BCD_r0024_c0076.png,0.00000000
BCD_r0024_c0077,T1/BCD_r0024_c0077.png,T2/BCD_r0024_c0077.png,0,masks/BCD_r0024_c0077.png,0.00000000
BCD_r0024_c0078,T1/BCD_r0024_c0078.png,T2/BCD_r0024_c0078.png,0,masks/BCD_r0024_c0078.png,0.00000000
BCD_r0024_c0079,T1/BCD_r0024_c0079.png,T2/BCD_r0024_c0079.png,0,masks/BCD_r0024_c0079.png,0.00000000
BCD_r0024_c0080,T1/BCD_r0024_c0080.png,T2/BCD_r0024_c0080.png,0,masks/BCD_r0024_c0080.png,0.00000000
BCD_r0024_c0081,T1/BCD_r0024_c0081.png,T2/BCD_r0024_c0081.png,0,masks/BCD_r0024_c0081.png,0.00000000
BCD_r0024_c0082,T1/BCD_r0024_c0082.png,T2/BCD_r0024_c0082.png,0,masks/BCD_r0024_c0082.png,0.00000000
BCD_r0024_c0083,T1/BCD_r0024_c0083.png,T2/BCD_r0024_c0083.png,0,masks/BCD_r0024_c0083.png,0.00000000
BCD_r0024_c0084,T1/BCD_r0024_c0084.png,T2/BCD_r0024_c0084.png,0,masks/BCD_r0024_c0084.png,0.00000000
BCD_r0024_c0085,T1/BCD_r0024_c0085.png,T2/BCD_r0024_c0085.png,0,masks/BCD_r0024_c0085.png,0.00000000
BCD_r0024_c0086,T1/BCD_r0024_c0086.png,T2/BCD_r0024_c0086.png,0,masks/BCD_r0024_c0086.png,0.00000000
BCD_r0024_c0087,T1/BCD_r0024_c0087.png,T2/BCD_r0024_c0087.png,0,masks/BCD_r0024_c0087.png,0.00000000
BCD_r0024_c0088,T1/BCD_r0024_c0088.png,T2/BCD_r0024_c0088.png,0,masks/BCD_r0024_c0088.png,0.00000000
BCD_r0024_c0089,T1/BCD_r0024_c0089.png,T2/BCD_r0024_c0089.png,1,masks/BCD_r0024_c0089.png,0.08496094
BCD_r0024_c0090,T1/BCD_r0024_c0090.png,T2/BCD_r0024_c0090.png,1,masks/BCD_r0024_c0090.png,0.58926578
BCD_r0024_c0091,T1/BCD_r0024_c0091.png,T2/BCD_r0024_c0091.png,1,masks/BCD_r0024_c0091.png,0.00366709
BCD_r0024_c0092,T1/BCD_r0024_c0092.png,T2/BCD_r0024_c0092.png,0,masks/BCD_r0024_c0092.png,0.00000000
BCD_r0024_c0093,T1/BCD_r0024_c0093.png,T2/BCD_r0024_c0093.png,1,masks/BCD_r0024_c0093.png,0.09269372
BCD_r0024_c0094,T1/BCD_r0024_c0094.png,T2/BCD_r0024_c0094.png,1,masks/BCD_r0024_c0094.png,0.00061783
BCD_r0024_c0095,T1/BCD_r0024_c0095.png,T2/BCD_r0024_c0095.png,0,masks/BCD_r0024_c0095.png,0.00000000
BCD_r0024_c0096,T1/BCD_r0024_c0096.png,T2/BCD_r0024_c0096.png,1,masks/BCD_r0024_c0096.png,0.05000399
BCD_r0024_c0097,T1/BCD_r0024_c0097.png,T2/BCD_r0024_c0097.png,1,masks/BCD_r0024_c0097.png,0.11250399
BCD_r0024_c0098,T1/BCD_r0024_c0098.png,T2/BCD_r0024_c0098.png,1,masks/BCD_r0024_c0098.png,0.09093989
BCD_r0024_c0099,T1/BCD_r0024_c0099.png,T2/BCD_r0024_c0099.png,0,masks/BCD_r0024_c0099.png,0.00000000
BCD_r0024_c0100,T1/BCD_r0024_c0100.png,T2/BCD_r0024_c0100.png,0,masks/BCD_r0024_c0100.png,0.00000000
BCD_r0024_c0101,T1/BCD_r0024_c0101.png,T2/BCD_r0024_c0101.png,1,masks/BCD_r0024_c0101.png,0.02895807
BCD_r0024_c0102,T1/BCD_r0024_c0102.png,T2/BCD_r0024_c0102.png,0,masks/BCD_r0024_c0102.png,0.00000000
BCD_r0024_c0103,T1/BCD_r0024_c0103.png,T2/BCD_r0024_c0103.png,1,masks/BCD_r0024_c0103.png,0.00003986
BCD_r0024_c0104,T1/BCD_r0024_c0104.png,T2/BCD_r0024_c0104.png,1,masks/BCD_r0024_c0104.png,0.00396604
BCD_r0024_c0105,T1/BCD_r0024_c0105.png,T2/BCD_r0024_c0105.png,1,masks/BCD_r0024_c0105.png,0.02887835
BCD_r0024_c0106,T1/BCD_r0024_c0106.png,T2/BCD_r0024_c0106.png,0,masks/BCD_r0024_c0106.png,0.00000000
BCD_r0024_c0107,T1/BCD_r0024_c0107.png,T2/BCD_r0024_c0107.png,0,masks/BCD_r0024_c0107.png,0.00000000
BCD_r0024_c0108,T1/BCD_r0024_c0108.png,T2/BCD_r0024_c0108.png,0,masks/BCD_r0024_c0108.png,0.00000000
BCD_r0024_c0109,T1/BCD_r0024_c0109.png,T2/BCD_r0024_c0109.png,0,masks/BCD_r0024_c0109.png,0.00000000
BCD_r0024_c0110,T1/BCD_r0024_c0110.png,T2/BCD_r0024_c0110.png,0,masks/BCD_r0024_c0110.png,0.00000000
BCD_r0024_c0111,T1/BCD_r0024_c0111.png,T2/BCD_r0024_c0111.png,0,masks/BCD_r0024_c0111.png,0.00000000
BCD_r0024_c0112,T1/BCD_r0024_c0112.png,T2/BCD_r0024_c0112.png,1,masks/BCD_r0024_c0112.png,0.01363202
BCD_r0024_c0113,T1/BCD_r0024_c0113.png,T2/BCD_r0024_c0113.png,0,masks/BCD_r0024_c0113.png,0.00000000
BCD_r0024_c0114,T1/BCD_r0024_c0114.png,T2/BCD_r0024_c0114.png,0,masks/BCD_r0024_c0114.png,0.00000000
BCD_r0024_c0115,T1/BCD_r0024_c0115.png,T2/BCD_r0024_c0115.png,0,masks/BCD_r0024_c0115.png,0.00000000
BCD_r0024_c0116,T1/BCD_r0024_c0116.png,T2/BCD_r0024_c0116.png,1,masks/BCD_r0024_c0116.png,0.04009885
BCD_r0024_c0117,T1/BCD_r0024_c0117.png,T2/BCD_r0024_c0117.png,1,masks/BCD_r0024_c0117.png,0.04595823
BCD_r0024_c0118,T1/BCD_r0024_c0118.png,T2/BCD_r0024_c0118.png,0,masks/BCD_r0024_c0118.png,0.00000000
BCD_r0024_c0119,T1/BCD_r0024_c0119.png,T2/BCD_r0024_c0119.png,0,masks/BCD_r0024_c0119.png,0.00000000
BCD_r0024_c0120,T1/BCD_r0024_c0120.png,T2/BCD_r0024_c0120.png,0,masks/BCD_r0024_c0120.png,0.00000000
BCD_r0024_c0121,T1/BCD_r0024_c0121.png,T2/BCD_r0024_c0121.png,0,masks/BCD_r0024_c0121.png,0.00000000
BCD_r0024_c0122,T1/BCD_r0024_c0122.png,T2/BCD_r0024_c0122.png,0,masks/BCD_r0024_c0122.png,0.00000000
BCD_r0024_c0123,T1/BCD_r0024_c0123.png,T2/BCD_r0024_c0123.png,0,masks/BCD_r0024_c0123.png,0.00000000
BCD_r0024_c0124,T1/BCD_r0024_c0124.png,T2/BCD_r0024_c0124.png,0,masks/BCD_r0024_c0124.png,0.00000000
BCD_r0024_c0125,T1/BCD_r0024_c0125.png,T2/BCD_r0024_c0125.png,0,masks/BCD_r0024_c0125.png,0.00000000
BCD_r0024_c0126,T1/BCD_r0024_c0126.png,T2/BCD_r0024_c0126.png,0,masks/BCD_r0024_c0126.png,0.00000000
BCD_r0024_c0127,T1/BCD_r0024_c0127.png,T2/BCD_r0024_c0127.png,1,masks/BCD_r0024_c0127.png,0.08143335
BCD_r0024_c0128,T1/BCD_r0024_c0128.png,T2/BCD_r0024_c0128.png,1,masks/BCD_r0024_c0128.png,0.01442921
BCD_r0024_c0129,T1/BCD_r0024_c0129.png,T2/BCD_r0024_c0129.png,0,masks/BCD_r0024_c0129.png,0.00000000
BCD_r0024_c0130,T1/BCD_r0024_c0130.png,T2/BCD_r0024_c0130.png,0,masks/BCD_r0024_c0130.png,0.00000000
BCD_r0024_c0131,T1/BCD_r0024_c0131.png,T2/BCD_r0024_c0131.png,0,masks/BCD_r0024_c0131.png,0.00000000
BCD_r0024_c0132,T1/BCD_r0024_c0132.png,T2/BCD_r0024_c0132.png,0,masks/BCD_r0024_c0132.png,0.00000000
BCD_r0024_c0133,T1/BCD_r0024_c0133.png,T2/BCD_r0024_c0133.png,0,masks/BCD_r0024_c0133.png,0.00000000
BCD_r0024_c0134,T1/BCD_r0024_c0134.png,T2/BCD_r0024_c0134.png,0,masks/BCD_r0024_c0134.png,0.00000000
BCD_r0024_c0135,T1/BCD_r0024_c0135.png,T2/BCD_r0024_c0135.png,0,masks/BCD_r0024_c0135.png,0.00000000
BCD_r0024_c0136,T1/BCD_r0024_c0136.png,T2/BCD_r0024_c0136.png,0,masks/BCD_r0024_c0136.png,0.00000000
BCD_r0024_c0137,T1/BCD_r0024_c0137.png,T2/BCD_r0024_c0137.png,0,masks/BCD_r0024_c0137.png,0.00000000
BCD_r0024_c0138,T1/BCD_r0024_c0138.png,T2/BCD_r0024_c0138.png,0,masks/BCD_r0024_c0138.png,0.00000000
BCD_r0024_c0139,T1/BCD_r0024_c0139.png,T2/BCD_r0024_c0139.png,0,masks/BCD_r0024_c0139.png,0.00000000
BCD_r0024_c0140,T1/BCD_r0024_c0140.png,T2/BCD_r0024_c0140.png,0,masks/BCD_r0024_c0140.png,0.00000000
BCD_r0024_c0141,T1/BCD_r0024_c0141.png,T2/BCD_r0024_c0141.png,0,masks/BCD_r0024_c0141.png,0.00000000
BCD_r0024_c0142,T1/BCD_r0024_c0142.png,T2/BCD_r0024_c0142.png,0,masks/BCD_r0024_c0142.png,0.00000000
BCD_r0024_c0143,T1/BCD_r0024_c0143.png,T2/BCD_r0024_c0143.png,0,masks/BCD_r0024_c0143.png,0.00000000
BCD_r0024_c0144,T1/BCD_r0024_c0144.png,T2/BCD_r0024_c0144.png,0,masks/BCD_r0024_c0144.png,0.00000000
BCD_r0025_c0000,T1/BCD_r0025_c0000.png,T2/BCD_r0025_c0000.png,0,masks/BCD_r0025_c0000.png,0.00000000
BCD_r0025_c0001,T1/BCD_r0025_c0001.png,T2/BCD_r0025_c0001.png,0,masks/BCD_r0025_c0001.png,0.00000000
BCD_r0025_c0002,T1/BCD_r0025_c0002.png,T2/BCD_r0025_c0002.png,0,masks/BCD_r0025_c0002.png,0.00000000
BCD_r0025_c0003,T1/BCD_r0025_c0003.png,T2/BCD_r0025_c0003.png,0,masks/BCD_r0025_c0003.png,0.00000000
BCD_r0025_c0004,T1/BCD_r0025_c0004.png,T2/BCD_r0025_c0004.png,0,masks/BCD_r0025_c0004.png,0.00000000
BCD_r0025_c0005,T1/BCD_r0025_c0005.png,T2/BCD_r0025_c0005.png,0,masks/BCD_r0025_c0005.png,0.00000000
BCD_r0025_c0006,T1/BCD_r0025_c0006.png,T2/BCD_r0025_c0006.png,0,masks/BCD_r0025_c0006.png,0.00000000
BCD_r0025_c0007,T1/BCD_r0025_c0007.png,T2/BCD_r0025_c0007.png,0,masks/BCD_r0025_c0007.png,0.00000000
BCD_r0025_c0008,T1/BCD_r0025_c0008.png,T2/BCD_r0025_c0008.png,0,masks/BCD_r0025_c0008.png,0.00000000
BCD_r0025_c0009,T1/BCD_r0025_c0009.png,T2/BCD_r0025_c0009.png,0,masks/BCD_r0025_c0009.png,0.00000000
BCD_r0025_c0010,T1/BCD_r0025_c0010.png,T2/BCD_r0025_c0010.png,0,masks/BCD_r0025_c0010.png,0.00000000
BCD_r0025_c0011,T1/BCD_r0025_c0011.png,T2/BCD_r0025_c0011.png,0,masks/BCD_r0025_c0011.png,0.00000000
BCD_r0025_c0012,T1/BCD_r0025_c0012.png,T2/BCD_r0025_c0012.png,0,masks/BCD_r0025_c0012.png,0.00000000
BCD_r0025_c0013,T1/BCD_r0025_c0013.png,T2/BCD_r0025_c0013.png,1,masks/BCD_r0025_c0013.png,0.05229592
BCD_r0025_c0014,T1/BCD_r0025_c0014.png,T2/BCD_r0025_c0014.png,1,masks/BCD_r0025_c0014.png,0.00454401
BCD_r0025_c0015,T1/BCD_r0025_c0015.png,T2/BCD_r0025_c0015.png,0,masks/BCD_r0025_c0015.png,0.00000000
BCD_r0025_c0016,T1/BCD_r0025_c0016.png,T2/BCD_r0025_c0016.png,1,masks/BCD_r0025_c0016.png,0.01602360
BCD_r0025_c0017,T1/BCD_r0025_c0017.png,T2/BCD_r0025_c0017.png,0,masks/BCD_r0025_c0017.png,0.00000000
BCD_r0025_c0018,T1/BCD_r0025_c0018.png,T2/BCD_r0025_c0018.png,1,masks/BCD_r0025_c0018.png,0.04141422
BCD_r0025_c0019,T1/BCD_r0025_c0019.png,T2/BCD_r0025_c0019.png,0,masks/BCD_r0025_c0019.png,0.00000000
BCD_r0025_c0020,T1/BCD_r0025_c0020.png,T2/BCD_r0025_c0020.png,0,masks/BCD_r0025_c0020.png,0.00000000
BCD_r0025_c0021,T1/BCD_r0025_c0021.png,T2/BCD_r0025_c0021.png,0,masks/BCD_r0025_c0021.png,0.00000000
BCD_r0025_c0022,T1/BCD_r0025_c0022.png,T2/BCD_r0025_c0022.png,0,masks/BCD_r0025_c0022.png,0.00000000
BCD_r0025_c0023,T1/BCD_r0025_c0023.png,T2/BCD_r0025_c0023.png,0,masks/BCD_r0025_c0023.png,0.00000000
BCD_r0025_c0024,T1/BCD_r0025_c0024.png,T2/BCD_r0025_c0024.png,0,masks/BCD_r0025_c0024.png,0.00000000
BCD_r0025_c0025,T1/BCD_r0025_c0025.png,T2/BCD_r0025_c0025.png,1,masks/BCD_r0025_c0025.png,0.06222098
BCD_r0025_c0026,T1/BCD_r0025_c0026.png,T2/BCD_r0025_c0026.png,1,masks/BCD_r0025_c0026.png,0.02329799
BCD_r0025_c0027,T1/BCD_r0025_c0027.png,T2/BCD_r0025_c0027.png,1,masks/BCD_r0025_c0027.png,0.00169404
BCD_r0025_c0028,T1/BCD_r0025_c0028.png,T2/BCD_r0025_c0028.png,1,masks/BCD_r0025_c0028.png,0.02421476
BCD_r0025_c0029,T1/BCD_r0025_c0029.png,T2/BCD_r0025_c0029.png,1,masks/BCD_r0025_c0029.png,0.03900271
BCD_r0025_c0030,T1/BCD_r0025_c0030.png,T2/BCD_r0025_c0030.png,1,masks/BCD_r0025_c0030.png,0.18757972
BCD_r0025_c0031,T1/BCD_r0025_c0031.png,T2/BCD_r0025_c0031.png,1,masks/BCD_r0025_c0031.png,0.14457111
BCD_r0025_c0032,T1/BCD_r0025_c0032.png,T2/BCD_r0025_c0032.png,1,masks/BCD_r0025_c0032.png,0.07802535
BCD_r0025_c0033,T1/BCD_r0025_c0033.png,T2/BCD_r0025_c0033.png,0,masks/BCD_r0025_c0033.png,0.00000000
BCD_r0025_c0034,T1/BCD_r0025_c0034.png,T2/BCD_r0025_c0034.png,1,masks/BCD_r0025_c0034.png,0.01833546
BCD_r0025_c0035,T1/BCD_r0025_c0035.png,T2/BCD_r0025_c0035.png,0,masks/BCD_r0025_c0035.png,0.00000000
BCD_r0025_c0036,T1/BCD_r0025_c0036.png,T2/BCD_r0025_c0036.png,0,masks/BCD_r0025_c0036.png,0.00000000
BCD_r0025_c0037,T1/BCD_r0025_c0037.png,T2/BCD_r0025_c0037.png,1,masks/BCD_r0025_c0037.png,0.01440928
BCD_r0025_c0038,T1/BCD_r0025_c0038.png,T2/BCD_r0025_c0038.png,0,masks/BCD_r0025_c0038.png,0.00000000
BCD_r0025_c0039,T1/BCD_r0025_c0039.png,T2/BCD_r0025_c0039.png,0,masks/BCD_r0025_c0039.png,0.00000000
BCD_r0025_c0040,T1/BCD_r0025_c0040.png,T2/BCD_r0025_c0040.png,0,masks/BCD_r0025_c0040.png,0.00000000
BCD_r0025_c0041,T1/BCD_r0025_c0041.png,T2/BCD_r0025_c0041.png,0,masks/BCD_r0025_c0041.png,0.00000000
BCD_r0025_c0042,T1/BCD_r0025_c0042.png,T2/BCD_r0025_c0042.png,0,masks/BCD_r0025_c0042.png,0.00000000
BCD_r0025_c0043,T1/BCD_r0025_c0043.png,T2/BCD_r0025_c0043.png,0,masks/BCD_r0025_c0043.png,0.00000000
BCD_r0025_c0044,T1/BCD_r0025_c0044.png,T2/BCD_r0025_c0044.png,0,masks/BCD_r0025_c0044.png,0.00000000
BCD_r0025_c0045,T1/BCD_r0025_c0045.png,T2/BCD_r0025_c0045.png,0,masks/BCD_r0025_c0045.png,0.00000000
BCD_r0025_c0046,T1/BCD_r0025_c0046.png,T2/BCD_r0025_c0046.png,0,masks/BCD_r0025_c0046.png,0.00000000
BCD_r0025_c0047,T1/BCD_r0025_c0047.png,T2/BCD_r0025_c0047.png,0,masks/BCD_r0025_c0047.png,0.00000000
BCD_r0025_c0048,T1/BCD_r0025_c0048.png,T2/BCD_r0025_c0048.png,0,masks/BCD_r0025_c0048.png,0.00000000
BCD_r0025_c0049,T1/BCD_r0025_c0049.png,T2/BCD_r0025_c0049.png,0,masks/BCD_r0025_c0049.png,0.00000000
BCD_r0025_c0050,T1/BCD_r0025_c0050.png,T2/BCD_r0025_c0050.png,0,masks/BCD_r0025_c0050.png,0.00000000
BCD_r0025_c0051,T1/BCD_r0025_c0051.png,T2/BCD_r0025_c0051.png,0,masks/BCD_r0025_c0051.png,0.00000000
BCD_r0025_c0052,T1/BCD_r0025_c0052.png,T2/BCD_r0025_c0052.png,0,masks/BCD_r0025_c0052.png,0.00000000
BCD_r0025_c0053,T1/BCD_r0025_c0053.png,T2/BCD_r0025_c0053.png,0,masks/BCD_r0025_c0053.png,0.00000000
BCD_r0025_c0054,T1/BCD_r0025_c0054.png,T2/BCD_r0025_c0054.png,0,masks/BCD_r0025_c0054.png,0.00000000
BCD_r0025_c0055,T1/BCD_r0025_c0055.png,T2/BCD_r0025_c0055.png,0,masks/BCD_r0025_c0055.png,0.00000000
BCD_r0025_c0056,T1/BCD_r0025_c0056.png,T2/BCD_r0025_c0056.png,0,masks/BCD_r0025_c0056.png,0.00000000
BCD_r0025_c0057,T1/BCD_r0025_c0057.png,T2/BCD_r0025_c0057.png,0,masks/BCD_r0025_c0057.png,0.00000000
BCD_r0025_c0058,T1/BCD_r0025_c0058.png,T2/BCD_r0025_c0058.png,0,masks/BCD_r0025_c0058.png,0.00000000
BCD_r0025_c0059,T1/BCD_r0025_c0059.png,T2/BCD_r0025_c0059.png,0,masks/BCD_r0025_c0059.png,0.00000000
BCD_r0025_c0060,T1/BCD_r0025_c0060.png,T2/BCD_r0025_c0060.png,0,masks/BCD_r0025_c0060.png,0.00000000
BCD_r0025_c0061,T1/BCD_r0025_c0061.png,T2/BCD_r0025_c0061.png,0,masks/BCD_r0025_c0061.png,0.00000000
BCD_r0025_c0062,T1/BCD_r0025_c0062.png,T2/BCD_r0025_c0062.png,1,masks/BCD_r0025_c0062.png,0.06174267
BCD_r0025_c0063,T1/BCD_r0025_c0063.png,T2/BCD_r0025_c0063.png,1,masks/BCD_r0025_c0063.png,0.26179847
BCD_r0025_c0064,T1/BCD_r0025_c0064.png,T2/BCD_r0025_c0064.png,1,masks/BCD_r0025_c0064.png,0.01325335
BCD_r0025_c0065,T1/BCD_r0025_c0065.png,T2/BCD_r0025_c0065.png,0,masks/BCD_r0025_c0065.png,0.00000000
BCD_r0025_c0066,T1/BCD_r0025_c0066.png,T2/BCD_r0025_c0066.png,0,masks/BCD_r0025_c0066.png,0.00000000
BCD_r0025_c0067,T1/BCD_r0025_c0067.png,T2/BCD_r0025_c0067.png,0,masks/BCD_r0025_c0067.png,0.00000000
BCD_r0025_c0068,T1/BCD_r0025_c0068.png,T2/BCD_r0025_c0068.png,0,masks/BCD_r0025_c0068.png,0.00000000
BCD_r0025_c0069,T1/BCD_r0025_c0069.png,T2/BCD_r0025_c0069.png,0,masks/BCD_r0025_c0069.png,0.00000000
BCD_r0025_c0070,T1/BCD_r0025_c0070.png,T2/BCD_r0025_c0070.png,0,masks/BCD_r0025_c0070.png,0.00000000
BCD_r0025_c0071,T1/BCD_r0025_c0071.png,T2/BCD_r0025_c0071.png,0,masks/BCD_r0025_c0071.png,0.00000000
BCD_r0025_c0072,T1/BCD_r0025_c0072.png,T2/BCD_r0025_c0072.png,0,masks/BCD_r0025_c0072.png,0.00000000
BCD_r0025_c0073,T1/BCD_r0025_c0073.png,T2/BCD_r0025_c0073.png,0,masks/BCD_r0025_c0073.png,0.00000000
BCD_r0025_c0074,T1/BCD_r0025_c0074.png,T2/BCD_r0025_c0074.png,1,masks/BCD_r0025_c0074.png,0.25856983
BCD_r0025_c0075,T1/BCD_r0025_c0075.png,T2/BCD_r0025_c0075.png,1,masks/BCD_r0025_c0075.png,0.03541534
BCD_r0025_c0076,T1/BCD_r0025_c0076.png,T2/BCD_r0025_c0076.png,0,masks/BCD_r0025_c0076.png,0.00000000
BCD_r0025_c0077,T1/BCD_r0025_c0077.png,T2/BCD_r0025_c0077.png,0,masks/BCD_r0025_c0077.png,0.00000000
BCD_r0025_c0078,T1/BCD_r0025_c0078.png,T2/BCD_r0025_c0078.png,0,masks/BCD_r0025_c0078.png,0.00000000
BCD_r0025_c0079,T1/BCD_r0025_c0079.png,T2/BCD_r0025_c0079.png,0,masks/BCD_r0025_c0079.png,0.00000000
BCD_r0025_c0080,T1/BCD_r0025_c0080.png,T2/BCD_r0025_c0080.png,0,masks/BCD_r0025_c0080.png,0.00000000
BCD_r0025_c0081,T1/BCD_r0025_c0081.png,T2/BCD_r0025_c0081.png,0,masks/BCD_r0025_c0081.png,0.00000000
BCD_r0025_c0082,T1/BCD_r0025_c0082.png,T2/BCD_r0025_c0082.png,0,masks/BCD_r0025_c0082.png,0.00000000
BCD_r0025_c0083,T1/BCD_r0025_c0083.png,T2/BCD_r0025_c0083.png,0,masks/BCD_r0025_c0083.png,0.00000000
BCD_r0025_c0084,T1/BCD_r0025_c0084.png,T2/BCD_r0025_c0084.png,0,masks/BCD_r0025_c0084.png,0.00000000
BCD_r0025_c0085,T1/BCD_r0025_c0085.png,T2/BCD_r0025_c0085.png,0,masks/BCD_r0025_c0085.png,0.00000000
BCD_r0025_c0086,T1/BCD_r0025_c0086.png,T2/BCD_r0025_c0086.png,0,masks/BCD_r0025_c0086.png,0.00000000
BCD_r0025_c0087,T1/BCD_r0025_c0087.png,T2/BCD_r0025_c0087.png,0,masks/BCD_r0025_c0087.png,0.00000000
BCD_r0025_c0088,T1/BCD_r0025_c0088.png,T2/BCD_r0025_c0088.png,0,masks/BCD_r0025_c0088.png,0.00000000
BCD_r0025_c0089,T1/BCD_r0025_c0089.png,T2/BCD_r0025_c0089.png,1,masks/BCD_r0025_c0089.png,0.03061224
BCD_r0025_c0090,T1/BCD_r0025_c0090.png,T2/BCD_r0025_c0090.png,1,masks/BCD_r0025_c0090.png,0.12519930
BCD_r0025_c0091,T1/BCD_r0025_c0091.png,T2/BCD_r0025_c0091.png,0,masks/BCD_r0025_c0091.png,0.00000000
BCD_r0025_c0092,T1/BCD_r0025_c0092.png,T2/BCD_r0025_c0092.png,0,masks/BCD_r0025_c0092.png,0.00000000
BCD_r0025_c0093,T1/BCD_r0025_c0093.png,T2/BCD_r0025_c0093.png,0,masks/BCD_r0025_c0093.png,0.00000000
BCD_r0025_c0094,T1/BCD_r0025_c0094.png,T2/BCD_r0025_c0094.png,1,masks/BCD_r0025_c0094.png,0.17486448
BCD_r0025_c0095,T1/BCD_r0025_c0095.png,T2/BCD_r0025_c0095.png,1,masks/BCD_r0025_c0095.png,0.56839923
BCD_r0025_c0096,T1/BCD_r0025_c0096.png,T2/BCD_r0025_c0096.png,1,masks/BCD_r0025_c0096.png,0.58364557
BCD_r0025_c0097,T1/BCD_r0025_c0097.png,T2/BCD_r0025_c0097.png,1,masks/BCD_r0025_c0097.png,0.29318798
BCD_r0025_c0098,T1/BCD_r0025_c0098.png,T2/BCD_r0025_c0098.png,1,masks/BCD_r0025_c0098.png,0.53824538
BCD_r0025_c0099,T1/BCD_r0025_c0099.png,T2/BCD_r0025_c0099.png,1,masks/BCD_r0025_c0099.png,0.07350128
BCD_r0025_c0100,T1/BCD_r0025_c0100.png,T2/BCD_r0025_c0100.png,1,masks/BCD_r0025_c0100.png,0.48752392
BCD_r0025_c0101,T1/BCD_r0025_c0101.png,T2/BCD_r0025_c0101.png,1,masks/BCD_r0025_c0101.png,0.19927854
BCD_r0025_c0102,T1/BCD_r0025_c0102.png,T2/BCD_r0025_c0102.png,0,masks/BCD_r0025_c0102.png,0.00000000
BCD_r0025_c0103,T1/BCD_r0025_c0103.png,T2/BCD_r0025_c0103.png,1,masks/BCD_r0025_c0103.png,0.02704480
BCD_r0025_c0104,T1/BCD_r0025_c0104.png,T2/BCD_r0025_c0104.png,1,masks/BCD_r0025_c0104.png,0.06698422
BCD_r0025_c0105,T1/BCD_r0025_c0105.png,T2/BCD_r0025_c0105.png,1,masks/BCD_r0025_c0105.png,0.11754624
BCD_r0025_c0106,T1/BCD_r0025_c0106.png,T2/BCD_r0025_c0106.png,0,masks/BCD_r0025_c0106.png,0.00000000
BCD_r0025_c0107,T1/BCD_r0025_c0107.png,T2/BCD_r0025_c0107.png,0,masks/BCD_r0025_c0107.png,0.00000000
BCD_r0025_c0108,T1/BCD_r0025_c0108.png,T2/BCD_r0025_c0108.png,0,masks/BCD_r0025_c0108.png,0.00000000
BCD_r0025_c0109,T1/BCD_r0025_c0109.png,T2/BCD_r0025_c0109.png,0,masks/BCD_r0025_c0109.png,0.00000000
BCD_r0025_c0110,T1/BCD_r0025_c0110.png,T2/BCD_r0025_c0110.png,0,masks/BCD_r0025_c0110.png,0.00000000
BCD_r0025_c0111,T1/BCD_r0025_c0111.png,T2/BCD_r0025_c0111.png,0,masks/BCD_r0025_c0111.png,0.00000000
BCD_r0025_c0112,T1/BCD_r0025_c0112.png,T2/BCD_r0025_c0112.png,1,masks/BCD_r0025_c0112.png,0.00649713
BCD_r0025_c0113,T1/BCD_r0025_c0113.png,T2/BCD_r0025_c0113.png,0,masks/BCD_r0025_c0113.png,0.00000000
BCD_r0025_c0114,T1/BCD_r0025_c0114.png,T2/BCD_r0025_c0114.png,1,masks/BCD_r0025_c0114.png,0.02517140
BCD_r0025_c0115,T1/BCD_r0025_c0115.png,T2/BCD_r0025_c0115.png,1,masks/BCD_r0025_c0115.png,0.06851881
BCD_r0025_c0116,T1/BCD_r0025_c0116.png,T2/BCD_r0025_c0116.png,0,masks/BCD_r0025_c0116.png,0.00000000
BCD_r0025_c0117,T1/BCD_r0025_c0117.png,T2/BCD_r0025_c0117.png,0,masks/BCD_r0025_c0117.png,0.00000000
BCD_r0025_c0118,T1/BCD_r0025_c0118.png,T2/BCD_r0025_c0118.png,0,masks/BCD_r0025_c0118.png,0.00000000
BCD_r0025_c0119,T1/BCD_r0025_c0119.png,T2/BCD_r0025_c0119.png,0,masks/BCD_r0025_c0119.png,0.00000000
BCD_r0025_c0120,T1/BCD_r0025_c0120.png,T2/BCD_r0025_c0120.png,0,masks/BCD_r0025_c0120.png,0.00000000
BCD_r0025_c0121,T1/BCD_r0025_c0121.png,T2/BCD_r0025_c0121.png,0,masks/BCD_r0025_c0121.png,0.00000000
BCD_r0025_c0122,T1/BCD_r0025_c0122.png,T2/BCD_r0025_c0122.png,0,masks/BCD_r0025_c0122.png,0.00000000
BCD_r0025_c0123,T1/BCD_r0025_c0123.png,T2/BCD_r0025_c0123.png,1,masks/BCD_r0025_c0123.png,0.04187261
BCD_r0025_c0124,T1/BCD_r0025_c0124.png,T2/BCD_r0025_c0124.png,1,masks/BCD_r0025_c0124.png,0.00482302
BCD_r0025_c0125,T1/BCD_r0025_c0125.png,T2/BCD_r0025_c0125.png,1,masks/BCD_r0025_c0125.png,0.15595105
BCD_r0025_c0126,T1/BCD_r0025_c0126.png,T2/BCD_r0025_c0126.png,1,masks/BCD_r0025_c0126.png,0.11304209
BCD_r0025_c0127,T1/BCD_r0025_c0127.png,T2/BCD_r0025_c0127.png,1,masks/BCD_r0025_c0127.png,0.35349570
BCD_r0025_c0128,T1/BCD_r0025_c0128.png,T2/BCD_r0025_c0128.png,1,masks/BCD_r0025_c0128.png,0.00079719
BCD_r0025_c0129,T1/BCD_r0025_c0129.png,T2/BCD_r0025_c0129.png,0,masks/BCD_r0025_c0129.png,0.00000000
BCD_r0025_c0130,T1/BCD_r0025_c0130.png,T2/BCD_r0025_c0130.png,0,masks/BCD_r0025_c0130.png,0.00000000
BCD_r0025_c0131,T1/BCD_r0025_c0131.png,T2/BCD_r0025_c0131.png,0,masks/BCD_r0025_c0131.png,0.00000000
BCD_r0025_c0132,T1/BCD_r0025_c0132.png,T2/BCD_r0025_c0132.png,0,masks/BCD_r0025_c0132.png,0.00000000
BCD_r0025_c0133,T1/BCD_r0025_c0133.png,T2/BCD_r0025_c0133.png,0,masks/BCD_r0025_c0133.png,0.00000000
BCD_r0025_c0134,T1/BCD_r0025_c0134.png,T2/BCD_r0025_c0134.png,0,masks/BCD_r0025_c0134.png,0.00000000
BCD_r0025_c0135,T1/BCD_r0025_c0135.png,T2/BCD_r0025_c0135.png,0,masks/BCD_r0025_c0135.png,0.00000000
BCD_r0025_c0136,T1/BCD_r0025_c0136.png,T2/BCD_r0025_c0136.png,0,masks/BCD_r0025_c0136.png,0.00000000
BCD_r0025_c0137,T1/BCD_r0025_c0137.png,T2/BCD_r0025_c0137.png,0,masks/BCD_r0025_c0137.png,0.00000000
BCD_r0025_c0138,T1/BCD_r0025_c0138.png,T2/BCD_r0025_c0138.png,0,masks/BCD_r0025_c0138.png,0.00000000
BCD_r0025_c0139,T1/BCD_r0025_c0139.png,T2/BCD_r0025_c0139.png,0,masks/BCD_r0025_c0139.png,0.00000000
BCD_r0025_c0140,T1/BCD_r0025_c0140.png,T2/BCD_r0025_c0140.png,0,masks/BCD_r0025_c0140.png,0.00000000
BCD_r0025_c0141,T1/BCD_r0025_c0141.png,T2/BCD_r0025_c0141.png,0,masks/BCD_r0025_c0141.png,0.00000000
BCD_r0025_c0142,T1/BCD_r0025_c0142.png,T2/BCD_r0025_c0142.png,0,masks/BCD_r0025_c0142.png,0.00000000
BCD_r0025_c0143,T1/BCD_r0025_c0143.png,T2/BCD_r0025_c0143.png,0,masks/BCD_r0025_c0143.png,0.00000000
BCD_r0025_c0144,T1/BCD_r0025_c0144.png,T2/BCD_r0025_c0144.png,0,masks/BCD_r0025_c0144.png,0.00000000
BCD_r0026_c0000,T1/BCD_r0026_c0000.png,T2/BCD_r0026_c0000.png,0,masks/BCD_r0026_c0000.png,0.00000000
BCD_r0026_c0001,T1/BCD_r0026_c0001.png,T2/BCD_r0026_c0001.png,0,masks/BCD_r0026_c0001.png,0.00000000
BCD_r0026_c0002,T1/BCD_r0026_c0002.png,T2/BCD_r0026_c0002.png,0,masks/BCD_r0026_c0002.png,0.00000000
BCD_r0026_c0003,T1/BCD_r0026_c0003.png,T2/BCD_r0026_c0003.png,0,masks/BCD_r0026_c0003.png,0.00000000
BCD_r0026_c0004,T1/BCD_r0026_c0004.png,T2/BCD_r0026_c0004.png,0,masks/BCD_r0026_c0004.png,0.00000000
BCD_r0026_c0005,T1/BCD_r0026_c0005.png,T2/BCD_r0026_c0005.png,1,masks/BCD_r0026_c0005.png,0.02425462
BCD_r0026_c0006,T1/BCD_r0026_c0006.png,T2/BCD_r0026_c0006.png,0,masks/BCD_r0026_c0006.png,0.00000000
BCD_r0026_c0007,T1/BCD_r0026_c0007.png,T2/BCD_r0026_c0007.png,0,masks/BCD_r0026_c0007.png,0.00000000
BCD_r0026_c0008,T1/BCD_r0026_c0008.png,T2/BCD_r0026_c0008.png,0,masks/BCD_r0026_c0008.png,0.00000000
BCD_r0026_c0009,T1/BCD_r0026_c0009.png,T2/BCD_r0026_c0009.png,0,masks/BCD_r0026_c0009.png,0.00000000
BCD_r0026_c0010,T1/BCD_r0026_c0010.png,T2/BCD_r0026_c0010.png,0,masks/BCD_r0026_c0010.png,0.00000000
BCD_r0026_c0011,T1/BCD_r0026_c0011.png,T2/BCD_r0026_c0011.png,0,masks/BCD_r0026_c0011.png,0.00000000
BCD_r0026_c0012,T1/BCD_r0026_c0012.png,T2/BCD_r0026_c0012.png,0,masks/BCD_r0026_c0012.png,0.00000000
BCD_r0026_c0013,T1/BCD_r0026_c0013.png,T2/BCD_r0026_c0013.png,0,masks/BCD_r0026_c0013.png,0.00000000
BCD_r0026_c0014,T1/BCD_r0026_c0014.png,T2/BCD_r0026_c0014.png,0,masks/BCD_r0026_c0014.png,0.00000000
BCD_r0026_c0015,T1/BCD_r0026_c0015.png,T2/BCD_r0026_c0015.png,0,masks/BCD_r0026_c0015.png,0.00000000
BCD_r0026_c0016,T1/BCD_r0026_c0016.png,T2/BCD_r0026_c0016.png,0,masks/BCD_r0026_c0016.png,0.00000000
BCD_r0026_c0017,T1/BCD_r0026_c0017.png,T2/BCD_r0026_c0017.png,0,masks/BCD_r0026_c0017.png,0.00000000
BCD_r0026_c0018,T1/BCD_r0026_c0018.png,T2/BCD_r0026_c0018.png,0,masks/BCD_r0026_c0018.png,0.00000000
BCD_r0026_c0019,T1/BCD_r0026_c0019.png,T2/BCD_r0026_c0019.png,0,masks/BCD_r0026_c0019.png,0.00000000
BCD_r0026_c0020,T1/BCD_r0026_c0020.png,T2/BCD_r0026_c0020.png,0,masks/BCD_r0026_c0020.png,0.00000000
BCD_r0026_c0021,T1/BCD_r0026_c0021.png,T2/BCD_r0026_c0021.png,0,masks/BCD_r0026_c0021.png,0.00000000
BCD_r0026_c0022,T1/BCD_r0026_c0022.png,T2/BCD_r0026_c0022.png,1,masks/BCD_r0026_c0022.png,0.00388632
BCD_r0026_c0023,T1/BCD_r0026_c0023.png,T2/BCD_r0026_c0023.png,1,masks/BCD_r0026_c0023.png,0.01068240
BCD_r0026_c0024,T1/BCD_r0026_c0024.png,T2/BCD_r0026_c0024.png,0,masks/BCD_r0026_c0024.png,0.00000000
BCD_r0026_c0025,T1/BCD_r0026_c0025.png,T2/BCD_r0026_c0025.png,1,masks/BCD_r0026_c0025.png,0.05267459
BCD_r0026_c0026,T1/BCD_r0026_c0026.png,T2/BCD_r0026_c0026.png,1,masks/BCD_r0026_c0026.png,0.79906728
BCD_r0026_c0027,T1/BCD_r0026_c0027.png,T2/BCD_r0026_c0027.png,1,masks/BCD_r0026_c0027.png,0.30891263
BCD_r0026_c0028,T1/BCD_r0026_c0028.png,T2/BCD_r0026_c0028.png,1,masks/BCD_r0026_c0028.png,0.00591916
BCD_r0026_c0029,T1/BCD_r0026_c0029.png,T2/BCD_r0026_c0029.png,1,masks/BCD_r0026_c0029.png,0.01905293
BCD_r0026_c0030,T1/BCD_r0026_c0030.png,T2/BCD_r0026_c0030.png,0,masks/BCD_r0026_c0030.png,0.00000000
BCD_r0026_c0031,T1/BCD_r0026_c0031.png,T2/BCD_r0026_c0031.png,0,masks/BCD_r0026_c0031.png,0.00000000
BCD_r0026_c0032,T1/BCD_r0026_c0032.png,T2/BCD_r0026_c0032.png,0,masks/BCD_r0026_c0032.png,0.00000000
BCD_r0026_c0033,T1/BCD_r0026_c0033.png,T2/BCD_r0026_c0033.png,0,masks/BCD_r0026_c0033.png,0.00000000
BCD_r0026_c0034,T1/BCD_r0026_c0034.png,T2/BCD_r0026_c0034.png,0,masks/BCD_r0026_c0034.png,0.00000000
BCD_r0026_c0035,T1/BCD_r0026_c0035.png,T2/BCD_r0026_c0035.png,0,masks/BCD_r0026_c0035.png,0.00000000
BCD_r0026_c0036,T1/BCD_r0026_c0036.png,T2/BCD_r0026_c0036.png,0,masks/BCD_r0026_c0036.png,0.00000000
BCD_r0026_c0037,T1/BCD_r0026_c0037.png,T2/BCD_r0026_c0037.png,0,masks/BCD_r0026_c0037.png,0.00000000
BCD_r0026_c0038,T1/BCD_r0026_c0038.png,T2/BCD_r0026_c0038.png,1,masks/BCD_r0026_c0038.png,0.03685029
BCD_r0026_c0039,T1/BCD_r0026_c0039.png,T2/BCD_r0026_c0039.png,0,masks/BCD_r0026_c0039.png,0.00000000
BCD_r0026_c0040,T1/BCD_r0026_c0040.png,T2/BCD_r0026_c0040.png,0,masks/BCD_r0026_c0040.png,0.00000000
BCD_r0026_c0041,T1/BCD_r0026_c0041.png,T2/BCD_r0026_c0041.png,0,masks/BCD_r0026_c0041.png,0.00000000
BCD_r0026_c0042,T1/BCD_r0026_c0042.png,T2/BCD_r0026_c0042.png,0,masks/BCD_r0026_c0042.png,0.00000000
BCD_r0026_c0043,T1/BCD_r0026_c0043.png,T2/BCD_r0026_c0043.png,0,masks/BCD_r0026_c0043.png,0.00000000
BCD_r0026_c0044,T1/BCD_r0026_c0044.png,T2/BCD_r0026_c0044.png,0,masks/BCD_r0026_c0044.png,0.00000000
BCD_r0026_c0045,T1/BCD_r0026_c0045.png,T2/BCD_r0026_c0045.png,0,masks/BCD_r0026_c0045.png,0.00000000
BCD_r0026_c0046,T1/BCD_r0026_c0046.png,T2/BCD_r0026_c0046.png,0,masks/BCD_r0026_c0046.png,0.00000000
BCD_r0026_c0047,T1/BCD_r0026_c0047.png,T2/BCD_r0026_c0047.png,0,masks/BCD_r0026_c0047.png,0.00000000
BCD_r0026_c0048,T1/BCD_r0026_c0048.png,T2/BCD_r0026_c0048.png,0,masks/BCD_r0026_c0048.png,0.00000000
BCD_r0026_c0049,T1/BCD_r0026_c0049.png,T2/BCD_r0026_c0049.png,0,masks/BCD_r0026_c0049.png,0.00000000
BCD_r0026_c0050,T1/BCD_r0026_c0050.png,T2/BCD_r0026_c0050.png,0,masks/BCD_r0026_c0050.png,0.00000000
BCD_r0026_c0051,T1/BCD_r0026_c0051.png,T2/BCD_r0026_c0051.png,0,masks/BCD_r0026_c0051.png,0.00000000
BCD_r0026_c0052,T1/BCD_r0026_c0052.png,T2/BCD_r0026_c0052.png,0,masks/BCD_r0026_c0052.png,0.00000000
BCD_r0026_c0053,T1/BCD_r0026_c0053.png,T2/BCD_r0026_c0053.png,0,masks/BCD_r0026_c0053.png,0.00000000
BCD_r0026_c0054,T1/BCD_r0026_c0054.png,T2/BCD_r0026_c0054.png,0,masks/BCD_r0026_c0054.png,0.00000000
BCD_r0026_c0055,T1/BCD_r0026_c0055.png,T2/BCD_r0026_c0055.png,0,masks/BCD_r0026_c0055.png,0.00000000
BCD_r0026_c0056,T1/BCD_r0026_c0056.png,T2/BCD_r0026_c0056.png,0,masks/BCD_r0026_c0056.png,0.00000000
BCD_r0026_c0057,T1/BCD_r0026_c0057.png,T2/BCD_r0026_c0057.png,0,masks/BCD_r0026_c0057.png,0.00000000
BCD_r0026_c0058,T1/BCD_r0026_c0058.png,T2/BCD_r0026_c0058.png,1,masks/BCD_r0026_c0058.png,0.01877392
BCD_r0026_c0059,T1/BCD_r0026_c0059.png,T2/BCD_r0026_c0059.png,0,masks/BCD_r0026_c0059.png,0.00000000
BCD_r0026_c0060,T1/BCD_r0026_c0060.png,T2/BCD_r0026_c0060.png,0,masks/BCD_r0026_c0060.png,0.00000000
BCD_r0026_c0061,T1/BCD_r0026_c0061.png,T2/BCD_r0026_c0061.png,0,masks/BCD_r0026_c0061.png,0.00000000
BCD_r0026_c0062,T1/BCD_r0026_c0062.png,T2/BCD_r0026_c0062.png,0,masks/BCD_r0026_c0062.png,0.00000000
BCD_r0026_c0063,T1/BCD_r0026_c0063.png,T2/BCD_r0026_c0063.png,1,masks/BCD_r0026_c0063.png,0.03208705
BCD_r0026_c0064,T1/BCD_r0026_c0064.png,T2/BCD_r0026_c0064.png,0,masks/BCD_r0026_c0064.png,0.00000000
BCD_r0026_c0065,T1/BCD_r0026_c0065.png,T2/BCD_r0026_c0065.png,0,masks/BCD_r0026_c0065.png,0.00000000
BCD_r0026_c0066,T1/BCD_r0026_c0066.png,T2/BCD_r0026_c0066.png,0,masks/BCD_r0026_c0066.png,0.00000000
BCD_r0026_c0067,T1/BCD_r0026_c0067.png,T2/BCD_r0026_c0067.png,0,masks/BCD_r0026_c0067.png,0.00000000
BCD_r0026_c0068,T1/BCD_r0026_c0068.png,T2/BCD_r0026_c0068.png,0,masks/BCD_r0026_c0068.png,0.00000000
BCD_r0026_c0069,T1/BCD_r0026_c0069.png,T2/BCD_r0026_c0069.png,0,masks/BCD_r0026_c0069.png,0.00000000
BCD_r0026_c0070,T1/BCD_r0026_c0070.png,T2/BCD_r0026_c0070.png,0,masks/BCD_r0026_c0070.png,0.00000000
BCD_r0026_c0071,T1/BCD_r0026_c0071.png,T2/BCD_r0026_c0071.png,0,masks/BCD_r0026_c0071.png,0.00000000
BCD_r0026_c0072,T1/BCD_r0026_c0072.png,T2/BCD_r0026_c0072.png,0,masks/BCD_r0026_c0072.png,0.00000000
BCD_r0026_c0073,T1/BCD_r0026_c0073.png,T2/BCD_r0026_c0073.png,0,masks/BCD_r0026_c0073.png,0.00000000
BCD_r0026_c0074,T1/BCD_r0026_c0074.png,T2/BCD_r0026_c0074.png,0,masks/BCD_r0026_c0074.png,0.00000000
BCD_r0026_c0075,T1/BCD_r0026_c0075.png,T2/BCD_r0026_c0075.png,0,masks/BCD_r0026_c0075.png,0.00000000
BCD_r0026_c0076,T1/BCD_r0026_c0076.png,T2/BCD_r0026_c0076.png,0,masks/BCD_r0026_c0076.png,0.00000000
BCD_r0026_c0077,T1/BCD_r0026_c0077.png,T2/BCD_r0026_c0077.png,0,masks/BCD_r0026_c0077.png,0.00000000
BCD_r0026_c0078,T1/BCD_r0026_c0078.png,T2/BCD_r0026_c0078.png,0,masks/BCD_r0026_c0078.png,0.00000000
BCD_r0026_c0079,T1/BCD_r0026_c0079.png,T2/BCD_r0026_c0079.png,0,masks/BCD_r0026_c0079.png,0.00000000
BCD_r0026_c0080,T1/BCD_r0026_c0080.png,T2/BCD_r0026_c0080.png,0,masks/BCD_r0026_c0080.png,0.00000000
BCD_r0026_c0081,T1/BCD_r0026_c0081.png,T2/BCD_r0026_c0081.png,0,masks/BCD_r0026_c0081.png,0.00000000
BCD_r0026_c0082,T1/BCD_r0026_c0082.png,T2/BCD_r0026_c0082.png,0,masks/BCD_r0026_c0082.png,0.00000000
BCD_r0026_c0083,T1/BCD_r0026_c0083.png,T2/BCD_r0026_c0083.png,0,masks/BCD_r0026_c0083.png,0.00000000
BCD_r0026_c0084,T1/BCD_r0026_c0084.png,T2/BCD_r0026_c0084.png,0,masks/BCD_r0026_c0084.png,0.00000000
BCD_r0026_c0085,T1/BCD_r0026_c0085.png,T2/BCD_r0026_c0085.png,0,masks/BCD_r0026_c0085.png,0.00000000
BCD_r0026_c0086,T1/BCD_r0026_c0086.png,T2/BCD_r0026_c0086.png,0,masks/BCD_r0026_c0086.png,0.00000000
BCD_r0026_c0087,T1/BCD_r0026_c0087.png,T2/BCD_r0026_c0087.png,0,masks/BCD_r0026_c0087.png,0.00000000
BCD_r0026_c0088,T1/BCD_r0026_c0088.png,T2/BCD_r0026_c0088.png,0,masks/BCD_r0026_c0088.png,0.00000000
BCD_r0026_c0089,T1/BCD_r0026_c0089.png,T2/BCD_r0026_c0089.png,0,masks/BCD_r0026_c0089.png,0.00000000
BCD_r0026_c0090,T1/BCD_r0026_c0090.png,T2/BCD_r0026_c0090.png,0,masks/BCD_r0026_c0090.png,0.00000000
BCD_r0026_c0091,T1/BCD_r0026_c0091.png,T2/BCD_r0026_c0091.png,0,masks/BCD_r0026_c0091.png,0.00000000
BCD_r0026_c0092,T1/BCD_r0026_c0092.png,T2/BCD_r0026_c0092.png,0,masks/BCD_r0026_c0092.png,0.00000000
BCD_r0026_c0093,T1/BCD_r0026_c0093.png,T2/BCD_r0026_c0093.png,0,masks/BCD_r0026_c0093.png,0.00000000
BCD_r0026_c0094,T1/BCD_r0026_c0094.png,T2/BCD_r0026_c0094.png,1,masks/BCD_r0026_c0094.png,0.07238520
BCD_r0026_c0095,T1/BCD_r0026_c0095.png,T2/BCD_r0026_c0095.png,1,masks/BCD_r0026_c0095.png,0.11346062
BCD_r0026_c0096,T1/BCD_r0026_c0096.png,T2/BCD_r0026_c0096.png,1,masks/BCD_r0026_c0096.png,0.02780214
BCD_r0026_c0097,T1/BCD_r0026_c0097.png,T2/BCD_r0026_c0097.png,1,masks/BCD_r0026_c0097.png,0.03398039
BCD_r0026_c0098,T1/BCD_r0026_c0098.png,T2/BCD_r0026_c0098.png,1,masks/BCD_r0026_c0098.png,0.37165179
BCD_r0026_c0099,T1/BCD_r0026_c0099.png,T2/BCD_r0026_c0099.png,1,masks/BCD_r0026_c0099.png,0.60363520
BCD_r0026_c0100,T1/BCD_r0026_c0100.png,T2/BCD_r0026_c0100.png,1,masks/BCD_r0026_c0100.png,0.93937341
BCD_r0026_c0101,T1/BCD_r0026_c0101.png,T2/BCD_r0026_c0101.png,1,masks/BCD_r0026_c0101.png,0.82122927
BCD_r0026_c0102,T1/BCD_r0026_c0102.png,T2/BCD_r0026_c0102.png,1,masks/BCD_r0026_c0102.png,0.06829959
BCD_r0026_c0103,T1/BCD_r0026_c0103.png,T2/BCD_r0026_c0103.png,0,masks/BCD_r0026_c0103.png,0.00000000
BCD_r0026_c0104,T1/BCD_r0026_c0104.png,T2/BCD_r0026_c0104.png,1,masks/BCD_r0026_c0104.png,0.00191327
BCD_r0026_c0105,T1/BCD_r0026_c0105.png,T2/BCD_r0026_c0105.png,1,masks/BCD_r0026_c0105.png,0.02929688
BCD_r0026_c0106,T1/BCD_r0026_c0106.png,T2/BCD_r0026_c0106.png,1,masks/BCD_r0026_c0106.png,0.17321030
BCD_r0026_c0107,T1/BCD_r0026_c0107.png,T2/BCD_r0026_c0107.png,1,masks/BCD_r0026_c0107.png,0.21460459
BCD_r0026_c0108,T1/BCD_r0026_c0108.png,T2/BCD_r0026_c0108.png,1,masks/BCD_r0026_c0108.png,0.01369180
BCD_r0026_c0109,T1/BCD_r0026_c0109.png,T2/BCD_r0026_c0109.png,0,masks/BCD_r0026_c0109.png,0.00000000
BCD_r0026_c0110,T1/BCD_r0026_c0110.png,T2/BCD_r0026_c0110.png,0,masks/BCD_r0026_c0110.png,0.00000000
BCD_r0026_c0111,T1/BCD_r0026_c0111.png,T2/BCD_r0026_c0111.png,0,masks/BCD_r0026_c0111.png,0.00000000
BCD_r0026_c0112,T1/BCD_r0026_c0112.png,T2/BCD_r0026_c0112.png,0,masks/BCD_r0026_c0112.png,0.00000000
BCD_r0026_c0113,T1/BCD_r0026_c0113.png,T2/BCD_r0026_c0113.png,0,masks/BCD_r0026_c0113.png,0.00000000
BCD_r0026_c0114,T1/BCD_r0026_c0114.png,T2/BCD_r0026_c0114.png,0,masks/BCD_r0026_c0114.png,0.00000000
BCD_r0026_c0115,T1/BCD_r0026_c0115.png,T2/BCD_r0026_c0115.png,0,masks/BCD_r0026_c0115.png,0.00000000
BCD_r0026_c0116,T1/BCD_r0026_c0116.png,T2/BCD_r0026_c0116.png,0,masks/BCD_r0026_c0116.png,0.00000000
BCD_r0026_c0117,T1/BCD_r0026_c0117.png,T2/BCD_r0026_c0117.png,0,masks/BCD_r0026_c0117.png,0.00000000
BCD_r0026_c0118,T1/BCD_r0026_c0118.png,T2/BCD_r0026_c0118.png,0,masks/BCD_r0026_c0118.png,0.00000000
BCD_r0026_c0119,T1/BCD_r0026_c0119.png,T2/BCD_r0026_c0119.png,0,masks/BCD_r0026_c0119.png,0.00000000
BCD_r0026_c0120,T1/BCD_r0026_c0120.png,T2/BCD_r0026_c0120.png,0,masks/BCD_r0026_c0120.png,0.00000000
BCD_r0026_c0121,T1/BCD_r0026_c0121.png,T2/BCD_r0026_c0121.png,0,masks/BCD_r0026_c0121.png,0.00000000
BCD_r0026_c0122,T1/BCD_r0026_c0122.png,T2/BCD_r0026_c0122.png,0,masks/BCD_r0026_c0122.png,0.00000000
BCD_r0026_c0123,T1/BCD_r0026_c0123.png,T2/BCD_r0026_c0123.png,1,masks/BCD_r0026_c0123.png,0.00320871
BCD_r0026_c0124,T1/BCD_r0026_c0124.png,T2/BCD_r0026_c0124.png,1,masks/BCD_r0026_c0124.png,0.00007972
BCD_r0026_c0125,T1/BCD_r0026_c0125.png,T2/BCD_r0026_c0125.png,0,masks/BCD_r0026_c0125.png,0.00000000
BCD_r0026_c0126,T1/BCD_r0026_c0126.png,T2/BCD_r0026_c0126.png,0,masks/BCD_r0026_c0126.png,0.00000000
BCD_r0026_c0127,T1/BCD_r0026_c0127.png,T2/BCD_r0026_c0127.png,0,masks/BCD_r0026_c0127.png,0.00000000
BCD_r0026_c0128,T1/BCD_r0026_c0128.png,T2/BCD_r0026_c0128.png,0,masks/BCD_r0026_c0128.png,0.00000000
BCD_r0026_c0129,T1/BCD_r0026_c0129.png,T2/BCD_r0026_c0129.png,0,masks/BCD_r0026_c0129.png,0.00000000
BCD_r0026_c0130,T1/BCD_r0026_c0130.png,T2/BCD_r0026_c0130.png,0,masks/BCD_r0026_c0130.png,0.00000000
BCD_r0026_c0131,T1/BCD_r0026_c0131.png,T2/BCD_r0026_c0131.png,0,masks/BCD_r0026_c0131.png,0.00000000
BCD_r0026_c0132,T1/BCD_r0026_c0132.png,T2/BCD_r0026_c0132.png,0,masks/BCD_r0026_c0132.png,0.00000000
BCD_r0026_c0133,T1/BCD_r0026_c0133.png,T2/BCD_r0026_c0133.png,0,masks/BCD_r0026_c0133.png,0.00000000
BCD_r0026_c0134,T1/BCD_r0026_c0134.png,T2/BCD_r0026_c0134.png,0,masks/BCD_r0026_c0134.png,0.00000000
BCD_r0026_c0135,T1/BCD_r0026_c0135.png,T2/BCD_r0026_c0135.png,0,masks/BCD_r0026_c0135.png,0.00000000
BCD_r0026_c0136,T1/BCD_r0026_c0136.png,T2/BCD_r0026_c0136.png,0,masks/BCD_r0026_c0136.png,0.00000000
BCD_r0026_c0137,T1/BCD_r0026_c0137.png,T2/BCD_r0026_c0137.png,0,masks/BCD_r0026_c0137.png,0.00000000
BCD_r0026_c0138,T1/BCD_r0026_c0138.png,T2/BCD_r0026_c0138.png,0,masks/BCD_r0026_c0138.png,0.00000000
BCD_r0026_c0139,T1/BCD_r0026_c0139.png,T2/BCD_r0026_c0139.png,0,masks/BCD_r0026_c0139.png,0.00000000
BCD_r0026_c0140,T1/BCD_r0026_c0140.png,T2/BCD_r0026_c0140.png,0,masks/BCD_r0026_c0140.png,0.00000000
BCD_r0026_c0141,T1/BCD_r0026_c0141.png,T2/BCD_r0026_c0141.png,0,masks/BCD_r0026_c0141.png,0.00000000
BCD_r0026_c0142,T1/BCD_r0026_c0142.png,T2/BCD_r0026_c0142.png,0,masks/BCD_r0026_c0142.png,0.00000000
BCD_r0026_c0143,T1/BCD_r0026_c0143.png,T2/BCD_r0026_c0143.png,0,masks/BCD_r0026_c0143.png,0.00000000
BCD_r0026_c0144,T1/BCD_r0026_c0144.png,T2/BCD_r0026_c0144.png,0,masks/BCD_r0026_c0144.png,0.00000000
BCD_r0027_c0000,T1/BCD_r0027_c0000.png,T2/BCD_r0027_c0000.png,0,masks/BCD_r0027_c0000.png,0.00000000
BCD_r0027_c0001,T1/BCD_r0027_c0001.png,T2/BCD_r0027_c0001.png,0,masks/BCD_r0027_c0001.png,0.00000000
BCD_r0027_c0002,T1/BCD_r0027_c0002.png,T2/BCD_r0027_c0002.png,0,masks/BCD_r0027_c0002.png,0.00000000
BCD_r0027_c0003,T1/BCD_r0027_c0003.png,T2/BCD_r0027_c0003.png,0,masks/BCD_r0027_c0003.png,0.00000000
BCD_r0027_c0004,T1/BCD_r0027_c0004.png,T2/BCD_r0027_c0004.png,0,masks/BCD_r0027_c0004.png,0.00000000
BCD_r0027_c0005,T1/BCD_r0027_c0005.png,T2/BCD_r0027_c0005.png,0,masks/BCD_r0027_c0005.png,0.00000000
BCD_r0027_c0006,T1/BCD_r0027_c0006.png,T2/BCD_r0027_c0006.png,0,masks/BCD_r0027_c0006.png,0.00000000
BCD_r0027_c0007,T1/BCD_r0027_c0007.png,T2/BCD_r0027_c0007.png,0,masks/BCD_r0027_c0007.png,0.00000000
BCD_r0027_c0008,T1/BCD_r0027_c0008.png,T2/BCD_r0027_c0008.png,0,masks/BCD_r0027_c0008.png,0.00000000
BCD_r0027_c0009,T1/BCD_r0027_c0009.png,T2/BCD_r0027_c0009.png,0,masks/BCD_r0027_c0009.png,0.00000000
BCD_r0027_c0010,T1/BCD_r0027_c0010.png,T2/BCD_r0027_c0010.png,0,masks/BCD_r0027_c0010.png,0.00000000
BCD_r0027_c0011,T1/BCD_r0027_c0011.png,T2/BCD_r0027_c0011.png,0,masks/BCD_r0027_c0011.png,0.00000000
BCD_r0027_c0012,T1/BCD_r0027_c0012.png,T2/BCD_r0027_c0012.png,0,masks/BCD_r0027_c0012.png,0.00000000
BCD_r0027_c0013,T1/BCD_r0027_c0013.png,T2/BCD_r0027_c0013.png,0,masks/BCD_r0027_c0013.png,0.00000000
BCD_r0027_c0014,T1/BCD_r0027_c0014.png,T2/BCD_r0027_c0014.png,0,masks/BCD_r0027_c0014.png,0.00000000
BCD_r0027_c0015,T1/BCD_r0027_c0015.png,T2/BCD_r0027_c0015.png,0,masks/BCD_r0027_c0015.png,0.00000000
BCD_r0027_c0016,T1/BCD_r0027_c0016.png,T2/BCD_r0027_c0016.png,0,masks/BCD_r0027_c0016.png,0.00000000
BCD_r0027_c0017,T1/BCD_r0027_c0017.png,T2/BCD_r0027_c0017.png,0,masks/BCD_r0027_c0017.png,0.00000000
BCD_r0027_c0018,T1/BCD_r0027_c0018.png,T2/BCD_r0027_c0018.png,0,masks/BCD_r0027_c0018.png,0.00000000
BCD_r0027_c0019,T1/BCD_r0027_c0019.png,T2/BCD_r0027_c0019.png,1,masks/BCD_r0027_c0019.png,0.03983976
BCD_r0027_c0020,T1/BCD_r0027_c0020.png,T2/BCD_r0027_c0020.png,1,masks/BCD_r0027_c0020.png,0.01333307
BCD_r0027_c0021,T1/BCD_r0027_c0021.png,T2/BCD_r0027_c0021.png,1,masks/BCD_r0027_c0021.png,0.00159439
BCD_r0027_c0022,T1/BCD_r0027_c0022.png,T2/BCD_r0027_c0022.png,1,masks/BCD_r0027_c0022.png,0.00113600
BCD_r0027_c0023,T1/BCD_r0027_c0023.png,T2/BCD_r0027_c0023.png,1,masks/BCD_r0027_c0023.png,0.00823103
BCD_r0027_c0024,T1/BCD_r0027_c0024.png,T2/BCD_r0027_c0024.png,0,masks/BCD_r0027_c0024.png,0.00000000
BCD_r0027_c0025,T1/BCD_r0027_c0025.png,T2/BCD_r0027_c0025.png,0,masks/BCD_r0027_c0025.png,0.00000000
BCD_r0027_c0026,T1/BCD_r0027_c0026.png,T2/BCD_r0027_c0026.png,1,masks/BCD_r0027_c0026.png,0.22548629
BCD_r0027_c0027,T1/BCD_r0027_c0027.png,T2/BCD_r0027_c0027.png,1,masks/BCD_r0027_c0027.png,0.27806122
BCD_r0027_c0028,T1/BCD_r0027_c0028.png,T2/BCD_r0027_c0028.png,1,masks/BCD_r0027_c0028.png,0.10608658
BCD_r0027_c0029,T1/BCD_r0027_c0029.png,T2/BCD_r0027_c0029.png,0,masks/BCD_r0027_c0029.png,0.00000000
BCD_r0027_c0030,T1/BCD_r0027_c0030.png,T2/BCD_r0027_c0030.png,0,masks/BCD_r0027_c0030.png,0.00000000
BCD_r0027_c0031,T1/BCD_r0027_c0031.png,T2/BCD_r0027_c0031.png,1,masks/BCD_r0027_c0031.png,0.18030533
BCD_r0027_c0032,T1/BCD_r0027_c0032.png,T2/BCD_r0027_c0032.png,1,masks/BCD_r0027_c0032.png,0.04095584
BCD_r0027_c0033,T1/BCD_r0027_c0033.png,T2/BCD_r0027_c0033.png,0,masks/BCD_r0027_c0033.png,0.00000000
BCD_r0027_c0034,T1/BCD_r0027_c0034.png,T2/BCD_r0027_c0034.png,0,masks/BCD_r0027_c0034.png,0.00000000
BCD_r0027_c0035,T1/BCD_r0027_c0035.png,T2/BCD_r0027_c0035.png,0,masks/BCD_r0027_c0035.png,0.00000000
BCD_r0027_c0036,T1/BCD_r0027_c0036.png,T2/BCD_r0027_c0036.png,0,masks/BCD_r0027_c0036.png,0.00000000
BCD_r0027_c0037,T1/BCD_r0027_c0037.png,T2/BCD_r0027_c0037.png,0,masks/BCD_r0027_c0037.png,0.00000000
BCD_r0027_c0038,T1/BCD_r0027_c0038.png,T2/BCD_r0027_c0038.png,0,masks/BCD_r0027_c0038.png,0.00000000
BCD_r0027_c0039,T1/BCD_r0027_c0039.png,T2/BCD_r0027_c0039.png,0,masks/BCD_r0027_c0039.png,0.00000000
BCD_r0027_c0040,T1/BCD_r0027_c0040.png,T2/BCD_r0027_c0040.png,0,masks/BCD_r0027_c0040.png,0.00000000
BCD_r0027_c0041,T1/BCD_r0027_c0041.png,T2/BCD_r0027_c0041.png,0,masks/BCD_r0027_c0041.png,0.00000000
BCD_r0027_c0042,T1/BCD_r0027_c0042.png,T2/BCD_r0027_c0042.png,0,masks/BCD_r0027_c0042.png,0.00000000
BCD_r0027_c0043,T1/BCD_r0027_c0043.png,T2/BCD_r0027_c0043.png,0,masks/BCD_r0027_c0043.png,0.00000000
BCD_r0027_c0044,T1/BCD_r0027_c0044.png,T2/BCD_r0027_c0044.png,0,masks/BCD_r0027_c0044.png,0.00000000
BCD_r0027_c0045,T1/BCD_r0027_c0045.png,T2/BCD_r0027_c0045.png,0,masks/BCD_r0027_c0045.png,0.00000000
BCD_r0027_c0046,T1/BCD_r0027_c0046.png,T2/BCD_r0027_c0046.png,0,masks/BCD_r0027_c0046.png,0.00000000
BCD_r0027_c0047,T1/BCD_r0027_c0047.png,T2/BCD_r0027_c0047.png,0,masks/BCD_r0027_c0047.png,0.00000000
BCD_r0027_c0048,T1/BCD_r0027_c0048.png,T2/BCD_r0027_c0048.png,0,masks/BCD_r0027_c0048.png,0.00000000
BCD_r0027_c0049,T1/BCD_r0027_c0049.png,T2/BCD_r0027_c0049.png,0,masks/BCD_r0027_c0049.png,0.00000000
BCD_r0027_c0050,T1/BCD_r0027_c0050.png,T2/BCD_r0027_c0050.png,0,masks/BCD_r0027_c0050.png,0.00000000
BCD_r0027_c0051,T1/BCD_r0027_c0051.png,T2/BCD_r0027_c0051.png,0,masks/BCD_r0027_c0051.png,0.00000000
BCD_r0027_c0052,T1/BCD_r0027_c0052.png,T2/BCD_r0027_c0052.png,0,masks/BCD_r0027_c0052.png,0.00000000
BCD_r0027_c0053,T1/BCD_r0027_c0053.png,T2/BCD_r0027_c0053.png,0,masks/BCD_r0027_c0053.png,0.00000000
BCD_r0027_c0054,T1/BCD_r0027_c0054.png,T2/BCD_r0027_c0054.png,0,masks/BCD_r0027_c0054.png,0.00000000
BCD_r0027_c0055,T1/BCD_r0027_c0055.png,T2/BCD_r0027_c0055.png,0,masks/BCD_r0027_c0055.png,0.00000000
BCD_r0027_c0056,T1/BCD_r0027_c0056.png,T2/BCD_r0027_c0056.png,1,masks/BCD_r0027_c0056.png,0.14475048
BCD_r0027_c0057,T1/BCD_r0027_c0057.png,T2/BCD_r0027_c0057.png,1,masks/BCD_r0027_c0057.png,0.02724410
BCD_r0027_c0058,T1/BCD_r0027_c0058.png,T2/BCD_r0027_c0058.png,0,masks/BCD_r0027_c0058.png,0.00000000
BCD_r0027_c0059,T1/BCD_r0027_c0059.png,T2/BCD_r0027_c0059.png,0,masks/BCD_r0027_c0059.png,0.00000000
BCD_r0027_c0060,T1/BCD_r0027_c0060.png,T2/BCD_r0027_c0060.png,0,masks/BCD_r0027_c0060.png,0.00000000
BCD_r0027_c0061,T1/BCD_r0027_c0061.png,T2/BCD_r0027_c0061.png,0,masks/BCD_r0027_c0061.png,0.00000000
BCD_r0027_c0062,T1/BCD_r0027_c0062.png,T2/BCD_r0027_c0062.png,0,masks/BCD_r0027_c0062.png,0.00000000
BCD_r0027_c0063,T1/BCD_r0027_c0063.png,T2/BCD_r0027_c0063.png,0,masks/BCD_r0027_c0063.png,0.00000000
BCD_r0027_c0064,T1/BCD_r0027_c0064.png,T2/BCD_r0027_c0064.png,0,masks/BCD_r0027_c0064.png,0.00000000
BCD_r0027_c0065,T1/BCD_r0027_c0065.png,T2/BCD_r0027_c0065.png,0,masks/BCD_r0027_c0065.png,0.00000000
BCD_r0027_c0066,T1/BCD_r0027_c0066.png,T2/BCD_r0027_c0066.png,0,masks/BCD_r0027_c0066.png,0.00000000
BCD_r0027_c0067,T1/BCD_r0027_c0067.png,T2/BCD_r0027_c0067.png,0,masks/BCD_r0027_c0067.png,0.00000000
BCD_r0027_c0068,T1/BCD_r0027_c0068.png,T2/BCD_r0027_c0068.png,0,masks/BCD_r0027_c0068.png,0.00000000
BCD_r0027_c0069,T1/BCD_r0027_c0069.png,T2/BCD_r0027_c0069.png,0,masks/BCD_r0027_c0069.png,0.00000000
BCD_r0027_c0070,T1/BCD_r0027_c0070.png,T2/BCD_r0027_c0070.png,0,masks/BCD_r0027_c0070.png,0.00000000
BCD_r0027_c0071,T1/BCD_r0027_c0071.png,T2/BCD_r0027_c0071.png,0,masks/BCD_r0027_c0071.png,0.00000000
BCD_r0027_c0072,T1/BCD_r0027_c0072.png,T2/BCD_r0027_c0072.png,0,masks/BCD_r0027_c0072.png,0.00000000
BCD_r0027_c0073,T1/BCD_r0027_c0073.png,T2/BCD_r0027_c0073.png,0,masks/BCD_r0027_c0073.png,0.00000000
BCD_r0027_c0074,T1/BCD_r0027_c0074.png,T2/BCD_r0027_c0074.png,0,masks/BCD_r0027_c0074.png,0.00000000
BCD_r0027_c0075,T1/BCD_r0027_c0075.png,T2/BCD_r0027_c0075.png,0,masks/BCD_r0027_c0075.png,0.00000000
BCD_r0027_c0076,T1/BCD_r0027_c0076.png,T2/BCD_r0027_c0076.png,0,masks/BCD_r0027_c0076.png,0.00000000
BCD_r0027_c0077,T1/BCD_r0027_c0077.png,T2/BCD_r0027_c0077.png,0,masks/BCD_r0027_c0077.png,0.00000000
BCD_r0027_c0078,T1/BCD_r0027_c0078.png,T2/BCD_r0027_c0078.png,0,masks/BCD_r0027_c0078.png,0.00000000
BCD_r0027_c0079,T1/BCD_r0027_c0079.png,T2/BCD_r0027_c0079.png,0,masks/BCD_r0027_c0079.png,0.00000000
BCD_r0027_c0080,T1/BCD_r0027_c0080.png,T2/BCD_r0027_c0080.png,0,masks/BCD_r0027_c0080.png,0.00000000
BCD_r0027_c0081,T1/BCD_r0027_c0081.png,T2/BCD_r0027_c0081.png,0,masks/BCD_r0027_c0081.png,0.00000000
BCD_r0027_c0082,T1/BCD_r0027_c0082.png,T2/BCD_r0027_c0082.png,0,masks/BCD_r0027_c0082.png,0.00000000
BCD_r0027_c0083,T1/BCD_r0027_c0083.png,T2/BCD_r0027_c0083.png,0,masks/BCD_r0027_c0083.png,0.00000000
BCD_r0027_c0084,T1/BCD_r0027_c0084.png,T2/BCD_r0027_c0084.png,0,masks/BCD_r0027_c0084.png,0.00000000
BCD_r0027_c0085,T1/BCD_r0027_c0085.png,T2/BCD_r0027_c0085.png,0,masks/BCD_r0027_c0085.png,0.00000000
BCD_r0027_c0086,T1/BCD_r0027_c0086.png,T2/BCD_r0027_c0086.png,0,masks/BCD_r0027_c0086.png,0.00000000
BCD_r0027_c0087,T1/BCD_r0027_c0087.png,T2/BCD_r0027_c0087.png,0,masks/BCD_r0027_c0087.png,0.00000000
BCD_r0027_c0088,T1/BCD_r0027_c0088.png,T2/BCD_r0027_c0088.png,0,masks/BCD_r0027_c0088.png,0.00000000
BCD_r0027_c0089,T1/BCD_r0027_c0089.png,T2/BCD_r0027_c0089.png,0,masks/BCD_r0027_c0089.png,0.00000000
BCD_r0027_c0090,T1/BCD_r0027_c0090.png,T2/BCD_r0027_c0090.png,1,masks/BCD_r0027_c0090.png,0.13891103
BCD_r0027_c0091,T1/BCD_r0027_c0091.png,T2/BCD_r0027_c0091.png,0,masks/BCD_r0027_c0091.png,0.00000000
BCD_r0027_c0092,T1/BCD_r0027_c0092.png,T2/BCD_r0027_c0092.png,0,masks/BCD_r0027_c0092.png,0.00000000
BCD_r0027_c0093,T1/BCD_r0027_c0093.png,T2/BCD_r0027_c0093.png,0,masks/BCD_r0027_c0093.png,0.00000000
BCD_r0027_c0094,T1/BCD_r0027_c0094.png,T2/BCD_r0027_c0094.png,0,masks/BCD_r0027_c0094.png,0.00000000
BCD_r0027_c0095,T1/BCD_r0027_c0095.png,T2/BCD_r0027_c0095.png,0,masks/BCD_r0027_c0095.png,0.00000000
BCD_r0027_c0096,T1/BCD_r0027_c0096.png,T2/BCD_r0027_c0096.png,0,masks/BCD_r0027_c0096.png,0.00000000
BCD_r0027_c0097,T1/BCD_r0027_c0097.png,T2/BCD_r0027_c0097.png,1,masks/BCD_r0027_c0097.png,0.19698661
BCD_r0027_c0098,T1/BCD_r0027_c0098.png,T2/BCD_r0027_c0098.png,1,masks/BCD_r0027_c0098.png,0.25534120
BCD_r0027_c0099,T1/BCD_r0027_c0099.png,T2/BCD_r0027_c0099.png,1,masks/BCD_r0027_c0099.png,0.86208546
BCD_r0027_c0100,T1/BCD_r0027_c0100.png,T2/BCD_r0027_c0100.png,1,masks/BCD_r0027_c0100.png,0.81457270
BCD_r0027_c0101,T1/BCD_r0027_c0101.png,T2/BCD_r0027_c0101.png,1,masks/BCD_r0027_c0101.png,0.66338489
BCD_r0027_c0102,T1/BCD_r0027_c0102.png,T2/BCD_r0027_c0102.png,1,masks/BCD_r0027_c0102.png,0.18771923
BCD_r0027_c0103,T1/BCD_r0027_c0103.png,T2/BCD_r0027_c0103.png,1,masks/BCD_r0027_c0103.png,0.00434471
BCD_r0027_c0104,T1/BCD_r0027_c0104.png,T2/BCD_r0027_c0104.png,1,masks/BCD_r0027_c0104.png,0.22439015
BCD_r0027_c0105,T1/BCD_r0027_c0105.png,T2/BCD_r0027_c0105.png,1,masks/BCD_r0027_c0105.png,0.45127152
BCD_r0027_c0106,T1/BCD_r0027_c0106.png,T2/BCD_r0027_c0106.png,1,masks/BCD_r0027_c0106.png,0.13689812
BCD_r0027_c0107,T1/BCD_r0027_c0107.png,T2/BCD_r0027_c0107.png,0,masks/BCD_r0027_c0107.png,0.00000000
BCD_r0027_c0108,T1/BCD_r0027_c0108.png,T2/BCD_r0027_c0108.png,0,masks/BCD_r0027_c0108.png,0.00000000
BCD_r0027_c0109,T1/BCD_r0027_c0109.png,T2/BCD_r0027_c0109.png,0,masks/BCD_r0027_c0109.png,0.00000000
BCD_r0027_c0110,T1/BCD_r0027_c0110.png,T2/BCD_r0027_c0110.png,0,masks/BCD_r0027_c0110.png,0.00000000
BCD_r0027_c0111,T1/BCD_r0027_c0111.png,T2/BCD_r0027_c0111.png,0,masks/BCD_r0027_c0111.png,0.00000000
BCD_r0027_c0112,T1/BCD_r0027_c0112.png,T2/BCD_r0027_c0112.png,0,masks/BCD_r0027_c0112.png,0.00000000
BCD_r0027_c0113,T1/BCD_r0027_c0113.png,T2/BCD_r0027_c0113.png,0,masks/BCD_r0027_c0113.png,0.00000000
BCD_r0027_c0114,T1/BCD_r0027_c0114.png,T2/BCD_r0027_c0114.png,0,masks/BCD_r0027_c0114.png,0.00000000
BCD_r0027_c0115,T1/BCD_r0027_c0115.png,T2/BCD_r0027_c0115.png,0,masks/BCD_r0027_c0115.png,0.00000000
BCD_r0027_c0116,T1/BCD_r0027_c0116.png,T2/BCD_r0027_c0116.png,1,masks/BCD_r0027_c0116.png,0.04225128
BCD_r0027_c0117,T1/BCD_r0027_c0117.png,T2/BCD_r0027_c0117.png,0,masks/BCD_r0027_c0117.png,0.00000000
BCD_r0027_c0118,T1/BCD_r0027_c0118.png,T2/BCD_r0027_c0118.png,0,masks/BCD_r0027_c0118.png,0.00000000
BCD_r0027_c0119,T1/BCD_r0027_c0119.png,T2/BCD_r0027_c0119.png,0,masks/BCD_r0027_c0119.png,0.00000000
BCD_r0027_c0120,T1/BCD_r0027_c0120.png,T2/BCD_r0027_c0120.png,0,masks/BCD_r0027_c0120.png,0.00000000
BCD_r0027_c0121,T1/BCD_r0027_c0121.png,T2/BCD_r0027_c0121.png,0,masks/BCD_r0027_c0121.png,0.00000000
BCD_r0027_c0122,T1/BCD_r0027_c0122.png,T2/BCD_r0027_c0122.png,0,masks/BCD_r0027_c0122.png,0.00000000
BCD_r0027_c0123,T1/BCD_r0027_c0123.png,T2/BCD_r0027_c0123.png,0,masks/BCD_r0027_c0123.png,0.00000000
BCD_r0027_c0124,T1/BCD_r0027_c0124.png,T2/BCD_r0027_c0124.png,0,masks/BCD_r0027_c0124.png,0.00000000
BCD_r0027_c0125,T1/BCD_r0027_c0125.png,T2/BCD_r0027_c0125.png,0,masks/BCD_r0027_c0125.png,0.00000000
BCD_r0027_c0126,T1/BCD_r0027_c0126.png,T2/BCD_r0027_c0126.png,0,masks/BCD_r0027_c0126.png,0.00000000
BCD_r0027_c0127,T1/BCD_r0027_c0127.png,T2/BCD_r0027_c0127.png,0,masks/BCD_r0027_c0127.png,0.00000000
BCD_r0027_c0128,T1/BCD_r0027_c0128.png,T2/BCD_r0027_c0128.png,0,masks/BCD_r0027_c0128.png,0.00000000
BCD_r0027_c0129,T1/BCD_r0027_c0129.png,T2/BCD_r0027_c0129.png,0,masks/BCD_r0027_c0129.png,0.00000000
BCD_r0027_c0130,T1/BCD_r0027_c0130.png,T2/BCD_r0027_c0130.png,0,masks/BCD_r0027_c0130.png,0.00000000
BCD_r0027_c0131,T1/BCD_r0027_c0131.png,T2/BCD_r0027_c0131.png,0,masks/BCD_r0027_c0131.png,0.00000000
BCD_r0027_c0132,T1/BCD_r0027_c0132.png,T2/BCD_r0027_c0132.png,0,masks/BCD_r0027_c0132.png,0.00000000
BCD_r0027_c0133,T1/BCD_r0027_c0133.png,T2/BCD_r0027_c0133.png,0,masks/BCD_r0027_c0133.png,0.00000000
BCD_r0027_c0134,T1/BCD_r0027_c0134.png,T2/BCD_r0027_c0134.png,0,masks/BCD_r0027_c0134.png,0.00000000
BCD_r0027_c0135,T1/BCD_r0027_c0135.png,T2/BCD_r0027_c0135.png,0,masks/BCD_r0027_c0135.png,0.00000000
BCD_r0027_c0136,T1/BCD_r0027_c0136.png,T2/BCD_r0027_c0136.png,0,masks/BCD_r0027_c0136.png,0.00000000
BCD_r0027_c0137,T1/BCD_r0027_c0137.png,T2/BCD_r0027_c0137.png,0,masks/BCD_r0027_c0137.png,0.00000000
BCD_r0027_c0138,T1/BCD_r0027_c0138.png,T2/BCD_r0027_c0138.png,0,masks/BCD_r0027_c0138.png,0.00000000
BCD_r0027_c0139,T1/BCD_r0027_c0139.png,T2/BCD_r0027_c0139.png,0,masks/BCD_r0027_c0139.png,0.00000000
BCD_r0027_c0140,T1/BCD_r0027_c0140.png,T2/BCD_r0027_c0140.png,0,masks/BCD_r0027_c0140.png,0.00000000
BCD_r0027_c0141,T1/BCD_r0027_c0141.png,T2/BCD_r0027_c0141.png,0,masks/BCD_r0027_c0141.png,0.00000000
BCD_r0027_c0142,T1/BCD_r0027_c0142.png,T2/BCD_r0027_c0142.png,0,masks/BCD_r0027_c0142.png,0.00000000
BCD_r0027_c0143,T1/BCD_r0027_c0143.png,T2/BCD_r0027_c0143.png,1,masks/BCD_r0027_c0143.png,0.12478077
BCD_r0027_c0144,T1/BCD_r0027_c0144.png,T2/BCD_r0027_c0144.png,0,masks/BCD_r0027_c0144.png,0.00000000
BCD_r0028_c0000,T1/BCD_r0028_c0000.png,T2/BCD_r0028_c0000.png,0,masks/BCD_r0028_c0000.png,0.00000000
BCD_r0028_c0001,T1/BCD_r0028_c0001.png,T2/BCD_r0028_c0001.png,0,masks/BCD_r0028_c0001.png,0.00000000
BCD_r0028_c0002,T1/BCD_r0028_c0002.png,T2/BCD_r0028_c0002.png,0,masks/BCD_r0028_c0002.png,0.00000000
BCD_r0028_c0003,T1/BCD_r0028_c0003.png,T2/BCD_r0028_c0003.png,0,masks/BCD_r0028_c0003.png,0.00000000
BCD_r0028_c0004,T1/BCD_r0028_c0004.png,T2/BCD_r0028_c0004.png,0,masks/BCD_r0028_c0004.png,0.00000000
BCD_r0028_c0005,T1/BCD_r0028_c0005.png,T2/BCD_r0028_c0005.png,0,masks/BCD_r0028_c0005.png,0.00000000
BCD_r0028_c0006,T1/BCD_r0028_c0006.png,T2/BCD_r0028_c0006.png,0,masks/BCD_r0028_c0006.png,0.00000000
BCD_r0028_c0007,T1/BCD_r0028_c0007.png,T2/BCD_r0028_c0007.png,0,masks/BCD_r0028_c0007.png,0.00000000
BCD_r0028_c0008,T1/BCD_r0028_c0008.png,T2/BCD_r0028_c0008.png,0,masks/BCD_r0028_c0008.png,0.00000000
BCD_r0028_c0009,T1/BCD_r0028_c0009.png,T2/BCD_r0028_c0009.png,0,masks/BCD_r0028_c0009.png,0.00000000
BCD_r0028_c0010,T1/BCD_r0028_c0010.png,T2/BCD_r0028_c0010.png,0,masks/BCD_r0028_c0010.png,0.00000000
BCD_r0028_c0011,T1/BCD_r0028_c0011.png,T2/BCD_r0028_c0011.png,0,masks/BCD_r0028_c0011.png,0.00000000
BCD_r0028_c0012,T1/BCD_r0028_c0012.png,T2/BCD_r0028_c0012.png,0,masks/BCD_r0028_c0012.png,0.00000000
BCD_r0028_c0013,T1/BCD_r0028_c0013.png,T2/BCD_r0028_c0013.png,1,masks/BCD_r0028_c0013.png,0.10638552
BCD_r0028_c0014,T1/BCD_r0028_c0014.png,T2/BCD_r0028_c0014.png,1,masks/BCD_r0028_c0014.png,0.05642140
BCD_r0028_c0015,T1/BCD_r0028_c0015.png,T2/BCD_r0028_c0015.png,0,masks/BCD_r0028_c0015.png,0.00000000
BCD_r0028_c0016,T1/BCD_r0028_c0016.png,T2/BCD_r0028_c0016.png,0,masks/BCD_r0028_c0016.png,0.00000000
BCD_r0028_c0017,T1/BCD_r0028_c0017.png,T2/BCD_r0028_c0017.png,0,masks/BCD_r0028_c0017.png,0.00000000
BCD_r0028_c0018,T1/BCD_r0028_c0018.png,T2/BCD_r0028_c0018.png,0,masks/BCD_r0028_c0018.png,0.00000000
BCD_r0028_c0019,T1/BCD_r0028_c0019.png,T2/BCD_r0028_c0019.png,1,masks/BCD_r0028_c0019.png,0.01432956
BCD_r0028_c0020,T1/BCD_r0028_c0020.png,T2/BCD_r0028_c0020.png,0,masks/BCD_r0028_c0020.png,0.00000000
BCD_r0028_c0021,T1/BCD_r0028_c0021.png,T2/BCD_r0028_c0021.png,0,masks/BCD_r0028_c0021.png,0.00000000
BCD_r0028_c0022,T1/BCD_r0028_c0022.png,T2/BCD_r0028_c0022.png,0,masks/BCD_r0028_c0022.png,0.00000000
BCD_r0028_c0023,T1/BCD_r0028_c0023.png,T2/BCD_r0028_c0023.png,0,masks/BCD_r0028_c0023.png,0.00000000
BCD_r0028_c0024,T1/BCD_r0028_c0024.png,T2/BCD_r0028_c0024.png,0,masks/BCD_r0028_c0024.png,0.00000000
BCD_r0028_c0025,T1/BCD_r0028_c0025.png,T2/BCD_r0028_c0025.png,0,masks/BCD_r0028_c0025.png,0.00000000
BCD_r0028_c0026,T1/BCD_r0028_c0026.png,T2/BCD_r0028_c0026.png,0,masks/BCD_r0028_c0026.png,0.00000000
BCD_r0028_c0027,T1/BCD_r0028_c0027.png,T2/BCD_r0028_c0027.png,0,masks/BCD_r0028_c0027.png,0.00000000
BCD_r0028_c0028,T1/BCD_r0028_c0028.png,T2/BCD_r0028_c0028.png,0,masks/BCD_r0028_c0028.png,0.00000000
BCD_r0028_c0029,T1/BCD_r0028_c0029.png,T2/BCD_r0028_c0029.png,0,masks/BCD_r0028_c0029.png,0.00000000
BCD_r0028_c0030,T1/BCD_r0028_c0030.png,T2/BCD_r0028_c0030.png,0,masks/BCD_r0028_c0030.png,0.00000000
BCD_r0028_c0031,T1/BCD_r0028_c0031.png,T2/BCD_r0028_c0031.png,1,masks/BCD_r0028_c0031.png,0.11086974
BCD_r0028_c0032,T1/BCD_r0028_c0032.png,T2/BCD_r0028_c0032.png,1,masks/BCD_r0028_c0032.png,0.57025271
BCD_r0028_c0033,T1/BCD_r0028_c0033.png,T2/BCD_r0028_c0033.png,1,masks/BCD_r0028_c0033.png,0.02529098
BCD_r0028_c0034,T1/BCD_r0028_c0034.png,T2/BCD_r0028_c0034.png,0,masks/BCD_r0028_c0034.png,0.00000000
BCD_r0028_c0035,T1/BCD_r0028_c0035.png,T2/BCD_r0028_c0035.png,0,masks/BCD_r0028_c0035.png,0.00000000
BCD_r0028_c0036,T1/BCD_r0028_c0036.png,T2/BCD_r0028_c0036.png,1,masks/BCD_r0028_c0036.png,0.02987484
BCD_r0028_c0037,T1/BCD_r0028_c0037.png,T2/BCD_r0028_c0037.png,0,masks/BCD_r0028_c0037.png,0.00000000
BCD_r0028_c0038,T1/BCD_r0028_c0038.png,T2/BCD_r0028_c0038.png,0,masks/BCD_r0028_c0038.png,0.00000000
BCD_r0028_c0039,T1/BCD_r0028_c0039.png,T2/BCD_r0028_c0039.png,0,masks/BCD_r0028_c0039.png,0.00000000
BCD_r0028_c0040,T1/BCD_r0028_c0040.png,T2/BCD_r0028_c0040.png,0,masks/BCD_r0028_c0040.png,0.00000000
BCD_r0028_c0041,T1/BCD_r0028_c0041.png,T2/BCD_r0028_c0041.png,0,masks/BCD_r0028_c0041.png,0.00000000
BCD_r0028_c0042,T1/BCD_r0028_c0042.png,T2/BCD_r0028_c0042.png,0,masks/BCD_r0028_c0042.png,0.00000000
BCD_r0028_c0043,T1/BCD_r0028_c0043.png,T2/BCD_r0028_c0043.png,0,masks/BCD_r0028_c0043.png,0.00000000
BCD_r0028_c0044,T1/BCD_r0028_c0044.png,T2/BCD_r0028_c0044.png,0,masks/BCD_r0028_c0044.png,0.00000000
BCD_r0028_c0045,T1/BCD_r0028_c0045.png,T2/BCD_r0028_c0045.png,0,masks/BCD_r0028_c0045.png,0.00000000
BCD_r0028_c0046,T1/BCD_r0028_c0046.png,T2/BCD_r0028_c0046.png,0,masks/BCD_r0028_c0046.png,0.00000000
BCD_r0028_c0047,T1/BCD_r0028_c0047.png,T2/BCD_r0028_c0047.png,1,masks/BCD_r0028_c0047.png,0.00193320
BCD_r0028_c0048,T1/BCD_r0028_c0048.png,T2/BCD_r0028_c0048.png,1,masks/BCD_r0028_c0048.png,0.01925223
BCD_r0028_c0049,T1/BCD_r0028_c0049.png,T2/BCD_r0028_c0049.png,1,masks/BCD_r0028_c0049.png,0.05189732
BCD_r0028_c0050,T1/BCD_r0028_c0050.png,T2/BCD_r0028_c0050.png,0,masks/BCD_r0028_c0050.png,0.00000000
BCD_r0028_c0051,T1/BCD_r0028_c0051.png,T2/BCD_r0028_c0051.png,0,masks/BCD_r0028_c0051.png,0.00000000
BCD_r0028_c0052,T1/BCD_r0028_c0052.png,T2/BCD_r0028_c0052.png,0,masks/BCD_r0028_c0052.png,0.00000000
BCD_r0028_c0053,T1/BCD_r0028_c0053.png,T2/BCD_r0028_c0053.png,1,masks/BCD_r0028_c0053.png,0.02582908
BCD_r0028_c0054,T1/BCD_r0028_c0054.png,T2/BCD_r0028_c0054.png,0,masks/BCD_r0028_c0054.png,0.00000000
BCD_r0028_c0055,T1/BCD_r0028_c0055.png,T2/BCD_r0028_c0055.png,0,masks/BCD_r0028_c0055.png,0.00000000
BCD_r0028_c0056,T1/BCD_r0028_c0056.png,T2/BCD_r0028_c0056.png,1,masks/BCD_r0028_c0056.png,0.02463329
BCD_r0028_c0057,T1/BCD_r0028_c0057.png,T2/BCD_r0028_c0057.png,0,masks/BCD_r0028_c0057.png,0.00000000
BCD_r0028_c0058,T1/BCD_r0028_c0058.png,T2/BCD_r0028_c0058.png,0,masks/BCD_r0028_c0058.png,0.00000000
BCD_r0028_c0059,T1/BCD_r0028_c0059.png,T2/BCD_r0028_c0059.png,0,masks/BCD_r0028_c0059.png,0.00000000
BCD_r0028_c0060,T1/BCD_r0028_c0060.png,T2/BCD_r0028_c0060.png,0,masks/BCD_r0028_c0060.png,0.00000000
BCD_r0028_c0061,T1/BCD_r0028_c0061.png,T2/BCD_r0028_c0061.png,0,masks/BCD_r0028_c0061.png,0.00000000
BCD_r0028_c0062,T1/BCD_r0028_c0062.png,T2/BCD_r0028_c0062.png,0,masks/BCD_r0028_c0062.png,0.00000000
BCD_r0028_c0063,T1/BCD_r0028_c0063.png,T2/BCD_r0028_c0063.png,0,masks/BCD_r0028_c0063.png,0.00000000
BCD_r0028_c0064,T1/BCD_r0028_c0064.png,T2/BCD_r0028_c0064.png,0,masks/BCD_r0028_c0064.png,0.00000000
BCD_r0028_c0065,T1/BCD_r0028_c0065.png,T2/BCD_r0028_c0065.png,0,masks/BCD_r0028_c0065.png,0.00000000
BCD_r0028_c0066,T1/BCD_r0028_c0066.png,T2/BCD_r0028_c0066.png,0,masks/BCD_r0028_c0066.png,0.00000000
BCD_r0028_c0067,T1/BCD_r0028_c0067.png,T2/BCD_r0028_c0067.png,0,masks/BCD_r0028_c0067.png,0.00000000
BCD_r0028_c0068,T1/BCD_r0028_c0068.png,T2/BCD_r0028_c0068.png,0,masks/BCD_r0028_c0068.png,0.00000000
BCD_r0028_c0069,T1/BCD_r0028_c0069.png,T2/BCD_r0028_c0069.png,0,masks/BCD_r0028_c0069.png,0.00000000
BCD_r0028_c0070,T1/BCD_r0028_c0070.png,T2/BCD_r0028_c0070.png,0,masks/BCD_r0028_c0070.png,0.00000000
BCD_r0028_c0071,T1/BCD_r0028_c0071.png,T2/BCD_r0028_c0071.png,0,masks/BCD_r0028_c0071.png,0.00000000
BCD_r0028_c0072,T1/BCD_r0028_c0072.png,T2/BCD_r0028_c0072.png,0,masks/BCD_r0028_c0072.png,0.00000000
BCD_r0028_c0073,T1/BCD_r0028_c0073.png,T2/BCD_r0028_c0073.png,0,masks/BCD_r0028_c0073.png,0.00000000
BCD_r0028_c0074,T1/BCD_r0028_c0074.png,T2/BCD_r0028_c0074.png,0,masks/BCD_r0028_c0074.png,0.00000000
BCD_r0028_c0075,T1/BCD_r0028_c0075.png,T2/BCD_r0028_c0075.png,0,masks/BCD_r0028_c0075.png,0.00000000
BCD_r0028_c0076,T1/BCD_r0028_c0076.png,T2/BCD_r0028_c0076.png,0,masks/BCD_r0028_c0076.png,0.00000000
BCD_r0028_c0077,T1/BCD_r0028_c0077.png,T2/BCD_r0028_c0077.png,0,masks/BCD_r0028_c0077.png,0.00000000
BCD_r0028_c0078,T1/BCD_r0028_c0078.png,T2/BCD_r0028_c0078.png,0,masks/BCD_r0028_c0078.png,0.00000000
BCD_r0028_c0079,T1/BCD_r0028_c0079.png,T2/BCD_r0028_c0079.png,0,masks/BCD_r0028_c0079.png,0.00000000
BCD_r0028_c0080,T1/BCD_r0028_c0080.png,T2/BCD_r0028_c0080.png,0,masks/BCD_r0028_c0080.png,0.00000000
BCD_r0028_c0081,T1/BCD_r0028_c0081.png,T2/BCD_r0028_c0081.png,0,masks/BCD_r0028_c0081.png,0.00000000
BCD_r0028_c0082,T1/BCD_r0028_c0082.png,T2/BCD_r0028_c0082.png,0,masks/BCD_r0028_c0082.png,0.00000000
BCD_r0028_c0083,T1/BCD_r0028_c0083.png,T2/BCD_r0028_c0083.png,0,masks/BCD_r0028_c0083.png,0.00000000
BCD_r0028_c0084,T1/BCD_r0028_c0084.png,T2/BCD_r0028_c0084.png,0,masks/BCD_r0028_c0084.png,0.00000000
BCD_r0028_c0085,T1/BCD_r0028_c0085.png,T2/BCD_r0028_c0085.png,0,masks/BCD_r0028_c0085.png,0.00000000
BCD_r0028_c0086,T1/BCD_r0028_c0086.png,T2/BCD_r0028_c0086.png,0,masks/BCD_r0028_c0086.png,0.00000000
BCD_r0028_c0087,T1/BCD_r0028_c0087.png,T2/BCD_r0028_c0087.png,0,masks/BCD_r0028_c0087.png,0.00000000
BCD_r0028_c0088,T1/BCD_r0028_c0088.png,T2/BCD_r0028_c0088.png,0,masks/BCD_r0028_c0088.png,0.00000000
BCD_r0028_c0089,T1/BCD_r0028_c0089.png,T2/BCD_r0028_c0089.png,0,masks/BCD_r0028_c0089.png,0.00000000
BCD_r0028_c0090,T1/BCD_r0028_c0090.png,T2/BCD_r0028_c0090.png,0,masks/BCD_r0028_c0090.png,0.00000000
BCD_r0028_c0091,T1/BCD_r0028_c0091.png,T2/BCD_r0028_c0091.png,0,masks/BCD_r0028_c0091.png,0.00000000
BCD_r0028_c0092,T1/BCD_r0028_c0092.png,T2/BCD_r0028_c0092.png,0,masks/BCD_r0028_c0092.png,0.00000000
BCD_r0028_c0093,T1/BCD_r0028_c0093.png,T2/BCD_r0028_c0093.png,0,masks/BCD_r0028_c0093.png,0.00000000
BCD_r0028_c0094,T1/BCD_r0028_c0094.png,T2/BCD_r0028_c0094.png,0,masks/BCD_r0028_c0094.png,0.00000000
BCD_r0028_c0095,T1/BCD_r0028_c0095.png,T2/BCD_r0028_c0095.png,0,masks/BCD_r0028_c0095.png,0.00000000
BCD_r0028_c0096,T1/BCD_r0028_c0096.png,T2/BCD_r0028_c0096.png,1,masks/BCD_r0028_c0096.png,0.11924027
BCD_r0028_c0097,T1/BCD_r0028_c0097.png,T2/BCD_r0028_c0097.png,1,masks/BCD_r0028_c0097.png,0.79133450
BCD_r0028_c0098,T1/BCD_r0028_c0098.png,T2/BCD_r0028_c0098.png,1,masks/BCD_r0028_c0098.png,0.03760762
BCD_r0028_c0099,T1/BCD_r0028_c0099.png,T2/BCD_r0028_c0099.png,1,masks/BCD_r0028_c0099.png,0.31875797
BCD_r0028_c0100,T1/BCD_r0028_c0100.png,T2/BCD_r0028_c0100.png,1,masks/BCD_r0028_c0100.png,0.92424665
BCD_r0028_c0101,T1/BCD_r0028_c0101.png,T2/BCD_r0028_c0101.png,1,masks/BCD_r0028_c0101.png,0.44353874
BCD_r0028_c0102,T1/BCD_r0028_c0102.png,T2/BCD_r0028_c0102.png,1,masks/BCD_r0028_c0102.png,0.02720424
BCD_r0028_c0103,T1/BCD_r0028_c0103.png,T2/BCD_r0028_c0103.png,1,masks/BCD_r0028_c0103.png,0.55052216
BCD_r0028_c0104,T1/BCD_r0028_c0104.png,T2/BCD_r0028_c0104.png,1,masks/BCD_r0028_c0104.png,0.25922752
BCD_r0028_c0105,T1/BCD_r0028_c0105.png,T2/BCD_r0028_c0105.png,1,masks/BCD_r0028_c0105.png,0.51644212
BCD_r0028_c0106,T1/BCD_r0028_c0106.png,T2/BCD_r0028_c0106.png,1,masks/BCD_r0028_c0106.png,0.00737404
BCD_r0028_c0107,T1/BCD_r0028_c0107.png,T2/BCD_r0028_c0107.png,0,masks/BCD_r0028_c0107.png,0.00000000
BCD_r0028_c0108,T1/BCD_r0028_c0108.png,T2/BCD_r0028_c0108.png,0,masks/BCD_r0028_c0108.png,0.00000000
BCD_r0028_c0109,T1/BCD_r0028_c0109.png,T2/BCD_r0028_c0109.png,0,masks/BCD_r0028_c0109.png,0.00000000
BCD_r0028_c0110,T1/BCD_r0028_c0110.png,T2/BCD_r0028_c0110.png,0,masks/BCD_r0028_c0110.png,0.00000000
BCD_r0028_c0111,T1/BCD_r0028_c0111.png,T2/BCD_r0028_c0111.png,1,masks/BCD_r0028_c0111.png,0.04249043
BCD_r0028_c0112,T1/BCD_r0028_c0112.png,T2/BCD_r0028_c0112.png,0,masks/BCD_r0028_c0112.png,0.00000000
BCD_r0028_c0113,T1/BCD_r0028_c0113.png,T2/BCD_r0028_c0113.png,1,masks/BCD_r0028_c0113.png,0.00699538
BCD_r0028_c0114,T1/BCD_r0028_c0114.png,T2/BCD_r0028_c0114.png,1,masks/BCD_r0028_c0114.png,0.03812580
BCD_r0028_c0115,T1/BCD_r0028_c0115.png,T2/BCD_r0028_c0115.png,0,masks/BCD_r0028_c0115.png,0.00000000
BCD_r0028_c0116,T1/BCD_r0028_c0116.png,T2/BCD_r0028_c0116.png,0,masks/BCD_r0028_c0116.png,0.00000000
BCD_r0028_c0117,T1/BCD_r0028_c0117.png,T2/BCD_r0028_c0117.png,0,masks/BCD_r0028_c0117.png,0.00000000
BCD_r0028_c0118,T1/BCD_r0028_c0118.png,T2/BCD_r0028_c0118.png,0,masks/BCD_r0028_c0118.png,0.00000000
BCD_r0028_c0119,T1/BCD_r0028_c0119.png,T2/BCD_r0028_c0119.png,0,masks/BCD_r0028_c0119.png,0.00000000
BCD_r0028_c0120,T1/BCD_r0028_c0120.png,T2/BCD_r0028_c0120.png,0,masks/BCD_r0028_c0120.png,0.00000000
BCD_r0028_c0121,T1/BCD_r0028_c0121.png,T2/BCD_r0028_c0121.png,0,masks/BCD_r0028_c0121.png,0.00000000
BCD_r0028_c0122,T1/BCD_r0028_c0122.png,T2/BCD_r0028_c0122.png,0,masks/BCD_r0028_c0122.png,0.00000000
BCD_r0028_c0123,T1/BCD_r0028_c0123.png,T2/BCD_r0028_c0123.png,0,masks/BCD_r0028_c0123.png,0.00000000
BCD_r0028_c0124,T1/BCD_r0028_c0124.png,T2/BCD_r0028_c0124.png,0,masks/BCD_r0028_c0124.png,0.00000000
BCD_r0028_c0125,T1/BCD_r0028_c0125.png,T2/BCD_r0028_c0125.png,0,masks/BCD_r0028_c0125.png,0.00000000
BCD_r0028_c0126,T1/BCD_r0028_c0126.png,T2/BCD_r0028_c0126.png,0,masks/BCD_r0028_c0126.png,0.00000000
BCD_r0028_c0127,T1/BCD_r0028_c0127.png,T2/BCD_r0028_c0127.png,0,masks/BCD_r0028_c0127.png,0.00000000
BCD_r0028_c0128,T1/BCD_r0028_c0128.png,T2/BCD_r0028_c0128.png,0,masks/BCD_r0028_c0128.png,0.00000000
BCD_r0028_c0129,T1/BCD_r0028_c0129.png,T2/BCD_r0028_c0129.png,0,masks/BCD_r0028_c0129.png,0.00000000
BCD_r0028_c0130,T1/BCD_r0028_c0130.png,T2/BCD_r0028_c0130.png,0,masks/BCD_r0028_c0130.png,0.00000000
BCD_r0028_c0131,T1/BCD_r0028_c0131.png,T2/BCD_r0028_c0131.png,0,masks/BCD_r0028_c0131.png,0.00000000
BCD_r0028_c0132,T1/BCD_r0028_c0132.png,T2/BCD_r0028_c0132.png,0,masks/BCD_r0028_c0132.png,0.00000000
BCD_r0028_c0133,T1/BCD_r0028_c0133.png,T2/BCD_r0028_c0133.png,0,masks/BCD_r0028_c0133.png,0.00000000
BCD_r0028_c0134,T1/BCD_r0028_c0134.png,T2/BCD_r0028_c0134.png,0,masks/BCD_r0028_c0134.png,0.00000000
BCD_r0028_c0135,T1/BCD_r0028_c0135.png,T2/BCD_r0028_c0135.png,0,masks/BCD_r0028_c0135.png,0.00000000
BCD_r0028_c0136,T1/BCD_r0028_c0136.png,T2/BCD_r0028_c0136.png,0,masks/BCD_r0028_c0136.png,0.00000000
BCD_r0028_c0137,T1/BCD_r0028_c0137.png,T2/BCD_r0028_c0137.png,0,masks/BCD_r0028_c0137.png,0.00000000
BCD_r0028_c0138,T1/BCD_r0028_c0138.png,T2/BCD_r0028_c0138.png,0,masks/BCD_r0028_c0138.png,0.00000000
BCD_r0028_c0139,T1/BCD_r0028_c0139.png,T2/BCD_r0028_c0139.png,0,masks/BCD_r0028_c0139.png,0.00000000
BCD_r0028_c0140,T1/BCD_r0028_c0140.png,T2/BCD_r0028_c0140.png,0,masks/BCD_r0028_c0140.png,0.00000000
BCD_r0028_c0141,T1/BCD_r0028_c0141.png,T2/BCD_r0028_c0141.png,0,masks/BCD_r0028_c0141.png,0.00000000
BCD_r0028_c0142,T1/BCD_r0028_c0142.png,T2/BCD_r0028_c0142.png,0,masks/BCD_r0028_c0142.png,0.00000000
BCD_r0028_c0143,T1/BCD_r0028_c0143.png,T2/BCD_r0028_c0143.png,1,masks/BCD_r0028_c0143.png,0.02104592
BCD_r0028_c0144,T1/BCD_r0028_c0144.png,T2/BCD_r0028_c0144.png,0,masks/BCD_r0028_c0144.png,0.00000000
BCD_r0029_c0000,T1/BCD_r0029_c0000.png,T2/BCD_r0029_c0000.png,0,masks/BCD_r0029_c0000.png,0.00000000
BCD_r0029_c0001,T1/BCD_r0029_c0001.png,T2/BCD_r0029_c0001.png,0,masks/BCD_r0029_c0001.png,0.00000000
BCD_r0029_c0002,T1/BCD_r0029_c0002.png,T2/BCD_r0029_c0002.png,1,masks/BCD_r0029_c0002.png,0.16448103
BCD_r0029_c0003,T1/BCD_r0029_c0003.png,T2/BCD_r0029_c0003.png,1,masks/BCD_r0029_c0003.png,0.38514429
BCD_r0029_c0004,T1/BCD_r0029_c0004.png,T2/BCD_r0029_c0004.png,1,masks/BCD_r0029_c0004.png,0.13012197
BCD_r0029_c0005,T1/BCD_r0029_c0005.png,T2/BCD_r0029_c0005.png,1,masks/BCD_r0029_c0005.png,0.00001993
BCD_r0029_c0006,T1/BCD_r0029_c0006.png,T2/BCD_r0029_c0006.png,0,masks/BCD_r0029_c0006.png,0.00000000
BCD_r0029_c0007,T1/BCD_r0029_c0007.png,T2/BCD_r0029_c0007.png,1,masks/BCD_r0029_c0007.png,0.08518017
BCD_r0029_c0008,T1/BCD_r0029_c0008.png,T2/BCD_r0029_c0008.png,1,masks/BCD_r0029_c0008.png,0.04846939
BCD_r0029_c0009,T1/BCD_r0029_c0009.png,T2/BCD_r0029_c0009.png,0,masks/BCD_r0029_c0009.png,0.00000000
BCD_r0029_c0010,T1/BCD_r0029_c0010.png,T2/BCD_r0029_c0010.png,0,masks/BCD_r0029_c0010.png,0.00000000
BCD_r0029_c0011,T1/BCD_r0029_c0011.png,T2/BCD_r0029_c0011.png,0,masks/BCD_r0029_c0011.png,0.00000000
BCD_r0029_c0012,T1/BCD_r0029_c0012.png,T2/BCD_r0029_c0012.png,0,masks/BCD_r0029_c0012.png,0.00000000
BCD_r0029_c0013,T1/BCD_r0029_c0013.png,T2/BCD_r0029_c0013.png,1,masks/BCD_r0029_c0013.png,0.38566247
BCD_r0029_c0014,T1/BCD_r0029_c0014.png,T2/BCD_r0029_c0014.png,1,masks/BCD_r0029_c0014.png,0.14500957
BCD_r0029_c0015,T1/BCD_r0029_c0015.png,T2/BCD_r0029_c0015.png,0,masks/BCD_r0029_c0015.png,0.00000000
BCD_r0029_c0016,T1/BCD_r0029_c0016.png,T2/BCD_r0029_c0016.png,0,masks/BCD_r0029_c0016.png,0.00000000
BCD_r0029_c0017,T1/BCD_r0029_c0017.png,T2/BCD_r0029_c0017.png,0,masks/BCD_r0029_c0017.png,0.00000000
BCD_r0029_c0018,T1/BCD_r0029_c0018.png,T2/BCD_r0029_c0018.png,0,masks/BCD_r0029_c0018.png,0.00000000
BCD_r0029_c0019,T1/BCD_r0029_c0019.png,T2/BCD_r0029_c0019.png,0,masks/BCD_r0029_c0019.png,0.00000000
BCD_r0029_c0020,T1/BCD_r0029_c0020.png,T2/BCD_r0029_c0020.png,0,masks/BCD_r0029_c0020.png,0.00000000
BCD_r0029_c0021,T1/BCD_r0029_c0021.png,T2/BCD_r0029_c0021.png,0,masks/BCD_r0029_c0021.png,0.00000000
BCD_r0029_c0022,T1/BCD_r0029_c0022.png,T2/BCD_r0029_c0022.png,0,masks/BCD_r0029_c0022.png,0.00000000
BCD_r0029_c0023,T1/BCD_r0029_c0023.png,T2/BCD_r0029_c0023.png,0,masks/BCD_r0029_c0023.png,0.00000000
BCD_r0029_c0024,T1/BCD_r0029_c0024.png,T2/BCD_r0029_c0024.png,0,masks/BCD_r0029_c0024.png,0.00000000
BCD_r0029_c0025,T1/BCD_r0029_c0025.png,T2/BCD_r0029_c0025.png,1,masks/BCD_r0029_c0025.png,0.09311224
BCD_r0029_c0026,T1/BCD_r0029_c0026.png,T2/BCD_r0029_c0026.png,0,masks/BCD_r0029_c0026.png,0.00000000
BCD_r0029_c0027,T1/BCD_r0029_c0027.png,T2/BCD_r0029_c0027.png,0,masks/BCD_r0029_c0027.png,0.00000000
BCD_r0029_c0028,T1/BCD_r0029_c0028.png,T2/BCD_r0029_c0028.png,0,masks/BCD_r0029_c0028.png,0.00000000
BCD_r0029_c0029,T1/BCD_r0029_c0029.png,T2/BCD_r0029_c0029.png,0,masks/BCD_r0029_c0029.png,0.00000000
BCD_r0029_c0030,T1/BCD_r0029_c0030.png,T2/BCD_r0029_c0030.png,0,masks/BCD_r0029_c0030.png,0.00000000
BCD_r0029_c0031,T1/BCD_r0029_c0031.png,T2/BCD_r0029_c0031.png,0,masks/BCD_r0029_c0031.png,0.00000000
BCD_r0029_c0032,T1/BCD_r0029_c0032.png,T2/BCD_r0029_c0032.png,1,masks/BCD_r0029_c0032.png,0.12372449
BCD_r0029_c0033,T1/BCD_r0029_c0033.png,T2/BCD_r0029_c0033.png,1,masks/BCD_r0029_c0033.png,0.02792172
BCD_r0029_c0034,T1/BCD_r0029_c0034.png,T2/BCD_r0029_c0034.png,0,masks/BCD_r0029_c0034.png,0.00000000
BCD_r0029_c0035,T1/BCD_r0029_c0035.png,T2/BCD_r0029_c0035.png,0,masks/BCD_r0029_c0035.png,0.00000000
BCD_r0029_c0036,T1/BCD_r0029_c0036.png,T2/BCD_r0029_c0036.png,1,masks/BCD_r0029_c0036.png,0.05699936
BCD_r0029_c0037,T1/BCD_r0029_c0037.png,T2/BCD_r0029_c0037.png,0,masks/BCD_r0029_c0037.png,0.00000000
BCD_r0029_c0038,T1/BCD_r0029_c0038.png,T2/BCD_r0029_c0038.png,0,masks/BCD_r0029_c0038.png,0.00000000
BCD_r0029_c0039,T1/BCD_r0029_c0039.png,T2/BCD_r0029_c0039.png,0,masks/BCD_r0029_c0039.png,0.00000000
BCD_r0029_c0040,T1/BCD_r0029_c0040.png,T2/BCD_r0029_c0040.png,0,masks/BCD_r0029_c0040.png,0.00000000
BCD_r0029_c0041,T1/BCD_r0029_c0041.png,T2/BCD_r0029_c0041.png,0,masks/BCD_r0029_c0041.png,0.00000000
BCD_r0029_c0042,T1/BCD_r0029_c0042.png,T2/BCD_r0029_c0042.png,0,masks/BCD_r0029_c0042.png,0.00000000
BCD_r0029_c0043,T1/BCD_r0029_c0043.png,T2/BCD_r0029_c0043.png,1,masks/BCD_r0029_c0043.png,0.04709423
BCD_r0029_c0044,T1/BCD_r0029_c0044.png,T2/BCD_r0029_c0044.png,1,masks/BCD_r0029_c0044.png,0.08368543
BCD_r0029_c0045,T1/BCD_r0029_c0045.png,T2/BCD_r0029_c0045.png,0,masks/BCD_r0029_c0045.png,0.00000000
BCD_r0029_c0046,T1/BCD_r0029_c0046.png,T2/BCD_r0029_c0046.png,0,masks/BCD_r0029_c0046.png,0.00000000
BCD_r0029_c0047,T1/BCD_r0029_c0047.png,T2/BCD_r0029_c0047.png,0,masks/BCD_r0029_c0047.png,0.00000000
BCD_r0029_c0048,T1/BCD_r0029_c0048.png,T2/BCD_r0029_c0048.png,0,masks/BCD_r0029_c0048.png,0.00000000
BCD_r0029_c0049,T1/BCD_r0029_c0049.png,T2/BCD_r0029_c0049.png,0,masks/BCD_r0029_c0049.png,0.00000000
BCD_r0029_c0050,T1/BCD_r0029_c0050.png,T2/BCD_r0029_c0050.png,1,masks/BCD_r0029_c0050.png,0.10489078
BCD_r0029_c0051,T1/BCD_r0029_c0051.png,T2/BCD_r0029_c0051.png,1,masks/BCD_r0029_c0051.png,0.16175064
BCD_r0029_c0052,T1/BCD_r0029_c0052.png,T2/BCD_r0029_c0052.png,0,masks/BCD_r0029_c0052.png,0.00000000
BCD_r0029_c0053,T1/BCD_r0029_c0053.png,T2/BCD_r0029_c0053.png,0,masks/BCD_r0029_c0053.png,0.00000000
BCD_r0029_c0054,T1/BCD_r0029_c0054.png,T2/BCD_r0029_c0054.png,0,masks/BCD_r0029_c0054.png,0.00000000
BCD_r0029_c0055,T1/BCD_r0029_c0055.png,T2/BCD_r0029_c0055.png,0,masks/BCD_r0029_c0055.png,0.00000000
BCD_r0029_c0056,T1/BCD_r0029_c0056.png,T2/BCD_r0029_c0056.png,0,masks/BCD_r0029_c0056.png,0.00000000
BCD_r0029_c0057,T1/BCD_r0029_c0057.png,T2/BCD_r0029_c0057.png,0,masks/BCD_r0029_c0057.png,0.00000000
BCD_r0029_c0058,T1/BCD_r0029_c0058.png,T2/BCD_r0029_c0058.png,0,masks/BCD_r0029_c0058.png,0.00000000
BCD_r0029_c0059,T1/BCD_r0029_c0059.png,T2/BCD_r0029_c0059.png,0,masks/BCD_r0029_c0059.png,0.00000000
BCD_r0029_c0060,T1/BCD_r0029_c0060.png,T2/BCD_r0029_c0060.png,0,masks/BCD_r0029_c0060.png,0.00000000
BCD_r0029_c0061,T1/BCD_r0029_c0061.png,T2/BCD_r0029_c0061.png,0,masks/BCD_r0029_c0061.png,0.00000000
BCD_r0029_c0062,T1/BCD_r0029_c0062.png,T2/BCD_r0029_c0062.png,0,masks/BCD_r0029_c0062.png,0.00000000
BCD_r0029_c0063,T1/BCD_r0029_c0063.png,T2/BCD_r0029_c0063.png,0,masks/BCD_r0029_c0063.png,0.00000000
BCD_r0029_c0064,T1/BCD_r0029_c0064.png,T2/BCD_r0029_c0064.png,0,masks/BCD_r0029_c0064.png,0.00000000
BCD_r0029_c0065,T1/BCD_r0029_c0065.png,T2/BCD_r0029_c0065.png,0,masks/BCD_r0029_c0065.png,0.00000000
BCD_r0029_c0066,T1/BCD_r0029_c0066.png,T2/BCD_r0029_c0066.png,0,masks/BCD_r0029_c0066.png,0.00000000
BCD_r0029_c0067,T1/BCD_r0029_c0067.png,T2/BCD_r0029_c0067.png,0,masks/BCD_r0029_c0067.png,0.00000000
BCD_r0029_c0068,T1/BCD_r0029_c0068.png,T2/BCD_r0029_c0068.png,0,masks/BCD_r0029_c0068.png,0.00000000
BCD_r0029_c0069,T1/BCD_r0029_c0069.png,T2/BCD_r0029_c0069.png,0,masks/BCD_r0029_c0069.png,0.00000000
BCD_r0029_c0070,T1/BCD_r0029_c0070.png,T2/BCD_r0029_c0070.png,0,masks/BCD_r0029_c0070.png,0.00000000
BCD_r0029_c0071,T1/BCD_r0029_c0071.png,T2/BCD_r0029_c0071.png,0,masks/BCD_r0029_c0071.png,0.00000000
BCD_r0029_c0072,T1/BCD_r0029_c0072.png,T2/BCD_r0029_c0072.png,0,masks/BCD_r0029_c0072.png,0.00000000
BCD_r0029_c0073,T1/BCD_r0029_c0073.png,T2/BCD_r0029_c0073.png,1,masks/BCD_r0029_c0073.png,0.01520647
BCD_r0029_c0074,T1/BCD_r0029_c0074.png,T2/BCD_r0029_c0074.png,1,masks/BCD_r0029_c0074.png,0.03170839
BCD_r0029_c0075,T1/BCD_r0029_c0075.png,T2/BCD_r0029_c0075.png,0,masks/BCD_r0029_c0075.png,0.00000000
BCD_r0029_c0076,T1/BCD_r0029_c0076.png,T2/BCD_r0029_c0076.png,0,masks/BCD_r0029_c0076.png,0.00000000
BCD_r0029_c0077,T1/BCD_r0029_c0077.png,T2/BCD_r0029_c0077.png,0,masks/BCD_r0029_c0077.png,0.00000000
BCD_r0029_c0078,T1/BCD_r0029_c0078.png,T2/BCD_r0029_c0078.png,0,masks/BCD_r0029_c0078.png,0.00000000
BCD_r0029_c0079,T1/BCD_r0029_c0079.png,T2/BCD_r0029_c0079.png,0,masks/BCD_r0029_c0079.png,0.00000000
BCD_r0029_c0080,T1/BCD_r0029_c0080.png,T2/BCD_r0029_c0080.png,0,masks/BCD_r0029_c0080.png,0.00000000
BCD_r0029_c0081,T1/BCD_r0029_c0081.png,T2/BCD_r0029_c0081.png,0,masks/BCD_r0029_c0081.png,0.00000000
BCD_r0029_c0082,T1/BCD_r0029_c0082.png,T2/BCD_r0029_c0082.png,0,masks/BCD_r0029_c0082.png,0.00000000
BCD_r0029_c0083,T1/BCD_r0029_c0083.png,T2/BCD_r0029_c0083.png,0,masks/BCD_r0029_c0083.png,0.00000000
BCD_r0029_c0084,T1/BCD_r0029_c0084.png,T2/BCD_r0029_c0084.png,0,masks/BCD_r0029_c0084.png,0.00000000
BCD_r0029_c0085,T1/BCD_r0029_c0085.png,T2/BCD_r0029_c0085.png,0,masks/BCD_r0029_c0085.png,0.00000000
BCD_r0029_c0086,T1/BCD_r0029_c0086.png,T2/BCD_r0029_c0086.png,0,masks/BCD_r0029_c0086.png,0.00000000
BCD_r0029_c0087,T1/BCD_r0029_c0087.png,T2/BCD_r0029_c0087.png,0,masks/BCD_r0029_c0087.png,0.00000000
BCD_r0029_c0088,T1/BCD_r0029_c0088.png,T2/BCD_r0029_c0088.png,0,masks/BCD_r0029_c0088.png,0.00000000
BCD_r0029_c0089,T1/BCD_r0029_c0089.png,T2/BCD_r0029_c0089.png,0,masks/BCD_r0029_c0089.png,0.00000000
BCD_r0029_c0090,T1/BCD_r0029_c0090.png,T2/BCD_r0029_c0090.png,0,masks/BCD_r0029_c0090.png,0.00000000
BCD_r0029_c0091,T1/BCD_r0029_c0091.png,T2/BCD_r0029_c0091.png,0,masks/BCD_r0029_c0091.png,0.00000000
BCD_r0029_c0092,T1/BCD_r0029_c0092.png,T2/BCD_r0029_c0092.png,0,masks/BCD_r0029_c0092.png,0.00000000
BCD_r0029_c0093,T1/BCD_r0029_c0093.png,T2/BCD_r0029_c0093.png,0,masks/BCD_r0029_c0093.png,0.00000000
BCD_r0029_c0094,T1/BCD_r0029_c0094.png,T2/BCD_r0029_c0094.png,0,masks/BCD_r0029_c0094.png,0.00000000
BCD_r0029_c0095,T1/BCD_r0029_c0095.png,T2/BCD_r0029_c0095.png,0,masks/BCD_r0029_c0095.png,0.00000000
BCD_r0029_c0096,T1/BCD_r0029_c0096.png,T2/BCD_r0029_c0096.png,0,masks/BCD_r0029_c0096.png,0.00000000
BCD_r0029_c0097,T1/BCD_r0029_c0097.png,T2/BCD_r0029_c0097.png,1,masks/BCD_r0029_c0097.png,0.01923230
BCD_r0029_c0098,T1/BCD_r0029_c0098.png,T2/BCD_r0029_c0098.png,0,masks/BCD_r0029_c0098.png,0.00000000
BCD_r0029_c0099,T1/BCD_r0029_c0099.png,T2/BCD_r0029_c0099.png,0,masks/BCD_r0029_c0099.png,0.00000000
BCD_r0029_c0100,T1/BCD_r0029_c0100.png,T2/BCD_r0029_c0100.png,1,masks/BCD_r0029_c0100.png,0.10311703
BCD_r0029_c0101,T1/BCD_r0029_c0101.png,T2/BCD_r0029_c0101.png,1,masks/BCD_r0029_c0101.png,0.01405054
BCD_r0029_c0102,T1/BCD_r0029_c0102.png,T2/BCD_r0029_c0102.png,1,masks/BCD_r0029_c0102.png,0.18455038
BCD_r0029_c0103,T1/BCD_r0029_c0103.png,T2/BCD_r0029_c0103.png,1,masks/BCD_r0029_c0103.png,0.12727200
BCD_r0029_c0104,T1/BCD_r0029_c0104.png,T2/BCD_r0029_c0104.png,1,masks/BCD_r0029_c0104.png,0.07983897
BCD_r0029_c0105,T1/BCD_r0029_c0105.png,T2/BCD_r0029_c0105.png,1,masks/BCD_r0029_c0105.png,0.04942602
BCD_r0029_c0106,T1/BCD_r0029_c0106.png,T2/BCD_r0029_c0106.png,0,masks/BCD_r0029_c0106.png,0.00000000
BCD_r0029_c0107,T1/BCD_r0029_c0107.png,T2/BCD_r0029_c0107.png,0,masks/BCD_r0029_c0107.png,0.00000000
BCD_r0029_c0108,T1/BCD_r0029_c0108.png,T2/BCD_r0029_c0108.png,0,masks/BCD_r0029_c0108.png,0.00000000
BCD_r0029_c0109,T1/BCD_r0029_c0109.png,T2/BCD_r0029_c0109.png,0,masks/BCD_r0029_c0109.png,0.00000000
BCD_r0029_c0110,T1/BCD_r0029_c0110.png,T2/BCD_r0029_c0110.png,0,masks/BCD_r0029_c0110.png,0.00000000
BCD_r0029_c0111,T1/BCD_r0029_c0111.png,T2/BCD_r0029_c0111.png,0,masks/BCD_r0029_c0111.png,0.00000000
BCD_r0029_c0112,T1/BCD_r0029_c0112.png,T2/BCD_r0029_c0112.png,0,masks/BCD_r0029_c0112.png,0.00000000
BCD_r0029_c0113,T1/BCD_r0029_c0113.png,T2/BCD_r0029_c0113.png,0,masks/BCD_r0029_c0113.png,0.00000000
BCD_r0029_c0114,T1/BCD_r0029_c0114.png,T2/BCD_r0029_c0114.png,0,masks/BCD_r0029_c0114.png,0.00000000
BCD_r0029_c0115,T1/BCD_r0029_c0115.png,T2/BCD_r0029_c0115.png,0,masks/BCD_r0029_c0115.png,0.00000000
BCD_r0029_c0116,T1/BCD_r0029_c0116.png,T2/BCD_r0029_c0116.png,0,masks/BCD_r0029_c0116.png,0.00000000
BCD_r0029_c0117,T1/BCD_r0029_c0117.png,T2/BCD_r0029_c0117.png,0,masks/BCD_r0029_c0117.png,0.00000000
BCD_r0029_c0118,T1/BCD_r0029_c0118.png,T2/BCD_r0029_c0118.png,0,masks/BCD_r0029_c0118.png,0.00000000
BCD_r0029_c0119,T1/BCD_r0029_c0119.png,T2/BCD_r0029_c0119.png,0,masks/BCD_r0029_c0119.png,0.00000000
BCD_r0029_c0120,T1/BCD_r0029_c0120.png,T2/BCD_r0029_c0120.png,0,masks/BCD_r0029_c0120.png,0.00000000
BCD_r0029_c0121,T1/BCD_r0029_c0121.png,T2/BCD_r0029_c0121.png,0,masks/BCD_r0029_c0121.png,0.00000000
BCD_r0029_c0122,T1/BCD_r0029_c0122.png,T2/BCD_r0029_c0122.png,0,masks/BCD_r0029_c0122.png,0.00000000
BCD_r0029_c0123,T1/BCD_r0029_c0123.png,T2/BCD_r0029_c0123.png,0,masks/BCD_r0029_c0123.png,0.00000000
BCD_r0029_c0124,T1/BCD_r0029_c0124.png,T2/BCD_r0029_c0124.png,0,masks/BCD_r0029_c0124.png,0.00000000
BCD_r0029_c0125,T1/BCD_r0029_c0125.png,T2/BCD_r0029_c0125.png,0,masks/BCD_r0029_c0125.png,0.00000000
BCD_r0029_c0126,T1/BCD_r0029_c0126.png,T2/BCD_r0029_c0126.png,0,masks/BCD_r0029_c0126.png,0.00000000
BCD_r0029_c0127,T1/BCD_r0029_c0127.png,T2/BCD_r0029_c0127.png,0,masks/BCD_r0029_c0127.png,0.00000000
BCD_r0029_c0128,T1/BCD_r0029_c0128.png,T2/BCD_r0029_c0128.png,0,masks/BCD_r0029_c0128.png,0.00000000
BCD_r0029_c0129,T1/BCD_r0029_c0129.png,T2/BCD_r0029_c0129.png,0,masks/BCD_r0029_c0129.png,0.00000000
BCD_r0029_c0130,T1/BCD_r0029_c0130.png,T2/BCD_r0029_c0130.png,0,masks/BCD_r0029_c0130.png,0.00000000
BCD_r0029_c0131,T1/BCD_r0029_c0131.png,T2/BCD_r0029_c0131.png,0,masks/BCD_r0029_c0131.png,0.00000000
BCD_r0029_c0132,T1/BCD_r0029_c0132.png,T2/BCD_r0029_c0132.png,0,masks/BCD_r0029_c0132.png,0.00000000
BCD_r0029_c0133,T1/BCD_r0029_c0133.png,T2/BCD_r0029_c0133.png,0,masks/BCD_r0029_c0133.png,0.00000000
BCD_r0029_c0134,T1/BCD_r0029_c0134.png,T2/BCD_r0029_c0134.png,0,masks/BCD_r0029_c0134.png,0.00000000
BCD_r0029_c0135,T1/BCD_r0029_c0135.png,T2/BCD_r0029_c0135.png,0,masks/BCD_r0029_c0135.png,0.00000000
BCD_r0029_c0136,T1/BCD_r0029_c0136.png,T2/BCD_r0029_c0136.png,0,masks/BCD_r0029_c0136.png,0.00000000
BCD_r0029_c0137,T1/BCD_r0029_c0137.png,T2/BCD_r0029_c0137.png,0,masks/BCD_r0029_c0137.png,0.00000000
BCD_r0029_c0138,T1/BCD_r0029_c0138.png,T2/BCD_r0029_c0138.png,0,masks/BCD_r0029_c0138.png,0.00000000
BCD_r0029_c0139,T1/BCD_r0029_c0139.png,T2/BCD_r0029_c0139.png,0,masks/BCD_r0029_c0139.png,0.00000000
BCD_r0029_c0140,T1/BCD_r0029_c0140.png,T2/BCD_r0029_c0140.png,0,masks/BCD_r0029_c0140.png,0.00000000
BCD_r0029_c0141,T1/BCD_r0029_c0141.png,T2/BCD_r0029_c0141.png,0,masks/BCD_r0029_c0141.png,0.00000000
BCD_r0029_c0142,T1/BCD_r0029_c0142.png,T2/BCD_r0029_c0142.png,0,masks/BCD_r0029_c0142.png,0.00000000
BCD_r0029_c0143,T1/BCD_r0029_c0143.png,T2/BCD_r0029_c0143.png,0,masks/BCD_r0029_c0143.png,0.00000000
BCD_r0029_c0144,T1/BCD_r0029_c0144.png,T2/BCD_r0029_c0144.png,1,masks/BCD_r0029_c0144.png,0.03995934
BCD_r0030_c0000,T1/BCD_r0030_c0000.png,T2/BCD_r0030_c0000.png,0,masks/BCD_r0030_c0000.png,0.00000000
BCD_r0030_c0001,T1/BCD_r0030_c0001.png,T2/BCD_r0030_c0001.png,0,masks/BCD_r0030_c0001.png,0.00000000
BCD_r0030_c0002,T1/BCD_r0030_c0002.png,T2/BCD_r0030_c0002.png,1,masks/BCD_r0030_c0002.png,0.27564971
BCD_r0030_c0003,T1/BCD_r0030_c0003.png,T2/BCD_r0030_c0003.png,1,masks/BCD_r0030_c0003.png,0.28268495
BCD_r0030_c0004,T1/BCD_r0030_c0004.png,T2/BCD_r0030_c0004.png,0,masks/BCD_r0030_c0004.png,0.00000000
BCD_r0030_c0005,T1/BCD_r0030_c0005.png,T2/BCD_r0030_c0005.png,1,masks/BCD_r0030_c0005.png,0.06674506
BCD_r0030_c0006,T1/BCD_r0030_c0006.png,T2/BCD_r0030_c0006.png,0,masks/BCD_r0030_c0006.png,0.00000000
BCD_r0030_c0007,T1/BCD_r0030_c0007.png,T2/BCD_r0030_c0007.png,1,masks/BCD_r0030_c0007.png,0.23545121
BCD_r0030_c0008,T1/BCD_r0030_c0008.png,T2/BCD_r0030_c0008.png,1,masks/BCD_r0030_c0008.png,0.04785156
BCD_r0030_c0009,T1/BCD_r0030_c0009.png,T2/BCD_r0030_c0009.png,0,masks/BCD_r0030_c0009.png,0.00000000
BCD_r0030_c0010,T1/BCD_r0030_c0010.png,T2/BCD_r0030_c0010.png,0,masks/BCD_r0030_c0010.png,0.00000000
BCD_r0030_c0011,T1/BCD_r0030_c0011.png,T2/BCD_r0030_c0011.png,0,masks/BCD_r0030_c0011.png,0.00000000
BCD_r0030_c0012,T1/BCD_r0030_c0012.png,T2/BCD_r0030_c0012.png,0,masks/BCD_r0030_c0012.png,0.00000000
BCD_r0030_c0013,T1/BCD_r0030_c0013.png,T2/BCD_r0030_c0013.png,0,masks/BCD_r0030_c0013.png,0.00000000
BCD_r0030_c0014,T1/BCD_r0030_c0014.png,T2/BCD_r0030_c0014.png,0,masks/BCD_r0030_c0014.png,0.00000000
BCD_r0030_c0015,T1/BCD_r0030_c0015.png,T2/BCD_r0030_c0015.png,0,masks/BCD_r0030_c0015.png,0.00000000
BCD_r0030_c0016,T1/BCD_r0030_c0016.png,T2/BCD_r0030_c0016.png,0,masks/BCD_r0030_c0016.png,0.00000000
BCD_r0030_c0017,T1/BCD_r0030_c0017.png,T2/BCD_r0030_c0017.png,0,masks/BCD_r0030_c0017.png,0.00000000
BCD_r0030_c0018,T1/BCD_r0030_c0018.png,T2/BCD_r0030_c0018.png,0,masks/BCD_r0030_c0018.png,0.00000000
BCD_r0030_c0019,T1/BCD_r0030_c0019.png,T2/BCD_r0030_c0019.png,0,masks/BCD_r0030_c0019.png,0.00000000
BCD_r0030_c0020,T1/BCD_r0030_c0020.png,T2/BCD_r0030_c0020.png,0,masks/BCD_r0030_c0020.png,0.00000000
BCD_r0030_c0021,T1/BCD_r0030_c0021.png,T2/BCD_r0030_c0021.png,0,masks/BCD_r0030_c0021.png,0.00000000
BCD_r0030_c0022,T1/BCD_r0030_c0022.png,T2/BCD_r0030_c0022.png,0,masks/BCD_r0030_c0022.png,0.00000000
BCD_r0030_c0023,T1/BCD_r0030_c0023.png,T2/BCD_r0030_c0023.png,0,masks/BCD_r0030_c0023.png,0.00000000
BCD_r0030_c0024,T1/BCD_r0030_c0024.png,T2/BCD_r0030_c0024.png,1,masks/BCD_r0030_c0024.png,0.11108897
BCD_r0030_c0025,T1/BCD_r0030_c0025.png,T2/BCD_r0030_c0025.png,1,masks/BCD_r0030_c0025.png,0.47829640
BCD_r0030_c0026,T1/BCD_r0030_c0026.png,T2/BCD_r0030_c0026.png,1,masks/BCD_r0030_c0026.png,0.00506218
BCD_r0030_c0027,T1/BCD_r0030_c0027.png,T2/BCD_r0030_c0027.png,0,masks/BCD_r0030_c0027.png,0.00000000
BCD_r0030_c0028,T1/BCD_r0030_c0028.png,T2/BCD_r0030_c0028.png,0,masks/BCD_r0030_c0028.png,0.00000000
BCD_r0030_c0029,T1/BCD_r0030_c0029.png,T2/BCD_r0030_c0029.png,0,masks/BCD_r0030_c0029.png,0.00000000
BCD_r0030_c0030,T1/BCD_r0030_c0030.png,T2/BCD_r0030_c0030.png,0,masks/BCD_r0030_c0030.png,0.00000000
BCD_r0030_c0031,T1/BCD_r0030_c0031.png,T2/BCD_r0030_c0031.png,0,masks/BCD_r0030_c0031.png,0.00000000
BCD_r0030_c0032,T1/BCD_r0030_c0032.png,T2/BCD_r0030_c0032.png,0,masks/BCD_r0030_c0032.png,0.00000000
BCD_r0030_c0033,T1/BCD_r0030_c0033.png,T2/BCD_r0030_c0033.png,0,masks/BCD_r0030_c0033.png,0.00000000
BCD_r0030_c0034,T1/BCD_r0030_c0034.png,T2/BCD_r0030_c0034.png,0,masks/BCD_r0030_c0034.png,0.00000000
BCD_r0030_c0035,T1/BCD_r0030_c0035.png,T2/BCD_r0030_c0035.png,0,masks/BCD_r0030_c0035.png,0.00000000
BCD_r0030_c0036,T1/BCD_r0030_c0036.png,T2/BCD_r0030_c0036.png,0,masks/BCD_r0030_c0036.png,0.00000000
BCD_r0030_c0037,T1/BCD_r0030_c0037.png,T2/BCD_r0030_c0037.png,0,masks/BCD_r0030_c0037.png,0.00000000
BCD_r0030_c0038,T1/BCD_r0030_c0038.png,T2/BCD_r0030_c0038.png,0,masks/BCD_r0030_c0038.png,0.00000000
BCD_r0030_c0039,T1/BCD_r0030_c0039.png,T2/BCD_r0030_c0039.png,0,masks/BCD_r0030_c0039.png,0.00000000
BCD_r0030_c0040,T1/BCD_r0030_c0040.png,T2/BCD_r0030_c0040.png,0,masks/BCD_r0030_c0040.png,0.00000000
BCD_r0030_c0041,T1/BCD_r0030_c0041.png,T2/BCD_r0030_c0041.png,0,masks/BCD_r0030_c0041.png,0.00000000
BCD_r0030_c0042,T1/BCD_r0030_c0042.png,T2/BCD_r0030_c0042.png,0,masks/BCD_r0030_c0042.png,0.00000000
BCD_r0030_c0043,T1/BCD_r0030_c0043.png,T2/BCD_r0030_c0043.png,1,masks/BCD_r0030_c0043.png,0.01971062
BCD_r0030_c0044,T1/BCD_r0030_c0044.png,T2/BCD_r0030_c0044.png,1,masks/BCD_r0030_c0044.png,0.00001993
BCD_r0030_c0045,T1/BCD_r0030_c0045.png,T2/BCD_r0030_c0045.png,0,masks/BCD_r0030_c0045.png,0.00000000
BCD_r0030_c0046,T1/BCD_r0030_c0046.png,T2/BCD_r0030_c0046.png,0,masks/BCD_r0030_c0046.png,0.00000000
BCD_r0030_c0047,T1/BCD_r0030_c0047.png,T2/BCD_r0030_c0047.png,0,masks/BCD_r0030_c0047.png,0.00000000
BCD_r0030_c0048,T1/BCD_r0030_c0048.png,T2/BCD_r0030_c0048.png,0,masks/BCD_r0030_c0048.png,0.00000000
BCD_r0030_c0049,T1/BCD_r0030_c0049.png,T2/BCD_r0030_c0049.png,0,masks/BCD_r0030_c0049.png,0.00000000
BCD_r0030_c0050,T1/BCD_r0030_c0050.png,T2/BCD_r0030_c0050.png,1,masks/BCD_r0030_c0050.png,0.01359216
BCD_r0030_c0051,T1/BCD_r0030_c0051.png,T2/BCD_r0030_c0051.png,0,masks/BCD_r0030_c0051.png,0.00000000
BCD_r0030_c0052,T1/BCD_r0030_c0052.png,T2/BCD_r0030_c0052.png,0,masks/BCD_r0030_c0052.png,0.00000000
BCD_r0030_c0053,T1/BCD_r0030_c0053.png,T2/BCD_r0030_c0053.png,1,masks/BCD_r0030_c0053.png,0.11328125
BCD_r0030_c0054,T1/BCD_r0030_c0054.png,T2/BCD_r0030_c0054.png,0,masks/BCD_r0030_c0054.png,0.00000000
BCD_r0030_c0055,T1/BCD_r0030_c0055.png,T2/BCD_r0030_c0055.png,0,masks/BCD_r0030_c0055.png,0.00000000
BCD_r0030_c0056,T1/BCD_r0030_c0056.png,T2/BCD_r0030_c0056.png,0,masks/BCD_r0030_c0056.png,0.00000000
BCD_r0030_c0057,T1/BCD_r0030_c0057.png,T2/BCD_r0030_c0057.png,0,masks/BCD_r0030_c0057.png,0.00000000
BCD_r0030_c0058,T1/BCD_r0030_c0058.png,T2/BCD_r0030_c0058.png,0,masks/BCD_r0030_c0058.png,0.00000000
BCD_r0030_c0059,T1/BCD_r0030_c0059.png,T2/BCD_r0030_c0059.png,0,masks/BCD_r0030_c0059.png,0.00000000
BCD_r0030_c0060,T1/BCD_r0030_c0060.png,T2/BCD_r0030_c0060.png,0,masks/BCD_r0030_c0060.png,0.00000000
BCD_r0030_c0061,T1/BCD_r0030_c0061.png,T2/BCD_r0030_c0061.png,0,masks/BCD_r0030_c0061.png,0.00000000
BCD_r0030_c0062,T1/BCD_r0030_c0062.png,T2/BCD_r0030_c0062.png,0,masks/BCD_r0030_c0062.png,0.00000000
BCD_r0030_c0063,T1/BCD_r0030_c0063.png,T2/BCD_r0030_c0063.png,0,masks/BCD_r0030_c0063.png,0.00000000
BCD_r0030_c0064,T1/BCD_r0030_c0064.png,T2/BCD_r0030_c0064.png,0,masks/BCD_r0030_c0064.png,0.00000000
BCD_r0030_c0065,T1/BCD_r0030_c0065.png,T2/BCD_r0030_c0065.png,1,masks/BCD_r0030_c0065.png,0.01664142
BCD_r0030_c0066,T1/BCD_r0030_c0066.png,T2/BCD_r0030_c0066.png,0,masks/BCD_r0030_c0066.png,0.00000000
BCD_r0030_c0067,T1/BCD_r0030_c0067.png,T2/BCD_r0030_c0067.png,0,masks/BCD_r0030_c0067.png,0.00000000
BCD_r0030_c0068,T1/BCD_r0030_c0068.png,T2/BCD_r0030_c0068.png,0,masks/BCD_r0030_c0068.png,0.00000000
BCD_r0030_c0069,T1/BCD_r0030_c0069.png,T2/BCD_r0030_c0069.png,0,masks/BCD_r0030_c0069.png,0.00000000
BCD_r0030_c0070,T1/BCD_r0030_c0070.png,T2/BCD_r0030_c0070.png,0,masks/BCD_r0030_c0070.png,0.00000000
BCD_r0030_c0071,T1/BCD_r0030_c0071.png,T2/BCD_r0030_c0071.png,1,masks/BCD_r0030_c0071.png,0.05428890
BCD_r0030_c0072,T1/BCD_r0030_c0072.png,T2/BCD_r0030_c0072.png,1,masks/BCD_r0030_c0072.png,0.09347098
BCD_r0030_c0073,T1/BCD_r0030_c0073.png,T2/BCD_r0030_c0073.png,0,masks/BCD_r0030_c0073.png,0.00000000
BCD_r0030_c0074,T1/BCD_r0030_c0074.png,T2/BCD_r0030_c0074.png,0,masks/BCD_r0030_c0074.png,0.00000000
BCD_r0030_c0075,T1/BCD_r0030_c0075.png,T2/BCD_r0030_c0075.png,1,masks/BCD_r0030_c0075.png,0.18152105
BCD_r0030_c0076,T1/BCD_r0030_c0076.png,T2/BCD_r0030_c0076.png,1,masks/BCD_r0030_c0076.png,0.02991470
BCD_r0030_c0077,T1/BCD_r0030_c0077.png,T2/BCD_r0030_c0077.png,0,masks/BCD_r0030_c0077.png,0.00000000
BCD_r0030_c0078,T1/BCD_r0030_c0078.png,T2/BCD_r0030_c0078.png,0,masks/BCD_r0030_c0078.png,0.00000000
BCD_r0030_c0079,T1/BCD_r0030_c0079.png,T2/BCD_r0030_c0079.png,0,masks/BCD_r0030_c0079.png,0.00000000
BCD_r0030_c0080,T1/BCD_r0030_c0080.png,T2/BCD_r0030_c0080.png,0,masks/BCD_r0030_c0080.png,0.00000000
BCD_r0030_c0081,T1/BCD_r0030_c0081.png,T2/BCD_r0030_c0081.png,0,masks/BCD_r0030_c0081.png,0.00000000
BCD_r0030_c0082,T1/BCD_r0030_c0082.png,T2/BCD_r0030_c0082.png,0,masks/BCD_r0030_c0082.png,0.00000000
BCD_r0030_c0083,T1/BCD_r0030_c0083.png,T2/BCD_r0030_c0083.png,0,masks/BCD_r0030_c0083.png,0.00000000
BCD_r0030_c0084,T1/BCD_r0030_c0084.png,T2/BCD_r0030_c0084.png,0,masks/BCD_r0030_c0084.png,0.00000000
BCD_r0030_c0085,T1/BCD_r0030_c0085.png,T2/BCD_r0030_c0085.png,0,masks/BCD_r0030_c0085.png,0.00000000
BCD_r0030_c0086,T1/BCD_r0030_c0086.png,T2/BCD_r0030_c0086.png,0,masks/BCD_r0030_c0086.png,0.00000000
BCD_r0030_c0087,T1/BCD_r0030_c0087.png,T2/BCD_r0030_c0087.png,0,masks/BCD_r0030_c0087.png,0.00000000
BCD_r0030_c0088,T1/BCD_r0030_c0088.png,T2/BCD_r0030_c0088.png,0,masks/BCD_r0030_c0088.png,0.00000000
BCD_r0030_c0089,T1/BCD_r0030_c0089.png,T2/BCD_r0030_c0089.png,0,masks/BCD_r0030_c0089.png,0.00000000
BCD_r0030_c0090,T1/BCD_r0030_c0090.png,T2/BCD_r0030_c0090.png,0,masks/BCD_r0030_c0090.png,0.00000000
BCD_r0030_c0091,T1/BCD_r0030_c0091.png,T2/BCD_r0030_c0091.png,0,masks/BCD_r0030_c0091.png,0.00000000
BCD_r0030_c0092,T1/BCD_r0030_c0092.png,T2/BCD_r0030_c0092.png,0,masks/BCD_r0030_c0092.png,0.00000000
BCD_r0030_c0093,T1/BCD_r0030_c0093.png,T2/BCD_r0030_c0093.png,0,masks/BCD_r0030_c0093.png,0.00000000
BCD_r0030_c0094,T1/BCD_r0030_c0094.png,T2/BCD_r0030_c0094.png,0,masks/BCD_r0030_c0094.png,0.00000000
BCD_r0030_c0095,T1/BCD_r0030_c0095.png,T2/BCD_r0030_c0095.png,0,masks/BCD_r0030_c0095.png,0.00000000
BCD_r0030_c0096,T1/BCD_r0030_c0096.png,T2/BCD_r0030_c0096.png,0,masks/BCD_r0030_c0096.png,0.00000000
BCD_r0030_c0097,T1/BCD_r0030_c0097.png,T2/BCD_r0030_c0097.png,0,masks/BCD_r0030_c0097.png,0.00000000
BCD_r0030_c0098,T1/BCD_r0030_c0098.png,T2/BCD_r0030_c0098.png,0,masks/BCD_r0030_c0098.png,0.00000000
BCD_r0030_c0099,T1/BCD_r0030_c0099.png,T2/BCD_r0030_c0099.png,0,masks/BCD_r0030_c0099.png,0.00000000
BCD_r0030_c0100,T1/BCD_r0030_c0100.png,T2/BCD_r0030_c0100.png,0,masks/BCD_r0030_c0100.png,0.00000000
BCD_r0030_c0101,T1/BCD_r0030_c0101.png,T2/BCD_r0030_c0101.png,0,masks/BCD_r0030_c0101.png,0.00000000
BCD_r0030_c0102,T1/BCD_r0030_c0102.png,T2/BCD_r0030_c0102.png,1,masks/BCD_r0030_c0102.png,0.12280772
BCD_r0030_c0103,T1/BCD_r0030_c0103.png,T2/BCD_r0030_c0103.png,1,masks/BCD_r0030_c0103.png,0.40431680
BCD_r0030_c0104,T1/BCD_r0030_c0104.png,T2/BCD_r0030_c0104.png,1,masks/BCD_r0030_c0104.png,0.94431601
BCD_r0030_c0105,T1/BCD_r0030_c0105.png,T2/BCD_r0030_c0105.png,1,masks/BCD_r0030_c0105.png,0.24804688
BCD_r0030_c0106,T1/BCD_r0030_c0106.png,T2/BCD_r0030_c0106.png,0,masks/BCD_r0030_c0106.png,0.00000000
BCD_r0030_c0107,T1/BCD_r0030_c0107.png,T2/BCD_r0030_c0107.png,0,masks/BCD_r0030_c0107.png,0.00000000
BCD_r0030_c0108,T1/BCD_r0030_c0108.png,T2/BCD_r0030_c0108.png,1,masks/BCD_r0030_c0108.png,0.02680564
BCD_r0030_c0109,T1/BCD_r0030_c0109.png,T2/BCD_r0030_c0109.png,0,masks/BCD_r0030_c0109.png,0.00000000
BCD_r0030_c0110,T1/BCD_r0030_c0110.png,T2/BCD_r0030_c0110.png,0,masks/BCD_r0030_c0110.png,0.00000000
BCD_r0030_c0111,T1/BCD_r0030_c0111.png,T2/BCD_r0030_c0111.png,0,masks/BCD_r0030_c0111.png,0.00000000
BCD_r0030_c0112,T1/BCD_r0030_c0112.png,T2/BCD_r0030_c0112.png,0,masks/BCD_r0030_c0112.png,0.00000000
BCD_r0030_c0113,T1/BCD_r0030_c0113.png,T2/BCD_r0030_c0113.png,0,masks/BCD_r0030_c0113.png,0.00000000
BCD_r0030_c0114,T1/BCD_r0030_c0114.png,T2/BCD_r0030_c0114.png,0,masks/BCD_r0030_c0114.png,0.00000000
BCD_r0030_c0115,T1/BCD_r0030_c0115.png,T2/BCD_r0030_c0115.png,0,masks/BCD_r0030_c0115.png,0.00000000
BCD_r0030_c0116,T1/BCD_r0030_c0116.png,T2/BCD_r0030_c0116.png,0,masks/BCD_r0030_c0116.png,0.00000000
BCD_r0030_c0117,T1/BCD_r0030_c0117.png,T2/BCD_r0030_c0117.png,1,masks/BCD_r0030_c0117.png,0.01219707
BCD_r0030_c0118,T1/BCD_r0030_c0118.png,T2/BCD_r0030_c0118.png,0,masks/BCD_r0030_c0118.png,0.00000000
BCD_r0030_c0119,T1/BCD_r0030_c0119.png,T2/BCD_r0030_c0119.png,0,masks/BCD_r0030_c0119.png,0.00000000
BCD_r0030_c0120,T1/BCD_r0030_c0120.png,T2/BCD_r0030_c0120.png,0,masks/BCD_r0030_c0120.png,0.00000000
BCD_r0030_c0121,T1/BCD_r0030_c0121.png,T2/BCD_r0030_c0121.png,0,masks/BCD_r0030_c0121.png,0.00000000
BCD_r0030_c0122,T1/BCD_r0030_c0122.png,T2/BCD_r0030_c0122.png,0,masks/BCD_r0030_c0122.png,0.00000000
BCD_r0030_c0123,T1/BCD_r0030_c0123.png,T2/BCD_r0030_c0123.png,0,masks/BCD_r0030_c0123.png,0.00000000
BCD_r0030_c0124,T1/BCD_r0030_c0124.png,T2/BCD_r0030_c0124.png,0,masks/BCD_r0030_c0124.png,0.00000000
BCD_r0030_c0125,T1/BCD_r0030_c0125.png,T2/BCD_r0030_c0125.png,0,masks/BCD_r0030_c0125.png,0.00000000
BCD_r0030_c0126,T1/BCD_r0030_c0126.png,T2/BCD_r0030_c0126.png,0,masks/BCD_r0030_c0126.png,0.00000000
BCD_r0030_c0127,T1/BCD_r0030_c0127.png,T2/BCD_r0030_c0127.png,0,masks/BCD_r0030_c0127.png,0.00000000
BCD_r0030_c0128,T1/BCD_r0030_c0128.png,T2/BCD_r0030_c0128.png,0,masks/BCD_r0030_c0128.png,0.00000000
BCD_r0030_c0129,T1/BCD_r0030_c0129.png,T2/BCD_r0030_c0129.png,0,masks/BCD_r0030_c0129.png,0.00000000
BCD_r0030_c0130,T1/BCD_r0030_c0130.png,T2/BCD_r0030_c0130.png,0,masks/BCD_r0030_c0130.png,0.00000000
BCD_r0030_c0131,T1/BCD_r0030_c0131.png,T2/BCD_r0030_c0131.png,0,masks/BCD_r0030_c0131.png,0.00000000
BCD_r0030_c0132,T1/BCD_r0030_c0132.png,T2/BCD_r0030_c0132.png,0,masks/BCD_r0030_c0132.png,0.00000000
BCD_r0030_c0133,T1/BCD_r0030_c0133.png,T2/BCD_r0030_c0133.png,0,masks/BCD_r0030_c0133.png,0.00000000
BCD_r0030_c0134,T1/BCD_r0030_c0134.png,T2/BCD_r0030_c0134.png,0,masks/BCD_r0030_c0134.png,0.00000000
BCD_r0030_c0135,T1/BCD_r0030_c0135.png,T2/BCD_r0030_c0135.png,0,masks/BCD_r0030_c0135.png,0.00000000
BCD_r0030_c0136,T1/BCD_r0030_c0136.png,T2/BCD_r0030_c0136.png,0,masks/BCD_r0030_c0136.png,0.00000000
BCD_r0030_c0137,T1/BCD_r0030_c0137.png,T2/BCD_r0030_c0137.png,0,masks/BCD_r0030_c0137.png,0.00000000
BCD_r0030_c0138,T1/BCD_r0030_c0138.png,T2/BCD_r0030_c0138.png,0,masks/BCD_r0030_c0138.png,0.00000000
BCD_r0030_c0139,T1/BCD_r0030_c0139.png,T2/BCD_r0030_c0139.png,0,masks/BCD_r0030_c0139.png,0.00000000
BCD_r0030_c0140,T1/BCD_r0030_c0140.png,T2/BCD_r0030_c0140.png,0,masks/BCD_r0030_c0140.png,0.00000000
BCD_r0030_c0141,T1/BCD_r0030_c0141.png,T2/BCD_r0030_c0141.png,0,masks/BCD_r0030_c0141.png,0.00000000
BCD_r0030_c0142,T1/BCD_r0030_c0142.png,T2/BCD_r0030_c0142.png,0,masks/BCD_r0030_c0142.png,0.00000000
BCD_r0030_c0143,T1/BCD_r0030_c0143.png,T2/BCD_r0030_c0143.png,0,masks/BCD_r0030_c0143.png,0.00000000
BCD_r0030_c0144,T1/BCD_r0030_c0144.png,T2/BCD_r0030_c0144.png,0,masks/BCD_r0030_c0144.png,0.00000000
BCD_r0031_c0000,T1/BCD_r0031_c0000.png,T2/BCD_r0031_c0000.png,1,masks/BCD_r0031_c0000.png,0.03796636
BCD_r0031_c0001,T1/BCD_r0031_c0001.png,T2/BCD_r0031_c0001.png,0,masks/BCD_r0031_c0001.png,0.00000000
BCD_r0031_c0002,T1/BCD_r0031_c0002.png,T2/BCD_r0031_c0002.png,0,masks/BCD_r0031_c0002.png,0.00000000
BCD_r0031_c0003,T1/BCD_r0031_c0003.png,T2/BCD_r0031_c0003.png,0,masks/BCD_r0031_c0003.png,0.00000000
BCD_r0031_c0004,T1/BCD_r0031_c0004.png,T2/BCD_r0031_c0004.png,1,masks/BCD_r0031_c0004.png,0.20707111
BCD_r0031_c0005,T1/BCD_r0031_c0005.png,T2/BCD_r0031_c0005.png,1,masks/BCD_r0031_c0005.png,0.89873645
BCD_r0031_c0006,T1/BCD_r0031_c0006.png,T2/BCD_r0031_c0006.png,1,masks/BCD_r0031_c0006.png,0.00972577
BCD_r0031_c0007,T1/BCD_r0031_c0007.png,T2/BCD_r0031_c0007.png,0,masks/BCD_r0031_c0007.png,0.00000000
BCD_r0031_c0008,T1/BCD_r0031_c0008.png,T2/BCD_r0031_c0008.png,0,masks/BCD_r0031_c0008.png,0.00000000
BCD_r0031_c0009,T1/BCD_r0031_c0009.png,T2/BCD_r0031_c0009.png,0,masks/BCD_r0031_c0009.png,0.00000000
BCD_r0031_c0010,T1/BCD_r0031_c0010.png,T2/BCD_r0031_c0010.png,0,masks/BCD_r0031_c0010.png,0.00000000
BCD_r0031_c0011,T1/BCD_r0031_c0011.png,T2/BCD_r0031_c0011.png,0,masks/BCD_r0031_c0011.png,0.00000000
BCD_r0031_c0012,T1/BCD_r0031_c0012.png,T2/BCD_r0031_c0012.png,0,masks/BCD_r0031_c0012.png,0.00000000
BCD_r0031_c0013,T1/BCD_r0031_c0013.png,T2/BCD_r0031_c0013.png,0,masks/BCD_r0031_c0013.png,0.00000000
BCD_r0031_c0014,T1/BCD_r0031_c0014.png,T2/BCD_r0031_c0014.png,0,masks/BCD_r0031_c0014.png,0.00000000
BCD_r0031_c0015,T1/BCD_r0031_c0015.png,T2/BCD_r0031_c0015.png,0,masks/BCD_r0031_c0015.png,0.00000000
BCD_r0031_c0016,T1/BCD_r0031_c0016.png,T2/BCD_r0031_c0016.png,0,masks/BCD_r0031_c0016.png,0.00000000
BCD_r0031_c0017,T1/BCD_r0031_c0017.png,T2/BCD_r0031_c0017.png,0,masks/BCD_r0031_c0017.png,0.00000000
BCD_r0031_c0018,T1/BCD_r0031_c0018.png,T2/BCD_r0031_c0018.png,0,masks/BCD_r0031_c0018.png,0.00000000
BCD_r0031_c0019,T1/BCD_r0031_c0019.png,T2/BCD_r0031_c0019.png,0,masks/BCD_r0031_c0019.png,0.00000000
BCD_r0031_c0020,T1/BCD_r0031_c0020.png,T2/BCD_r0031_c0020.png,0,masks/BCD_r0031_c0020.png,0.00000000
BCD_r0031_c0021,T1/BCD_r0031_c0021.png,T2/BCD_r0031_c0021.png,0,masks/BCD_r0031_c0021.png,0.00000000
BCD_r0031_c0022,T1/BCD_r0031_c0022.png,T2/BCD_r0031_c0022.png,0,masks/BCD_r0031_c0022.png,0.00000000
BCD_r0031_c0023,T1/BCD_r0031_c0023.png,T2/BCD_r0031_c0023.png,0,masks/BCD_r0031_c0023.png,0.00000000
BCD_r0031_c0024,T1/BCD_r0031_c0024.png,T2/BCD_r0031_c0024.png,1,masks/BCD_r0031_c0024.png,0.00633769
BCD_r0031_c0025,T1/BCD_r0031_c0025.png,T2/BCD_r0031_c0025.png,1,masks/BCD_r0031_c0025.png,0.01040338
BCD_r0031_c0026,T1/BCD_r0031_c0026.png,T2/BCD_r0031_c0026.png,0,masks/BCD_r0031_c0026.png,0.00000000
BCD_r0031_c0027,T1/BCD_r0031_c0027.png,T2/BCD_r0031_c0027.png,0,masks/BCD_r0031_c0027.png,0.00000000
BCD_r0031_c0028,T1/BCD_r0031_c0028.png,T2/BCD_r0031_c0028.png,0,masks/BCD_r0031_c0028.png,0.00000000
BCD_r0031_c0029,T1/BCD_r0031_c0029.png,T2/BCD_r0031_c0029.png,0,masks/BCD_r0031_c0029.png,0.00000000
BCD_r0031_c0030,T1/BCD_r0031_c0030.png,T2/BCD_r0031_c0030.png,0,masks/BCD_r0031_c0030.png,0.00000000
BCD_r0031_c0031,T1/BCD_r0031_c0031.png,T2/BCD_r0031_c0031.png,0,masks/BCD_r0031_c0031.png,0.00000000
BCD_r0031_c0032,T1/BCD_r0031_c0032.png,T2/BCD_r0031_c0032.png,0,masks/BCD_r0031_c0032.png,0.00000000
BCD_r0031_c0033,T1/BCD_r0031_c0033.png,T2/BCD_r0031_c0033.png,0,masks/BCD_r0031_c0033.png,0.00000000
BCD_r0031_c0034,T1/BCD_r0031_c0034.png,T2/BCD_r0031_c0034.png,0,masks/BCD_r0031_c0034.png,0.00000000
BCD_r0031_c0035,T1/BCD_r0031_c0035.png,T2/BCD_r0031_c0035.png,0,masks/BCD_r0031_c0035.png,0.00000000
BCD_r0031_c0036,T1/BCD_r0031_c0036.png,T2/BCD_r0031_c0036.png,0,masks/BCD_r0031_c0036.png,0.00000000
BCD_r0031_c0037,T1/BCD_r0031_c0037.png,T2/BCD_r0031_c0037.png,0,masks/BCD_r0031_c0037.png,0.00000000
BCD_r0031_c0038,T1/BCD_r0031_c0038.png,T2/BCD_r0031_c0038.png,1,masks/BCD_r0031_c0038.png,0.01040338
BCD_r0031_c0039,T1/BCD_r0031_c0039.png,T2/BCD_r0031_c0039.png,1,masks/BCD_r0031_c0039.png,0.00721460
BCD_r0031_c0040,T1/BCD_r0031_c0040.png,T2/BCD_r0031_c0040.png,0,masks/BCD_r0031_c0040.png,0.00000000
BCD_r0031_c0041,T1/BCD_r0031_c0041.png,T2/BCD_r0031_c0041.png,0,masks/BCD_r0031_c0041.png,0.00000000
BCD_r0031_c0042,T1/BCD_r0031_c0042.png,T2/BCD_r0031_c0042.png,0,masks/BCD_r0031_c0042.png,0.00000000
BCD_r0031_c0043,T1/BCD_r0031_c0043.png,T2/BCD_r0031_c0043.png,0,masks/BCD_r0031_c0043.png,0.00000000
BCD_r0031_c0044,T1/BCD_r0031_c0044.png,T2/BCD_r0031_c0044.png,0,masks/BCD_r0031_c0044.png,0.00000000
BCD_r0031_c0045,T1/BCD_r0031_c0045.png,T2/BCD_r0031_c0045.png,0,masks/BCD_r0031_c0045.png,0.00000000
BCD_r0031_c0046,T1/BCD_r0031_c0046.png,T2/BCD_r0031_c0046.png,0,masks/BCD_r0031_c0046.png,0.00000000
BCD_r0031_c0047,T1/BCD_r0031_c0047.png,T2/BCD_r0031_c0047.png,0,masks/BCD_r0031_c0047.png,0.00000000
BCD_r0031_c0048,T1/BCD_r0031_c0048.png,T2/BCD_r0031_c0048.png,0,masks/BCD_r0031_c0048.png,0.00000000
BCD_r0031_c0049,T1/BCD_r0031_c0049.png,T2/BCD_r0031_c0049.png,0,masks/BCD_r0031_c0049.png,0.00000000
BCD_r0031_c0050,T1/BCD_r0031_c0050.png,T2/BCD_r0031_c0050.png,0,masks/BCD_r0031_c0050.png,0.00000000
BCD_r0031_c0051,T1/BCD_r0031_c0051.png,T2/BCD_r0031_c0051.png,0,masks/BCD_r0031_c0051.png,0.00000000
BCD_r0031_c0052,T1/BCD_r0031_c0052.png,T2/BCD_r0031_c0052.png,0,masks/BCD_r0031_c0052.png,0.00000000
BCD_r0031_c0053,T1/BCD_r0031_c0053.png,T2/BCD_r0031_c0053.png,0,masks/BCD_r0031_c0053.png,0.00000000
BCD_r0031_c0054,T1/BCD_r0031_c0054.png,T2/BCD_r0031_c0054.png,0,masks/BCD_r0031_c0054.png,0.00000000
BCD_r0031_c0055,T1/BCD_r0031_c0055.png,T2/BCD_r0031_c0055.png,0,masks/BCD_r0031_c0055.png,0.00000000
BCD_r0031_c0056,T1/BCD_r0031_c0056.png,T2/BCD_r0031_c0056.png,0,masks/BCD_r0031_c0056.png,0.00000000
BCD_r0031_c0057,T1/BCD_r0031_c0057.png,T2/BCD_r0031_c0057.png,0,masks/BCD_r0031_c0057.png,0.00000000
BCD_r0031_c0058,T1/BCD_r0031_c0058.png,T2/BCD_r0031_c0058.png,0,masks/BCD_r0031_c0058.png,0.00000000
BCD_r0031_c0059,T1/BCD_r0031_c0059.png,T2/BCD_r0031_c0059.png,0,masks/BCD_r0031_c0059.png,0.00000000
BCD_r0031_c0060,T1/BCD_r0031_c0060.png,T2/BCD_r0031_c0060.png,0,masks/BCD_r0031_c0060.png,0.00000000
BCD_r0031_c0061,T1/BCD_r0031_c0061.png,T2/BCD_r0031_c0061.png,0,masks/BCD_r0031_c0061.png,0.00000000
BCD_r0031_c0062,T1/BCD_r0031_c0062.png,T2/BCD_r0031_c0062.png,0,masks/BCD_r0031_c0062.png,0.00000000
BCD_r0031_c0063,T1/BCD_r0031_c0063.png,T2/BCD_r0031_c0063.png,0,masks/BCD_r0031_c0063.png,0.00000000
BCD_r0031_c0064,T1/BCD_r0031_c0064.png,T2/BCD_r0031_c0064.png,1,masks/BCD_r0031_c0064.png,0.14738122
BCD_r0031_c0065,T1/BCD_r0031_c0065.png,T2/BCD_r0031_c0065.png,1,masks/BCD_r0031_c0065.png,0.39261798
BCD_r0031_c0066,T1/BCD_r0031_c0066.png,T2/BCD_r0031_c0066.png,1,masks/BCD_r0031_c0066.png,0.05855389
BCD_r0031_c0067,T1/BCD_r0031_c0067.png,T2/BCD_r0031_c0067.png,0,masks/BCD_r0031_c0067.png,0.00000000
BCD_r0031_c0068,T1/BCD_r0031_c0068.png,T2/BCD_r0031_c0068.png,0,masks/BCD_r0031_c0068.png,0.00000000
BCD_r0031_c0069,T1/BCD_r0031_c0069.png,T2/BCD_r0031_c0069.png,0,masks/BCD_r0031_c0069.png,0.00000000
BCD_r0031_c0070,T1/BCD_r0031_c0070.png,T2/BCD_r0031_c0070.png,0,masks/BCD_r0031_c0070.png,0.00000000
BCD_r0031_c0071,T1/BCD_r0031_c0071.png,T2/BCD_r0031_c0071.png,1,masks/BCD_r0031_c0071.png,0.05998884
BCD_r0031_c0072,T1/BCD_r0031_c0072.png,T2/BCD_r0031_c0072.png,0,masks/BCD_r0031_c0072.png,0.00000000
BCD_r0031_c0073,T1/BCD_r0031_c0073.png,T2/BCD_r0031_c0073.png,0,masks/BCD_r0031_c0073.png,0.00000000
BCD_r0031_c0074,T1/BCD_r0031_c0074.png,T2/BCD_r0031_c0074.png,1,masks/BCD_r0031_c0074.png,0.00687580
BCD_r0031_c0075,T1/BCD_r0031_c0075.png,T2/BCD_r0031_c0075.png,1,masks/BCD_r0031_c0075.png,0.10694356
BCD_r0031_c0076,T1/BCD_r0031_c0076.png,T2/BCD_r0031_c0076.png,1,masks/BCD_r0031_c0076.png,0.32395966
BCD_r0031_c0077,T1/BCD_r0031_c0077.png,T2/BCD_r0031_c0077.png,1,masks/BCD_r0031_c0077.png,0.00344786
BCD_r0031_c0078,T1/BCD_r0031_c0078.png,T2/BCD_r0031_c0078.png,0,masks/BCD_r0031_c0078.png,0.00000000
BCD_r0031_c0079,T1/BCD_r0031_c0079.png,T2/BCD_r0031_c0079.png,0,masks/BCD_r0031_c0079.png,0.00000000
BCD_r0031_c0080,T1/BCD_r0031_c0080.png,T2/BCD_r0031_c0080.png,0,masks/BCD_r0031_c0080.png,0.00000000
BCD_r0031_c0081,T1/BCD_r0031_c0081.png,T2/BCD_r0031_c0081.png,0,masks/BCD_r0031_c0081.png,0.00000000
BCD_r0031_c0082,T1/BCD_r0031_c0082.png,T2/BCD_r0031_c0082.png,1,masks/BCD_r0031_c0082.png,0.15931920
BCD_r0031_c0083,T1/BCD_r0031_c0083.png,T2/BCD_r0031_c0083.png,1,masks/BCD_r0031_c0083.png,0.07421875
BCD_r0031_c0084,T1/BCD_r0031_c0084.png,T2/BCD_r0031_c0084.png,1,masks/BCD_r0031_c0084.png,0.01401068
BCD_r0031_c0085,T1/BCD_r0031_c0085.png,T2/BCD_r0031_c0085.png,0,masks/BCD_r0031_c0085.png,0.00000000
BCD_r0031_c0086,T1/BCD_r0031_c0086.png,T2/BCD_r0031_c0086.png,0,masks/BCD_r0031_c0086.png,0.00000000
BCD_r0031_c0087,T1/BCD_r0031_c0087.png,T2/BCD_r0031_c0087.png,0,masks/BCD_r0031_c0087.png,0.00000000
BCD_r0031_c0088,T1/BCD_r0031_c0088.png,T2/BCD_r0031_c0088.png,0,masks/BCD_r0031_c0088.png,0.00000000
BCD_r0031_c0089,T1/BCD_r0031_c0089.png,T2/BCD_r0031_c0089.png,0,masks/BCD_r0031_c0089.png,0.00000000
BCD_r0031_c0090,T1/BCD_r0031_c0090.png,T2/BCD_r0031_c0090.png,0,masks/BCD_r0031_c0090.png,0.00000000
BCD_r0031_c0091,T1/BCD_r0031_c0091.png,T2/BCD_r0031_c0091.png,0,masks/BCD_r0031_c0091.png,0.00000000
BCD_r0031_c0092,T1/BCD_r0031_c0092.png,T2/BCD_r0031_c0092.png,0,masks/BCD_r0031_c0092.png,0.00000000
BCD_r0031_c0093,T1/BCD_r0031_c0093.png,T2/BCD_r0031_c0093.png,0,masks/BCD_r0031_c0093.png,0.00000000
BCD_r0031_c0094,T1/BCD_r0031_c0094.png,T2/BCD_r0031_c0094.png,0,masks/BCD_r0031_c0094.png,0.00000000
BCD_r0031_c0095,T1/BCD_r0031_c0095.png,T2/BCD_r0031_c0095.png,0,masks/BCD_r0031_c0095.png,0.00000000
BCD_r0031_c0096,T1/BCD_r0031_c0096.png,T2/BCD_r0031_c0096.png,0,masks/BCD_r0031_c0096.png,0.00000000
BCD_r0031_c0097,T1/BCD_r0031_c0097.png,T2/BCD_r0031_c0097.png,0,masks/BCD_r0031_c0097.png,0.00000000
BCD_r0031_c0098,T1/BCD_r0031_c0098.png,T2/BCD_r0031_c0098.png,0,masks/BCD_r0031_c0098.png,0.00000000
BCD_r0031_c0099,T1/BCD_r0031_c0099.png,T2/BCD_r0031_c0099.png,0,masks/BCD_r0031_c0099.png,0.00000000
BCD_r0031_c0100,T1/BCD_r0031_c0100.png,T2/BCD_r0031_c0100.png,1,masks/BCD_r0031_c0100.png,0.02710459
BCD_r0031_c0101,T1/BCD_r0031_c0101.png,T2/BCD_r0031_c0101.png,1,masks/BCD_r0031_c0101.png,0.38930963
BCD_r0031_c0102,T1/BCD_r0031_c0102.png,T2/BCD_r0031_c0102.png,1,masks/BCD_r0031_c0102.png,0.93415179
BCD_r0031_c0103,T1/BCD_r0031_c0103.png,T2/BCD_r0031_c0103.png,1,masks/BCD_r0031_c0103.png,1.00000000
BCD_r0031_c0104,T1/BCD_r0031_c0104.png,T2/BCD_r0031_c0104.png,1,masks/BCD_r0031_c0104.png,0.69664780
BCD_r0031_c0105,T1/BCD_r0031_c0105.png,T2/BCD_r0031_c0105.png,1,masks/BCD_r0031_c0105.png,0.05998884
BCD_r0031_c0106,T1/BCD_r0031_c0106.png,T2/BCD_r0031_c0106.png,0,masks/BCD_r0031_c0106.png,0.00000000
BCD_r0031_c0107,T1/BCD_r0031_c0107.png,T2/BCD_r0031_c0107.png,0,masks/BCD_r0031_c0107.png,0.00000000
BCD_r0031_c0108,T1/BCD_r0031_c0108.png,T2/BCD_r0031_c0108.png,0,masks/BCD_r0031_c0108.png,0.00000000
BCD_r0031_c0109,T1/BCD_r0031_c0109.png,T2/BCD_r0031_c0109.png,0,masks/BCD_r0031_c0109.png,0.00000000
BCD_r0031_c0110,T1/BCD_r0031_c0110.png,T2/BCD_r0031_c0110.png,0,masks/BCD_r0031_c0110.png,0.00000000
BCD_r0031_c0111,T1/BCD_r0031_c0111.png,T2/BCD_r0031_c0111.png,0,masks/BCD_r0031_c0111.png,0.00000000
BCD_r0031_c0112,T1/BCD_r0031_c0112.png,T2/BCD_r0031_c0112.png,0,masks/BCD_r0031_c0112.png,0.00000000
BCD_r0031_c0113,T1/BCD_r0031_c0113.png,T2/BCD_r0031_c0113.png,0,masks/BCD_r0031_c0113.png,0.00000000
BCD_r0031_c0114,T1/BCD_r0031_c0114.png,T2/BCD_r0031_c0114.png,1,masks/BCD_r0031_c0114.png,0.02130501
BCD_r0031_c0115,T1/BCD_r0031_c0115.png,T2/BCD_r0031_c0115.png,1,masks/BCD_r0031_c0115.png,0.15465561
BCD_r0031_c0116,T1/BCD_r0031_c0116.png,T2/BCD_r0031_c0116.png,1,masks/BCD_r0031_c0116.png,0.09117905
BCD_r0031_c0117,T1/BCD_r0031_c0117.png,T2/BCD_r0031_c0117.png,1,masks/BCD_r0031_c0117.png,0.71679688
BCD_r0031_c0118,T1/BCD_r0031_c0118.png,T2/BCD_r0031_c0118.png,1,masks/BCD_r0031_c0118.png,0.00127551
BCD_r0031_c0119,T1/BCD_r0031_c0119.png,T2/BCD_r0031_c0119.png,0,masks/BCD_r0031_c0119.png,0.00000000
BCD_r0031_c0120,T1/BCD_r0031_c0120.png,T2/BCD_r0031_c0120.png,0,masks/BCD_r0031_c0120.png,0.00000000
BCD_r0031_c0121,T1/BCD_r0031_c0121.png,T2/BCD_r0031_c0121.png,0,masks/BCD_r0031_c0121.png,0.00000000
BCD_r0031_c0122,T1/BCD_r0031_c0122.png,T2/BCD_r0031_c0122.png,0,masks/BCD_r0031_c0122.png,0.00000000
BCD_r0031_c0123,T1/BCD_r0031_c0123.png,T2/BCD_r0031_c0123.png,0,masks/BCD_r0031_c0123.png,0.00000000
BCD_r0031_c0124,T1/BCD_r0031_c0124.png,T2/BCD_r0031_c0124.png,0,masks/BCD_r0031_c0124.png,0.00000000
BCD_r0031_c0125,T1/BCD_r0031_c0125.png,T2/BCD_r0031_c0125.png,0,masks/BCD_r0031_c0125.png,0.00000000
BCD_r0031_c0126,T1/BCD_r0031_c0126.png,T2/BCD_r0031_c0126.png,0,masks/BCD_r0031_c0126.png,0.00000000
BCD_r0031_c0127,T1/BCD_r0031_c0127.png,T2/BCD_r0031_c0127.png,0,masks/BCD_r0031_c0127.png,0.00000000
BCD_r0031_c0128,T1/BCD_r0031_c0128.png,T2/BCD_r0031_c0128.png,0,masks/BCD_r0031_c0128.png,0.00000000
BCD_r0031_c0129,T1/BCD_r0031_c0129.png,T2/BCD_r0031_c0129.png,0,masks/BCD_r0031_c0129.png,0.00000000
BCD_r0031_c0130,T1/BCD_r0031_c0130.png,T2/BCD_r0031_c0130.png,0,masks/BCD_r0031_c0130.png,0.00000000
BCD_r0031_c0131,T1/BCD_r0031_c0131.png,T2/BCD_r0031_c0131.png,0,masks/BCD_r0031_c0131.png,0.00000000
BCD_r0031_c0132,T1/BCD_r0031_c0132.png,T2/BCD_r0031_c0132.png,0,masks/BCD_r0031_c0132.png,0.00000000
BCD_r0031_c0133,T1/BCD_r0031_c0133.png,T2/BCD_r0031_c0133.png,0,masks/BCD_r0031_c0133.png,0.00000000
BCD_r0031_c0134,T1/BCD_r0031_c0134.png,T2/BCD_r0031_c0134.png,0,masks/BCD_r0031_c0134.png,0.00000000
BCD_r0031_c0135,T1/BCD_r0031_c0135.png,T2/BCD_r0031_c0135.png,0,masks/BCD_r0031_c0135.png,0.00000000
BCD_r0031_c0136,T1/BCD_r0031_c0136.png,T2/BCD_r0031_c0136.png,0,masks/BCD_r0031_c0136.png,0.00000000
BCD_r0031_c0137,T1/BCD_r0031_c0137.png,T2/BCD_r0031_c0137.png,0,masks/BCD_r0031_c0137.png,0.00000000
BCD_r0031_c0138,T1/BCD_r0031_c0138.png,T2/BCD_r0031_c0138.png,0,masks/BCD_r0031_c0138.png,0.00000000
BCD_r0031_c0139,T1/BCD_r0031_c0139.png,T2/BCD_r0031_c0139.png,0,masks/BCD_r0031_c0139.png,0.00000000
BCD_r0031_c0140,T1/BCD_r0031_c0140.png,T2/BCD_r0031_c0140.png,0,masks/BCD_r0031_c0140.png,0.00000000
BCD_r0031_c0141,T1/BCD_r0031_c0141.png,T2/BCD_r0031_c0141.png,0,masks/BCD_r0031_c0141.png,0.00000000
BCD_r0031_c0142,T1/BCD_r0031_c0142.png,T2/BCD_r0031_c0142.png,0,masks/BCD_r0031_c0142.png,0.00000000
BCD_r0031_c0143,T1/BCD_r0031_c0143.png,T2/BCD_r0031_c0143.png,0,masks/BCD_r0031_c0143.png,0.00000000
BCD_r0031_c0144,T1/BCD_r0031_c0144.png,T2/BCD_r0031_c0144.png,0,masks/BCD_r0031_c0144.png,0.00000000
BCD_r0032_c0000,T1/BCD_r0032_c0000.png,T2/BCD_r0032_c0000.png,1,masks/BCD_r0032_c0000.png,0.78194754
BCD_r0032_c0001,T1/BCD_r0032_c0001.png,T2/BCD_r0032_c0001.png,1,masks/BCD_r0032_c0001.png,0.08330676
BCD_r0032_c0002,T1/BCD_r0032_c0002.png,T2/BCD_r0032_c0002.png,0,masks/BCD_r0032_c0002.png,0.00000000
BCD_r0032_c0003,T1/BCD_r0032_c0003.png,T2/BCD_r0032_c0003.png,1,masks/BCD_r0032_c0003.png,0.05562420
BCD_r0032_c0004,T1/BCD_r0032_c0004.png,T2/BCD_r0032_c0004.png,1,masks/BCD_r0032_c0004.png,0.28252551
BCD_r0032_c0005,T1/BCD_r0032_c0005.png,T2/BCD_r0032_c0005.png,1,masks/BCD_r0032_c0005.png,0.25799187
BCD_r0032_c0006,T1/BCD_r0032_c0006.png,T2/BCD_r0032_c0006.png,0,masks/BCD_r0032_c0006.png,0.00000000
BCD_r0032_c0007,T1/BCD_r0032_c0007.png,T2/BCD_r0032_c0007.png,0,masks/BCD_r0032_c0007.png,0.00000000
BCD_r0032_c0008,T1/BCD_r0032_c0008.png,T2/BCD_r0032_c0008.png,0,masks/BCD_r0032_c0008.png,0.00000000
BCD_r0032_c0009,T1/BCD_r0032_c0009.png,T2/BCD_r0032_c0009.png,1,masks/BCD_r0032_c0009.png,0.00005979
BCD_r0032_c0010,T1/BCD_r0032_c0010.png,T2/BCD_r0032_c0010.png,1,masks/BCD_r0032_c0010.png,0.11039142
BCD_r0032_c0011,T1/BCD_r0032_c0011.png,T2/BCD_r0032_c0011.png,0,masks/BCD_r0032_c0011.png,0.00000000
BCD_r0032_c0012,T1/BCD_r0032_c0012.png,T2/BCD_r0032_c0012.png,0,masks/BCD_r0032_c0012.png,0.00000000
BCD_r0032_c0013,T1/BCD_r0032_c0013.png,T2/BCD_r0032_c0013.png,0,masks/BCD_r0032_c0013.png,0.00000000
BCD_r0032_c0014,T1/BCD_r0032_c0014.png,T2/BCD_r0032_c0014.png,0,masks/BCD_r0032_c0014.png,0.00000000
BCD_r0032_c0015,T1/BCD_r0032_c0015.png,T2/BCD_r0032_c0015.png,0,masks/BCD_r0032_c0015.png,0.00000000
BCD_r0032_c0016,T1/BCD_r0032_c0016.png,T2/BCD_r0032_c0016.png,0,masks/BCD_r0032_c0016.png,0.00000000
BCD_r0032_c0017,T1/BCD_r0032_c0017.png,T2/BCD_r0032_c0017.png,1,masks/BCD_r0032_c0017.png,0.04053731
BCD_r0032_c0018,T1/BCD_r0032_c0018.png,T2/BCD_r0032_c0018.png,0,masks/BCD_r0032_c0018.png,0.00000000
BCD_r0032_c0019,T1/BCD_r0032_c0019.png,T2/BCD_r0032_c0019.png,0,masks/BCD_r0032_c0019.png,0.00000000
BCD_r0032_c0020,T1/BCD_r0032_c0020.png,T2/BCD_r0032_c0020.png,0,masks/BCD_r0032_c0020.png,0.00000000
BCD_r0032_c0021,T1/BCD_r0032_c0021.png,T2/BCD_r0032_c0021.png,0,masks/BCD_r0032_c0021.png,0.00000000
BCD_r0032_c0022,T1/BCD_r0032_c0022.png,T2/BCD_r0032_c0022.png,0,masks/BCD_r0032_c0022.png,0.00000000
BCD_r0032_c0023,T1/BCD_r0032_c0023.png,T2/BCD_r0032_c0023.png,0,masks/BCD_r0032_c0023.png,0.00000000
BCD_r0032_c0024,T1/BCD_r0032_c0024.png,T2/BCD_r0032_c0024.png,0,masks/BCD_r0032_c0024.png,0.00000000
BCD_r0032_c0025,T1/BCD_r0032_c0025.png,T2/BCD_r0032_c0025.png,1,masks/BCD_r0032_c0025.png,0.10445233
BCD_r0032_c0026,T1/BCD_r0032_c0026.png,T2/BCD_r0032_c0026.png,1,masks/BCD_r0032_c0026.png,0.04627710
BCD_r0032_c0027,T1/BCD_r0032_c0027.png,T2/BCD_r0032_c0027.png,0,masks/BCD_r0032_c0027.png,0.00000000
BCD_r0032_c0028,T1/BCD_r0032_c0028.png,T2/BCD_r0032_c0028.png,0,masks/BCD_r0032_c0028.png,0.00000000
BCD_r0032_c0029,T1/BCD_r0032_c0029.png,T2/BCD_r0032_c0029.png,0,masks/BCD_r0032_c0029.png,0.00000000
BCD_r0032_c0030,T1/BCD_r0032_c0030.png,T2/BCD_r0032_c0030.png,0,masks/BCD_r0032_c0030.png,0.00000000
BCD_r0032_c0031,T1/BCD_r0032_c0031.png,T2/BCD_r0032_c0031.png,0,masks/BCD_r0032_c0031.png,0.00000000
BCD_r0032_c0032,T1/BCD_r0032_c0032.png,T2/BCD_r0032_c0032.png,0,masks/BCD_r0032_c0032.png,0.00000000
BCD_r0032_c0033,T1/BCD_r0032_c0033.png,T2/BCD_r0032_c0033.png,0,masks/BCD_r0032_c0033.png,0.00000000
BCD_r0032_c0034,T1/BCD_r0032_c0034.png,T2/BCD_r0032_c0034.png,0,masks/BCD_r0032_c0034.png,0.00000000
BCD_r0032_c0035,T1/BCD_r0032_c0035.png,T2/BCD_r0032_c0035.png,0,masks/BCD_r0032_c0035.png,0.00000000
BCD_r0032_c0036,T1/BCD_r0032_c0036.png,T2/BCD_r0032_c0036.png,0,masks/BCD_r0032_c0036.png,0.00000000
BCD_r0032_c0037,T1/BCD_r0032_c0037.png,T2/BCD_r0032_c0037.png,0,masks/BCD_r0032_c0037.png,0.00000000
BCD_r0032_c0038,T1/BCD_r0032_c0038.png,T2/BCD_r0032_c0038.png,0,masks/BCD_r0032_c0038.png,0.00000000
BCD_r0032_c0039,T1/BCD_r0032_c0039.png,T2/BCD_r0032_c0039.png,0,masks/BCD_r0032_c0039.png,0.00000000
BCD_r0032_c0040,T1/BCD_r0032_c0040.png,T2/BCD_r0032_c0040.png,0,masks/BCD_r0032_c0040.png,0.00000000
BCD_r0032_c0041,T1/BCD_r0032_c0041.png,T2/BCD_r0032_c0041.png,0,masks/BCD_r0032_c0041.png,0.00000000
BCD_r0032_c0042,T1/BCD_r0032_c0042.png,T2/BCD_r0032_c0042.png,0,masks/BCD_r0032_c0042.png,0.00000000
BCD_r0032_c0043,T1/BCD_r0032_c0043.png,T2/BCD_r0032_c0043.png,0,masks/BCD_r0032_c0043.png,0.00000000
BCD_r0032_c0044,T1/BCD_r0032_c0044.png,T2/BCD_r0032_c0044.png,0,masks/BCD_r0032_c0044.png,0.00000000
BCD_r0032_c0045,T1/BCD_r0032_c0045.png,T2/BCD_r0032_c0045.png,0,masks/BCD_r0032_c0045.png,0.00000000
BCD_r0032_c0046,T1/BCD_r0032_c0046.png,T2/BCD_r0032_c0046.png,0,masks/BCD_r0032_c0046.png,0.00000000
BCD_r0032_c0047,T1/BCD_r0032_c0047.png,T2/BCD_r0032_c0047.png,0,masks/BCD_r0032_c0047.png,0.00000000
BCD_r0032_c0048,T1/BCD_r0032_c0048.png,T2/BCD_r0032_c0048.png,0,masks/BCD_r0032_c0048.png,0.00000000
BCD_r0032_c0049,T1/BCD_r0032_c0049.png,T2/BCD_r0032_c0049.png,0,masks/BCD_r0032_c0049.png,0.00000000
BCD_r0032_c0050,T1/BCD_r0032_c0050.png,T2/BCD_r0032_c0050.png,0,masks/BCD_r0032_c0050.png,0.00000000
BCD_r0032_c0051,T1/BCD_r0032_c0051.png,T2/BCD_r0032_c0051.png,0,masks/BCD_r0032_c0051.png,0.00000000
BCD_r0032_c0052,T1/BCD_r0032_c0052.png,T2/BCD_r0032_c0052.png,0,masks/BCD_r0032_c0052.png,0.00000000
BCD_r0032_c0053,T1/BCD_r0032_c0053.png,T2/BCD_r0032_c0053.png,0,masks/BCD_r0032_c0053.png,0.00000000
BCD_r0032_c0054,T1/BCD_r0032_c0054.png,T2/BCD_r0032_c0054.png,0,masks/BCD_r0032_c0054.png,0.00000000
BCD_r0032_c0055,T1/BCD_r0032_c0055.png,T2/BCD_r0032_c0055.png,0,masks/BCD_r0032_c0055.png,0.00000000
BCD_r0032_c0056,T1/BCD_r0032_c0056.png,T2/BCD_r0032_c0056.png,0,masks/BCD_r0032_c0056.png,0.00000000
BCD_r0032_c0057,T1/BCD_r0032_c0057.png,T2/BCD_r0032_c0057.png,1,masks/BCD_r0032_c0057.png,0.00109614
BCD_r0032_c0058,T1/BCD_r0032_c0058.png,T2/BCD_r0032_c0058.png,1,masks/BCD_r0032_c0058.png,0.05809550
BCD_r0032_c0059,T1/BCD_r0032_c0059.png,T2/BCD_r0032_c0059.png,0,masks/BCD_r0032_c0059.png,0.00000000
BCD_r0032_c0060,T1/BCD_r0032_c0060.png,T2/BCD_r0032_c0060.png,0,masks/BCD_r0032_c0060.png,0.00000000
BCD_r0032_c0061,T1/BCD_r0032_c0061.png,T2/BCD_r0032_c0061.png,0,masks/BCD_r0032_c0061.png,0.00000000
BCD_r0032_c0062,T1/BCD_r0032_c0062.png,T2/BCD_r0032_c0062.png,0,masks/BCD_r0032_c0062.png,0.00000000
BCD_r0032_c0063,T1/BCD_r0032_c0063.png,T2/BCD_r0032_c0063.png,1,masks/BCD_r0032_c0063.png,0.04388552
BCD_r0032_c0064,T1/BCD_r0032_c0064.png,T2/BCD_r0032_c0064.png,1,masks/BCD_r0032_c0064.png,0.38034120
BCD_r0032_c0065,T1/BCD_r0032_c0065.png,T2/BCD_r0032_c0065.png,1,masks/BCD_r0032_c0065.png,0.53689015
BCD_r0032_c0066,T1/BCD_r0032_c0066.png,T2/BCD_r0032_c0066.png,1,masks/BCD_r0032_c0066.png,0.31818001
BCD_r0032_c0067,T1/BCD_r0032_c0067.png,T2/BCD_r0032_c0067.png,1,masks/BCD_r0032_c0067.png,0.35142299
BCD_r0032_c0068,T1/BCD_r0032_c0068.png,T2/BCD_r0032_c0068.png,1,masks/BCD_r0032_c0068.png,0.09476642
BCD_r0032_c0069,T1/BCD_r0032_c0069.png,T2/BCD_r0032_c0069.png,1,masks/BCD_r0032_c0069.png,0.06240035
BCD_r0032_c0070,T1/BCD_r0032_c0070.png,T2/BCD_r0032_c0070.png,0,masks/BCD_r0032_c0070.png,0.00000000
BCD_r0032_c0071,T1/BCD_r0032_c0071.png,T2/BCD_r0032_c0071.png,0,masks/BCD_r0032_c0071.png,0.00000000
BCD_r0032_c0072,T1/BCD_r0032_c0072.png,T2/BCD_r0032_c0072.png,0,masks/BCD_r0032_c0072.png,0.00000000
BCD_r0032_c0073,T1/BCD_r0032_c0073.png,T2/BCD_r0032_c0073.png,0,masks/BCD_r0032_c0073.png,0.00000000
BCD_r0032_c0074,T1/BCD_r0032_c0074.png,T2/BCD_r0032_c0074.png,1,masks/BCD_r0032_c0074.png,0.33294802
BCD_r0032_c0075,T1/BCD_r0032_c0075.png,T2/BCD_r0032_c0075.png,1,masks/BCD_r0032_c0075.png,0.18993144
BCD_r0032_c0076,T1/BCD_r0032_c0076.png,T2/BCD_r0032_c0076.png,1,masks/BCD_r0032_c0076.png,0.15886081
BCD_r0032_c0077,T1/BCD_r0032_c0077.png,T2/BCD_r0032_c0077.png,1,masks/BCD_r0032_c0077.png,0.18355389
BCD_r0032_c0078,T1/BCD_r0032_c0078.png,T2/BCD_r0032_c0078.png,1,masks/BCD_r0032_c0078.png,0.36037149
BCD_r0032_c0079,T1/BCD_r0032_c0079.png,T2/BCD_r0032_c0079.png,1,masks/BCD_r0032_c0079.png,0.22030453
BCD_r0032_c0080,T1/BCD_r0032_c0080.png,T2/BCD_r0032_c0080.png,1,masks/BCD_r0032_c0080.png,0.13006218
BCD_r0032_c0081,T1/BCD_r0032_c0081.png,T2/BCD_r0032_c0081.png,1,masks/BCD_r0032_c0081.png,0.22319436
BCD_r0032_c0082,T1/BCD_r0032_c0082.png,T2/BCD_r0032_c0082.png,1,masks/BCD_r0032_c0082.png,0.37282765
BCD_r0032_c0083,T1/BCD_r0032_c0083.png,T2/BCD_r0032_c0083.png,1,masks/BCD_r0032_c0083.png,0.29799107
BCD_r0032_c0084,T1/BCD_r0032_c0084.png,T2/BCD_r0032_c0084.png,0,masks/BCD_r0032_c0084.png,0.00000000
BCD_r0032_c0085,T1/BCD_r0032_c0085.png,T2/BCD_r0032_c0085.png,0,masks/BCD_r0032_c0085.png,0.00000000
BCD_r0032_c0086,T1/BCD_r0032_c0086.png,T2/BCD_r0032_c0086.png,0,masks/BCD_r0032_c0086.png,0.00000000
BCD_r0032_c0087,T1/BCD_r0032_c0087.png,T2/BCD_r0032_c0087.png,0,masks/BCD_r0032_c0087.png,0.00000000
BCD_r0032_c0088,T1/BCD_r0032_c0088.png,T2/BCD_r0032_c0088.png,0,masks/BCD_r0032_c0088.png,0.00000000
BCD_r0032_c0089,T1/BCD_r0032_c0089.png,T2/BCD_r0032_c0089.png,0,masks/BCD_r0032_c0089.png,0.00000000
BCD_r0032_c0090,T1/BCD_r0032_c0090.png,T2/BCD_r0032_c0090.png,0,masks/BCD_r0032_c0090.png,0.00000000
BCD_r0032_c0091,T1/BCD_r0032_c0091.png,T2/BCD_r0032_c0091.png,0,masks/BCD_r0032_c0091.png,0.00000000
BCD_r0032_c0092,T1/BCD_r0032_c0092.png,T2/BCD_r0032_c0092.png,0,masks/BCD_r0032_c0092.png,0.00000000
BCD_r0032_c0093,T1/BCD_r0032_c0093.png,T2/BCD_r0032_c0093.png,0,masks/BCD_r0032_c0093.png,0.00000000
BCD_r0032_c0094,T1/BCD_r0032_c0094.png,T2/BCD_r0032_c0094.png,0,masks/BCD_r0032_c0094.png,0.00000000
BCD_r0032_c0095,T1/BCD_r0032_c0095.png,T2/BCD_r0032_c0095.png,0,masks/BCD_r0032_c0095.png,0.00000000
BCD_r0032_c0096,T1/BCD_r0032_c0096.png,T2/BCD_r0032_c0096.png,0,masks/BCD_r0032_c0096.png,0.00000000
BCD_r0032_c0097,T1/BCD_r0032_c0097.png,T2/BCD_r0032_c0097.png,0,masks/BCD_r0032_c0097.png,0.00000000
BCD_r0032_c0098,T1/BCD_r0032_c0098.png,T2/BCD_r0032_c0098.png,0,masks/BCD_r0032_c0098.png,0.00000000
BCD_r0032_c0099,T1/BCD_r0032_c0099.png,T2/BCD_r0032_c0099.png,0,masks/BCD_r0032_c0099.png,0.00000000
BCD_r0032_c0100,T1/BCD_r0032_c0100.png,T2/BCD_r0032_c0100.png,1,masks/BCD_r0032_c0100.png,0.02391582
BCD_r0032_c0101,T1/BCD_r0032_c0101.png,T2/BCD_r0032_c0101.png,1,masks/BCD_r0032_c0101.png,0.76620297
BCD_r0032_c0102,T1/BCD_r0032_c0102.png,T2/BCD_r0032_c0102.png,1,masks/BCD_r0032_c0102.png,1.00000000
BCD_r0032_c0103,T1/BCD_r0032_c0103.png,T2/BCD_r0032_c0103.png,1,masks/BCD_r0032_c0103.png,0.89110332
BCD_r0032_c0104,T1/BCD_r0032_c0104.png,T2/BCD_r0032_c0104.png,1,masks/BCD_r0032_c0104.png,0.06536990
BCD_r0032_c0105,T1/BCD_r0032_c0105.png,T2/BCD_r0032_c0105.png,0,masks/BCD_r0032_c0105.png,0.00000000
BCD_r0032_c0106,T1/BCD_r0032_c0106.png,T2/BCD_r0032_c0106.png,1,masks/BCD_r0032_c0106.png,0.35116390
BCD_r0032_c0107,T1/BCD_r0032_c0107.png,T2/BCD_r0032_c0107.png,1,masks/BCD_r0032_c0107.png,0.00159439
BCD_r0032_c0108,T1/BCD_r0032_c0108.png,T2/BCD_r0032_c0108.png,0,masks/BCD_r0032_c0108.png,0.00000000
BCD_r0032_c0109,T1/BCD_r0032_c0109.png,T2/BCD_r0032_c0109.png,0,masks/BCD_r0032_c0109.png,0.00000000
BCD_r0032_c0110,T1/BCD_r0032_c0110.png,T2/BCD_r0032_c0110.png,0,masks/BCD_r0032_c0110.png,0.00000000
BCD_r0032_c0111,T1/BCD_r0032_c0111.png,T2/BCD_r0032_c0111.png,0,masks/BCD_r0032_c0111.png,0.00000000
BCD_r0032_c0112,T1/BCD_r0032_c0112.png,T2/BCD_r0032_c0112.png,0,masks/BCD_r0032_c0112.png,0.00000000
BCD_r0032_c0113,T1/BCD_r0032_c0113.png,T2/BCD_r0032_c0113.png,0,masks/BCD_r0032_c0113.png,0.00000000
BCD_r0032_c0114,T1/BCD_r0032_c0114.png,T2/BCD_r0032_c0114.png,1,masks/BCD_r0032_c0114.png,0.13566247
BCD_r0032_c0115,T1/BCD_r0032_c0115.png,T2/BCD_r0032_c0115.png,1,masks/BCD_r0032_c0115.png,0.05454799
BCD_r0032_c0116,T1/BCD_r0032_c0116.png,T2/BCD_r0032_c0116.png,0,masks/BCD_r0032_c0116.png,0.00000000
BCD_r0032_c0117,T1/BCD_r0032_c0117.png,T2/BCD_r0032_c0117.png,1,masks/BCD_r0032_c0117.png,0.18367347
BCD_r0032_c0118,T1/BCD_r0032_c0118.png,T2/BCD_r0032_c0118.png,0,masks/BCD_r0032_c0118.png,0.00000000
BCD_r0032_c0119,T1/BCD_r0032_c0119.png,T2/BCD_r0032_c0119.png,0,masks/BCD_r0032_c0119.png,0.00000000
BCD_r0032_c0120,T1/BCD_r0032_c0120.png,T2/BCD_r0032_c0120.png,0,masks/BCD_r0032_c0120.png,0.00000000
BCD_r0032_c0121,T1/BCD_r0032_c0121.png,T2/BCD_r0032_c0121.png,0,masks/BCD_r0032_c0121.png,0.00000000
BCD_r0032_c0122,T1/BCD_r0032_c0122.png,T2/BCD_r0032_c0122.png,0,masks/BCD_r0032_c0122.png,0.00000000
BCD_r0032_c0123,T1/BCD_r0032_c0123.png,T2/BCD_r0032_c0123.png,0,masks/BCD_r0032_c0123.png,0.00000000
BCD_r0032_c0124,T1/BCD_r0032_c0124.png,T2/BCD_r0032_c0124.png,0,masks/BCD_r0032_c0124.png,0.00000000
BCD_r0032_c0125,T1/BCD_r0032_c0125.png,T2/BCD_r0032_c0125.png,0,masks/BCD_r0032_c0125.png,0.00000000
BCD_r0032_c0126,T1/BCD_r0032_c0126.png,T2/BCD_r0032_c0126.png,0,masks/BCD_r0032_c0126.png,0.00000000
BCD_r0032_c0127,T1/BCD_r0032_c0127.png,T2/BCD_r0032_c0127.png,0,masks/BCD_r0032_c0127.png,0.00000000
BCD_r0032_c0128,T1/BCD_r0032_c0128.png,T2/BCD_r0032_c0128.png,0,masks/BCD_r0032_c0128.png,0.00000000
BCD_r0032_c0129,T1/BCD_r0032_c0129.png,T2/BCD_r0032_c0129.png,0,masks/BCD_r0032_c0129.png,0.00000000
BCD_r0032_c0130,T1/BCD_r0032_c0130.png,T2/BCD_r0032_c0130.png,0,masks/BCD_r0032_c0130.png,0.00000000
BCD_r0032_c0131,T1/BCD_r0032_c0131.png,T2/BCD_r0032_c0131.png,0,masks/BCD_r0032_c0131.png,0.00000000
BCD_r0032_c0132,T1/BCD_r0032_c0132.png,T2/BCD_r0032_c0132.png,0,masks/BCD_r0032_c0132.png,0.00000000
BCD_r0032_c0133,T1/BCD_r0032_c0133.png,T2/BCD_r0032_c0133.png,0,masks/BCD_r0032_c0133.png,0.00000000
BCD_r0032_c0134,T1/BCD_r0032_c0134.png,T2/BCD_r0032_c0134.png,0,masks/BCD_r0032_c0134.png,0.00000000
BCD_r0032_c0135,T1/BCD_r0032_c0135.png,T2/BCD_r0032_c0135.png,0,masks/BCD_r0032_c0135.png,0.00000000
BCD_r0032_c0136,T1/BCD_r0032_c0136.png,T2/BCD_r0032_c0136.png,0,masks/BCD_r0032_c0136.png,0.00000000
BCD_r0032_c0137,T1/BCD_r0032_c0137.png,T2/BCD_r0032_c0137.png,0,masks/BCD_r0032_c0137.png,0.00000000
BCD_r0032_c0138,T1/BCD_r0032_c0138.png,T2/BCD_r0032_c0138.png,0,masks/BCD_r0032_c0138.png,0.00000000
BCD_r0032_c0139,T1/BCD_r0032_c0139.png,T2/BCD_r0032_c0139.png,0,masks/BCD_r0032_c0139.png,0.00000000
BCD_r0032_c0140,T1/BCD_r0032_c0140.png,T2/BCD_r0032_c0140.png,0,masks/BCD_r0032_c0140.png,0.00000000
BCD_r0032_c0141,T1/BCD_r0032_c0141.png,T2/BCD_r0032_c0141.png,0,masks/BCD_r0032_c0141.png,0.00000000
BCD_r0032_c0142,T1/BCD_r0032_c0142.png,T2/BCD_r0032_c0142.png,0,masks/BCD_r0032_c0142.png,0.00000000
BCD_r0032_c0143,T1/BCD_r0032_c0143.png,T2/BCD_r0032_c0143.png,0,masks/BCD_r0032_c0143.png,0.00000000
BCD_r0032_c0144,T1/BCD_r0032_c0144.png,T2/BCD_r0032_c0144.png,0,masks/BCD_r0032_c0144.png,0.00000000
BCD_r0033_c0000,T1/BCD_r0033_c0000.png,T2/BCD_r0033_c0000.png,1,masks/BCD_r0033_c0000.png,1.00000000
BCD_r0033_c0001,T1/BCD_r0033_c0001.png,T2/BCD_r0033_c0001.png,1,masks/BCD_r0033_c0001.png,0.57633131
BCD_r0033_c0002,T1/BCD_r0033_c0002.png,T2/BCD_r0033_c0002.png,1,masks/BCD_r0033_c0002.png,0.08021763
BCD_r0033_c0003,T1/BCD_r0033_c0003.png,T2/BCD_r0033_c0003.png,1,masks/BCD_r0033_c0003.png,0.88129783
BCD_r0033_c0004,T1/BCD_r0033_c0004.png,T2/BCD_r0033_c0004.png,1,masks/BCD_r0033_c0004.png,0.25251116
BCD_r0033_c0005,T1/BCD_r0033_c0005.png,T2/BCD_r0033_c0005.png,1,masks/BCD_r0033_c0005.png,0.36439732
BCD_r0033_c0006,T1/BCD_r0033_c0006.png,T2/BCD_r0033_c0006.png,1,masks/BCD_r0033_c0006.png,0.10369499
BCD_r0033_c0007,T1/BCD_r0033_c0007.png,T2/BCD_r0033_c0007.png,0,masks/BCD_r0033_c0007.png,0.00000000
BCD_r0033_c0008,T1/BCD_r0033_c0008.png,T2/BCD_r0033_c0008.png,0,masks/BCD_r0033_c0008.png,0.00000000
BCD_r0033_c0009,T1/BCD_r0033_c0009.png,T2/BCD_r0033_c0009.png,1,masks/BCD_r0033_c0009.png,0.41631457
BCD_r0033_c0010,T1/BCD_r0033_c0010.png,T2/BCD_r0033_c0010.png,1,masks/BCD_r0033_c0010.png,0.95701132
BCD_r0033_c0011,T1/BCD_r0033_c0011.png,T2/BCD_r0033_c0011.png,1,masks/BCD_r0033_c0011.png,0.40206473
BCD_r0033_c0012,T1/BCD_r0033_c0012.png,T2/BCD_r0033_c0012.png,1,masks/BCD_r0033_c0012.png,0.02533084
BCD_r0033_c0013,T1/BCD_r0033_c0013.png,T2/BCD_r0033_c0013.png,0,masks/BCD_r0033_c0013.png,0.00000000
BCD_r0033_c0014,T1/BCD_r0033_c0014.png,T2/BCD_r0033_c0014.png,0,masks/BCD_r0033_c0014.png,0.00000000
BCD_r0033_c0015,T1/BCD_r0033_c0015.png,T2/BCD_r0033_c0015.png,0,masks/BCD_r0033_c0015.png,0.00000000
BCD_r0033_c0016,T1/BCD_r0033_c0016.png,T2/BCD_r0033_c0016.png,0,masks/BCD_r0033_c0016.png,0.00000000
BCD_r0033_c0017,T1/BCD_r0033_c0017.png,T2/BCD_r0033_c0017.png,0,masks/BCD_r0033_c0017.png,0.00000000
BCD_r0033_c0018,T1/BCD_r0033_c0018.png,T2/BCD_r0033_c0018.png,0,masks/BCD_r0033_c0018.png,0.00000000
BCD_r0033_c0019,T1/BCD_r0033_c0019.png,T2/BCD_r0033_c0019.png,0,masks/BCD_r0033_c0019.png,0.00000000
BCD_r0033_c0020,T1/BCD_r0033_c0020.png,T2/BCD_r0033_c0020.png,0,masks/BCD_r0033_c0020.png,0.00000000
BCD_r0033_c0021,T1/BCD_r0033_c0021.png,T2/BCD_r0033_c0021.png,1,masks/BCD_r0033_c0021.png,0.36774554
BCD_r0033_c0022,T1/BCD_r0033_c0022.png,T2/BCD_r0033_c0022.png,1,masks/BCD_r0033_c0022.png,0.03254544
BCD_r0033_c0023,T1/BCD_r0033_c0023.png,T2/BCD_r0033_c0023.png,0,masks/BCD_r0033_c0023.png,0.00000000
BCD_r0033_c0024,T1/BCD_r0033_c0024.png,T2/BCD_r0033_c0024.png,1,masks/BCD_r0033_c0024.png,0.20145089
BCD_r0033_c0025,T1/BCD_r0033_c0025.png,T2/BCD_r0033_c0025.png,1,masks/BCD_r0033_c0025.png,0.87334582
BCD_r0033_c0026,T1/BCD_r0033_c0026.png,T2/BCD_r0033_c0026.png,1,masks/BCD_r0033_c0026.png,0.73505261
BCD_r0033_c0027,T1/BCD_r0033_c0027.png,T2/BCD_r0033_c0027.png,1,masks/BCD_r0033_c0027.png,0.02905772
BCD_r0033_c0028,T1/BCD_r0033_c0028.png,T2/BCD_r0033_c0028.png,0,masks/BCD_r0033_c0028.png,0.00000000
BCD_r0033_c0029,T1/BCD_r0033_c0029.png,T2/BCD_r0033_c0029.png,0,masks/BCD_r0033_c0029.png,0.00000000
BCD_r0033_c0030,T1/BCD_r0033_c0030.png,T2/BCD_r0033_c0030.png,0,masks/BCD_r0033_c0030.png,0.00000000
BCD_r0033_c0031,T1/BCD_r0033_c0031.png,T2/BCD_r0033_c0031.png,0,masks/BCD_r0033_c0031.png,0.00000000
BCD_r0033_c0032,T1/BCD_r0033_c0032.png,T2/BCD_r0033_c0032.png,0,masks/BCD_r0033_c0032.png,0.00000000
BCD_r0033_c0033,T1/BCD_r0033_c0033.png,T2/BCD_r0033_c0033.png,0,masks/BCD_r0033_c0033.png,0.00000000
BCD_r0033_c0034,T1/BCD_r0033_c0034.png,T2/BCD_r0033_c0034.png,0,masks/BCD_r0033_c0034.png,0.00000000
BCD_r0033_c0035,T1/BCD_r0033_c0035.png,T2/BCD_r0033_c0035.png,0,masks/BCD_r0033_c0035.png,0.00000000
BCD_r0033_c0036,T1/BCD_r0033_c0036.png,T2/BCD_r0033_c0036.png,0,masks/BCD_r0033_c0036.png,0.00000000
BCD_r0033_c0037,T1/BCD_r0033_c0037.png,T2/BCD_r0033_c0037.png,0,masks/BCD_r0033_c0037.png,0.00000000
BCD_r0033_c0038,T1/BCD_r0033_c0038.png,T2/BCD_r0033_c0038.png,1,masks/BCD_r0033_c0038.png,0.01269531
BCD_r0033_c0039,T1/BCD_r0033_c0039.png,T2/BCD_r0033_c0039.png,0,masks/BCD_r0033_c0039.png,0.00000000
BCD_r0033_c0040,T1/BCD_r0033_c0040.png,T2/BCD_r0033_c0040.png,0,masks/BCD_r0033_c0040.png,0.00000000
BCD_r0033_c0041,T1/BCD_r0033_c0041.png,T2/BCD_r0033_c0041.png,0,masks/BCD_r0033_c0041.png,0.00000000
BCD_r0033_c0042,T1/BCD_r0033_c0042.png,T2/BCD_r0033_c0042.png,0,masks/BCD_r0033_c0042.png,0.00000000
BCD_r0033_c0043,T1/BCD_r0033_c0043.png,T2/BCD_r0033_c0043.png,0,masks/BCD_r0033_c0043.png,0.00000000
BCD_r0033_c0044,T1/BCD_r0033_c0044.png,T2/BCD_r0033_c0044.png,0,masks/BCD_r0033_c0044.png,0.00000000
BCD_r0033_c0045,T1/BCD_r0033_c0045.png,T2/BCD_r0033_c0045.png,0,masks/BCD_r0033_c0045.png,0.00000000
BCD_r0033_c0046,T1/BCD_r0033_c0046.png,T2/BCD_r0033_c0046.png,0,masks/BCD_r0033_c0046.png,0.00000000
BCD_r0033_c0047,T1/BCD_r0033_c0047.png,T2/BCD_r0033_c0047.png,0,masks/BCD_r0033_c0047.png,0.00000000
BCD_r0033_c0048,T1/BCD_r0033_c0048.png,T2/BCD_r0033_c0048.png,0,masks/BCD_r0033_c0048.png,0.00000000
BCD_r0033_c0049,T1/BCD_r0033_c0049.png,T2/BCD_r0033_c0049.png,0,masks/BCD_r0033_c0049.png,0.00000000
BCD_r0033_c0050,T1/BCD_r0033_c0050.png,T2/BCD_r0033_c0050.png,0,masks/BCD_r0033_c0050.png,0.00000000
BCD_r0033_c0051,T1/BCD_r0033_c0051.png,T2/BCD_r0033_c0051.png,0,masks/BCD_r0033_c0051.png,0.00000000
BCD_r0033_c0052,T1/BCD_r0033_c0052.png,T2/BCD_r0033_c0052.png,0,masks/BCD_r0033_c0052.png,0.00000000
BCD_r0033_c0053,T1/BCD_r0033_c0053.png,T2/BCD_r0033_c0053.png,0,masks/BCD_r0033_c0053.png,0.00000000
BCD_r0033_c0054,T1/BCD_r0033_c0054.png,T2/BCD_r0033_c0054.png,0,masks/BCD_r0033_c0054.png,0.00000000
BCD_r0033_c0055,T1/BCD_r0033_c0055.png,T2/BCD_r0033_c0055.png,0,masks/BCD_r0033_c0055.png,0.00000000
BCD_r0033_c0056,T1/BCD_r0033_c0056.png,T2/BCD_r0033_c0056.png,0,masks/BCD_r0033_c0056.png,0.00000000
BCD_r0033_c0057,T1/BCD_r0033_c0057.png,T2/BCD_r0033_c0057.png,0,masks/BCD_r0033_c0057.png,0.00000000
BCD_r0033_c0058,T1/BCD_r0033_c0058.png,T2/BCD_r0033_c0058.png,1,masks/BCD_r0033_c0058.png,0.03938138
BCD_r0033_c0059,T1/BCD_r0033_c0059.png,T2/BCD_r0033_c0059.png,0,masks/BCD_r0033_c0059.png,0.00000000
BCD_r0033_c0060,T1/BCD_r0033_c0060.png,T2/BCD_r0033_c0060.png,0,masks/BCD_r0033_c0060.png,0.00000000
BCD_r0033_c0061,T1/BCD_r0033_c0061.png,T2/BCD_r0033_c0061.png,0,masks/BCD_r0033_c0061.png,0.00000000
BCD_r0033_c0062,T1/BCD_r0033_c0062.png,T2/BCD_r0033_c0062.png,1,masks/BCD_r0033_c0062.png,0.08466199
BCD_r0033_c0063,T1/BCD_r0033_c0063.png,T2/BCD_r0033_c0063.png,1,masks/BCD_r0033_c0063.png,0.31142379
BCD_r0033_c0064,T1/BCD_r0033_c0064.png,T2/BCD_r0033_c0064.png,1,masks/BCD_r0033_c0064.png,0.20677216
BCD_r0033_c0065,T1/BCD_r0033_c0065.png,T2/BCD_r0033_c0065.png,1,masks/BCD_r0033_c0065.png,0.27818080
BCD_r0033_c0066,T1/BCD_r0033_c0066.png,T2/BCD_r0033_c0066.png,1,masks/BCD_r0033_c0066.png,0.25835061
BCD_r0033_c0067,T1/BCD_r0033_c0067.png,T2/BCD_r0033_c0067.png,1,masks/BCD_r0033_c0067.png,0.32435826
BCD_r0033_c0068,T1/BCD_r0033_c0068.png,T2/BCD_r0033_c0068.png,1,masks/BCD_r0033_c0068.png,0.42940848
BCD_r0033_c0069,T1/BCD_r0033_c0069.png,T2/BCD_r0033_c0069.png,1,masks/BCD_r0033_c0069.png,0.29803093
BCD_r0033_c0070,T1/BCD_r0033_c0070.png,T2/BCD_r0033_c0070.png,0,masks/BCD_r0033_c0070.png,0.00000000
BCD_r0033_c0071,T1/BCD_r0033_c0071.png,T2/BCD_r0033_c0071.png,0,masks/BCD_r0033_c0071.png,0.00000000
BCD_r0033_c0072,T1/BCD_r0033_c0072.png,T2/BCD_r0033_c0072.png,0,masks/BCD_r0033_c0072.png,0.00000000
BCD_r0033_c0073,T1/BCD_r0033_c0073.png,T2/BCD_r0033_c0073.png,1,masks/BCD_r0033_c0073.png,0.26299426
BCD_r0033_c0074,T1/BCD_r0033_c0074.png,T2/BCD_r0033_c0074.png,1,masks/BCD_r0033_c0074.png,0.51411033
BCD_r0033_c0075,T1/BCD_r0033_c0075.png,T2/BCD_r0033_c0075.png,1,masks/BCD_r0033_c0075.png,0.30297353
BCD_r0033_c0076,T1/BCD_r0033_c0076.png,T2/BCD_r0033_c0076.png,1,masks/BCD_r0033_c0076.png,0.34127870
BCD_r0033_c0077,T1/BCD_r0033_c0077.png,T2/BCD_r0033_c0077.png,1,masks/BCD_r0033_c0077.png,0.09719786
BCD_r0033_c0078,T1/BCD_r0033_c0078.png,T2/BCD_r0033_c0078.png,1,masks/BCD_r0033_c0078.png,0.13028141
BCD_r0033_c0079,T1/BCD_r0033_c0079.png,T2/BCD_r0033_c0079.png,1,masks/BCD_r0033_c0079.png,0.26207749
BCD_r0033_c0080,T1/BCD_r0033_c0080.png,T2/BCD_r0033_c0080.png,1,masks/BCD_r0033_c0080.png,0.21514270
BCD_r0033_c0081,T1/BCD_r0033_c0081.png,T2/BCD_r0033_c0081.png,1,masks/BCD_r0033_c0081.png,0.48423549
BCD_r0033_c0082,T1/BCD_r0033_c0082.png,T2/BCD_r0033_c0082.png,1,masks/BCD_r0033_c0082.png,0.40591119
BCD_r0033_c0083,T1/BCD_r0033_c0083.png,T2/BCD_r0033_c0083.png,1,masks/BCD_r0033_c0083.png,0.29091598
BCD_r0033_c0084,T1/BCD_r0033_c0084.png,T2/BCD_r0033_c0084.png,0,masks/BCD_r0033_c0084.png,0.00000000
BCD_r0033_c0085,T1/BCD_r0033_c0085.png,T2/BCD_r0033_c0085.png,0,masks/BCD_r0033_c0085.png,0.00000000
BCD_r0033_c0086,T1/BCD_r0033_c0086.png,T2/BCD_r0033_c0086.png,0,masks/BCD_r0033_c0086.png,0.00000000
BCD_r0033_c0087,T1/BCD_r0033_c0087.png,T2/BCD_r0033_c0087.png,0,masks/BCD_r0033_c0087.png,0.00000000
BCD_r0033_c0088,T1/BCD_r0033_c0088.png,T2/BCD_r0033_c0088.png,0,masks/BCD_r0033_c0088.png,0.00000000
BCD_r0033_c0089,T1/BCD_r0033_c0089.png,T2/BCD_r0033_c0089.png,0,masks/BCD_r0033_c0089.png,0.00000000
BCD_r0033_c0090,T1/BCD_r0033_c0090.png,T2/BCD_r0033_c0090.png,0,masks/BCD_r0033_c0090.png,0.00000000
BCD_r0033_c0091,T1/BCD_r0033_c0091.png,T2/BCD_r0033_c0091.png,0,masks/BCD_r0033_c0091.png,0.00000000
BCD_r0033_c0092,T1/BCD_r0033_c0092.png,T2/BCD_r0033_c0092.png,0,masks/BCD_r0033_c0092.png,0.00000000
BCD_r0033_c0093,T1/BCD_r0033_c0093.png,T2/BCD_r0033_c0093.png,0,masks/BCD_r0033_c0093.png,0.00000000
BCD_r0033_c0094,T1/BCD_r0033_c0094.png,T2/BCD_r0033_c0094.png,0,masks/BCD_r0033_c0094.png,0.00000000
BCD_r0033_c0095,T1/BCD_r0033_c0095.png,T2/BCD_r0033_c0095.png,0,masks/BCD_r0033_c0095.png,0.00000000
BCD_r0033_c0096,T1/BCD_r0033_c0096.png,T2/BCD_r0033_c0096.png,0,masks/BCD_r0033_c0096.png,0.00000000
BCD_r0033_c0097,T1/BCD_r0033_c0097.png,T2/BCD_r0033_c0097.png,0,masks/BCD_r0033_c0097.png,0.00000000
BCD_r0033_c0098,T1/BCD_r0033_c0098.png,T2/BCD_r0033_c0098.png,1,masks/BCD_r0033_c0098.png,0.15268256
BCD_r0033_c0099,T1/BCD_r0033_c0099.png,T2/BCD_r0033_c0099.png,0,masks/BCD_r0033_c0099.png,0.00000000
BCD_r0033_c0100,T1/BCD_r0033_c0100.png,T2/BCD_r0033_c0100.png,0,masks/BCD_r0033_c0100.png,0.00000000
BCD_r0033_c0101,T1/BCD_r0033_c0101.png,T2/BCD_r0033_c0101.png,1,masks/BCD_r0033_c0101.png,0.08998326
BCD_r0033_c0102,T1/BCD_r0033_c0102.png,T2/BCD_r0033_c0102.png,1,masks/BCD_r0033_c0102.png,0.66635443
BCD_r0033_c0103,T1/BCD_r0033_c0103.png,T2/BCD_r0033_c0103.png,1,masks/BCD_r0033_c0103.png,0.09462691
BCD_r0033_c0104,T1/BCD_r0033_c0104.png,T2/BCD_r0033_c0104.png,1,masks/BCD_r0033_c0104.png,0.00009965
BCD_r0033_c0105,T1/BCD_r0033_c0105.png,T2/BCD_r0033_c0105.png,1,masks/BCD_r0033_c0105.png,0.12904576
BCD_r0033_c0106,T1/BCD_r0033_c0106.png,T2/BCD_r0033_c0106.png,1,masks/BCD_r0033_c0106.png,0.32461735
BCD_r0033_c0107,T1/BCD_r0033_c0107.png,T2/BCD_r0033_c0107.png,1,masks/BCD_r0033_c0107.png,0.19038983
BCD_r0033_c0108,T1/BCD_r0033_c0108.png,T2/BCD_r0033_c0108.png,0,masks/BCD_r0033_c0108.png,0.00000000
BCD_r0033_c0109,T1/BCD_r0033_c0109.png,T2/BCD_r0033_c0109.png,0,masks/BCD_r0033_c0109.png,0.00000000
BCD_r0033_c0110,T1/BCD_r0033_c0110.png,T2/BCD_r0033_c0110.png,0,masks/BCD_r0033_c0110.png,0.00000000
BCD_r0033_c0111,T1/BCD_r0033_c0111.png,T2/BCD_r0033_c0111.png,0,masks/BCD_r0033_c0111.png,0.00000000
BCD_r0033_c0112,T1/BCD_r0033_c0112.png,T2/BCD_r0033_c0112.png,0,masks/BCD_r0033_c0112.png,0.00000000
BCD_r0033_c0113,T1/BCD_r0033_c0113.png,T2/BCD_r0033_c0113.png,0,masks/BCD_r0033_c0113.png,0.00000000
BCD_r0033_c0114,T1/BCD_r0033_c0114.png,T2/BCD_r0033_c0114.png,0,masks/BCD_r0033_c0114.png,0.00000000
BCD_r0033_c0115,T1/BCD_r0033_c0115.png,T2/BCD_r0033_c0115.png,0,masks/BCD_r0033_c0115.png,0.00000000
BCD_r0033_c0116,T1/BCD_r0033_c0116.png,T2/BCD_r0033_c0116.png,0,masks/BCD_r0033_c0116.png,0.00000000
BCD_r0033_c0117,T1/BCD_r0033_c0117.png,T2/BCD_r0033_c0117.png,0,masks/BCD_r0033_c0117.png,0.00000000
BCD_r0033_c0118,T1/BCD_r0033_c0118.png,T2/BCD_r0033_c0118.png,0,masks/BCD_r0033_c0118.png,0.00000000
BCD_r0033_c0119,T1/BCD_r0033_c0119.png,T2/BCD_r0033_c0119.png,0,masks/BCD_r0033_c0119.png,0.00000000
BCD_r0033_c0120,T1/BCD_r0033_c0120.png,T2/BCD_r0033_c0120.png,0,masks/BCD_r0033_c0120.png,0.00000000
BCD_r0033_c0121,T1/BCD_r0033_c0121.png,T2/BCD_r0033_c0121.png,0,masks/BCD_r0033_c0121.png,0.00000000
BCD_r0033_c0122,T1/BCD_r0033_c0122.png,T2/BCD_r0033_c0122.png,0,masks/BCD_r0033_c0122.png,0.00000000
BCD_r0033_c0123,T1/BCD_r0033_c0123.png,T2/BCD_r0033_c0123.png,0,masks/BCD_r0033_c0123.png,0.00000000
BCD_r0033_c0124,T1/BCD_r0033_c0124.png,T2/BCD_r0033_c0124.png,0,masks/BCD_r0033_c0124.png,0.00000000
BCD_r0033_c0125,T1/BCD_r0033_c0125.png,T2/BCD_r0033_c0125.png,0,masks/BCD_r0033_c0125.png,0.00000000
BCD_r0033_c0126,T1/BCD_r0033_c0126.png,T2/BCD_r0033_c0126.png,0,masks/BCD_r0033_c0126.png,0.00000000
BCD_r0033_c0127,T1/BCD_r0033_c0127.png,T2/BCD_r0033_c0127.png,0,masks/BCD_r0033_c0127.png,0.00000000
BCD_r0033_c0128,T1/BCD_r0033_c0128.png,T2/BCD_r0033_c0128.png,0,masks/BCD_r0033_c0128.png,0.00000000
BCD_r0033_c0129,T1/BCD_r0033_c0129.png,T2/BCD_r0033_c0129.png,0,masks/BCD_r0033_c0129.png,0.00000000
BCD_r0033_c0130,T1/BCD_r0033_c0130.png,T2/BCD_r0033_c0130.png,0,masks/BCD_r0033_c0130.png,0.00000000
BCD_r0033_c0131,T1/BCD_r0033_c0131.png,T2/BCD_r0033_c0131.png,0,masks/BCD_r0033_c0131.png,0.00000000
BCD_r0033_c0132,T1/BCD_r0033_c0132.png,T2/BCD_r0033_c0132.png,0,masks/BCD_r0033_c0132.png,0.00000000
BCD_r0033_c0133,T1/BCD_r0033_c0133.png,T2/BCD_r0033_c0133.png,0,masks/BCD_r0033_c0133.png,0.00000000
BCD_r0033_c0134,T1/BCD_r0033_c0134.png,T2/BCD_r0033_c0134.png,0,masks/BCD_r0033_c0134.png,0.00000000
BCD_r0033_c0135,T1/BCD_r0033_c0135.png,T2/BCD_r0033_c0135.png,0,masks/BCD_r0033_c0135.png,0.00000000
BCD_r0033_c0136,T1/BCD_r0033_c0136.png,T2/BCD_r0033_c0136.png,0,masks/BCD_r0033_c0136.png,0.00000000
BCD_r0033_c0137,T1/BCD_r0033_c0137.png,T2/BCD_r0033_c0137.png,0,masks/BCD_r0033_c0137.png,0.00000000
BCD_r0033_c0138,T1/BCD_r0033_c0138.png,T2/BCD_r0033_c0138.png,0,masks/BCD_r0033_c0138.png,0.00000000
BCD_r0033_c0139,T1/BCD_r0033_c0139.png,T2/BCD_r0033_c0139.png,0,masks/BCD_r0033_c0139.png,0.00000000
BCD_r0033_c0140,T1/BCD_r0033_c0140.png,T2/BCD_r0033_c0140.png,0,masks/BCD_r0033_c0140.png,0.00000000
BCD_r0033_c0141,T1/BCD_r0033_c0141.png,T2/BCD_r0033_c0141.png,0,masks/BCD_r0033_c0141.png,0.00000000
BCD_r0033_c0142,T1/BCD_r0033_c0142.png,T2/BCD_r0033_c0142.png,0,masks/BCD_r0033_c0142.png,0.00000000
BCD_r0033_c0143,T1/BCD_r0033_c0143.png,T2/BCD_r0033_c0143.png,1,masks/BCD_r0033_c0143.png,0.01588409
BCD_r0033_c0144,T1/BCD_r0033_c0144.png,T2/BCD_r0033_c0144.png,1,masks/BCD_r0033_c0144.png,0.07274394
BCD_r0034_c0000,T1/BCD_r0034_c0000.png,T2/BCD_r0034_c0000.png,1,masks/BCD_r0034_c0000.png,0.78252551
BCD_r0034_c0001,T1/BCD_r0034_c0001.png,T2/BCD_r0034_c0001.png,1,masks/BCD_r0034_c0001.png,0.03832510
BCD_r0034_c0002,T1/BCD_r0034_c0002.png,T2/BCD_r0034_c0002.png,0,masks/BCD_r0034_c0002.png,0.00000000
BCD_r0034_c0003,T1/BCD_r0034_c0003.png,T2/BCD_r0034_c0003.png,1,masks/BCD_r0034_c0003.png,0.15318080
BCD_r0034_c0004,T1/BCD_r0034_c0004.png,T2/BCD_r0034_c0004.png,1,masks/BCD_r0034_c0004.png,0.61868224
BCD_r0034_c0005,T1/BCD_r0034_c0005.png,T2/BCD_r0034_c0005.png,1,masks/BCD_r0034_c0005.png,0.84689892
BCD_r0034_c0006,T1/BCD_r0034_c0006.png,T2/BCD_r0034_c0006.png,1,masks/BCD_r0034_c0006.png,0.03862404
BCD_r0034_c0007,T1/BCD_r0034_c0007.png,T2/BCD_r0034_c0007.png,0,masks/BCD_r0034_c0007.png,0.00000000
BCD_r0034_c0008,T1/BCD_r0034_c0008.png,T2/BCD_r0034_c0008.png,1,masks/BCD_r0034_c0008.png,0.16396285
BCD_r0034_c0009,T1/BCD_r0034_c0009.png,T2/BCD_r0034_c0009.png,1,masks/BCD_r0034_c0009.png,0.98094707
BCD_r0034_c0010,T1/BCD_r0034_c0010.png,T2/BCD_r0034_c0010.png,1,masks/BCD_r0034_c0010.png,0.88321110
BCD_r0034_c0011,T1/BCD_r0034_c0011.png,T2/BCD_r0034_c0011.png,1,masks/BCD_r0034_c0011.png,0.20438058
BCD_r0034_c0012,T1/BCD_r0034_c0012.png,T2/BCD_r0034_c0012.png,1,masks/BCD_r0034_c0012.png,0.53445871
BCD_r0034_c0013,T1/BCD_r0034_c0013.png,T2/BCD_r0034_c0013.png,1,masks/BCD_r0034_c0013.png,0.11798469
BCD_r0034_c0014,T1/BCD_r0034_c0014.png,T2/BCD_r0034_c0014.png,0,masks/BCD_r0034_c0014.png,0.00000000
BCD_r0034_c0015,T1/BCD_r0034_c0015.png,T2/BCD_r0034_c0015.png,0,masks/BCD_r0034_c0015.png,0.00000000
BCD_r0034_c0016,T1/BCD_r0034_c0016.png,T2/BCD_r0034_c0016.png,0,masks/BCD_r0034_c0016.png,0.00000000
BCD_r0034_c0017,T1/BCD_r0034_c0017.png,T2/BCD_r0034_c0017.png,0,masks/BCD_r0034_c0017.png,0.00000000
BCD_r0034_c0018,T1/BCD_r0034_c0018.png,T2/BCD_r0034_c0018.png,0,masks/BCD_r0034_c0018.png,0.00000000
BCD_r0034_c0019,T1/BCD_r0034_c0019.png,T2/BCD_r0034_c0019.png,0,masks/BCD_r0034_c0019.png,0.00000000
BCD_r0034_c0020,T1/BCD_r0034_c0020.png,T2/BCD_r0034_c0020.png,0,masks/BCD_r0034_c0020.png,0.00000000
BCD_r0034_c0021,T1/BCD_r0034_c0021.png,T2/BCD_r0034_c0021.png,1,masks/BCD_r0034_c0021.png,0.16194994
BCD_r0034_c0022,T1/BCD_r0034_c0022.png,T2/BCD_r0034_c0022.png,1,masks/BCD_r0034_c0022.png,0.36840322
BCD_r0034_c0023,T1/BCD_r0034_c0023.png,T2/BCD_r0034_c0023.png,1,masks/BCD_r0034_c0023.png,0.05514589
BCD_r0034_c0024,T1/BCD_r0034_c0024.png,T2/BCD_r0034_c0024.png,1,masks/BCD_r0034_c0024.png,0.42129703
BCD_r0034_c0025,T1/BCD_r0034_c0025.png,T2/BCD_r0034_c0025.png,1,masks/BCD_r0034_c0025.png,0.92446588
BCD_r0034_c0026,T1/BCD_r0034_c0026.png,T2/BCD_r0034_c0026.png,1,masks/BCD_r0034_c0026.png,0.84183673
BCD_r0034_c0027,T1/BCD_r0034_c0027.png,T2/BCD_r0034_c0027.png,1,masks/BCD_r0034_c0027.png,0.11051100
BCD_r0034_c0028,T1/BCD_r0034_c0028.png,T2/BCD_r0034_c0028.png,0,masks/BCD_r0034_c0028.png,0.00000000
BCD_r0034_c0029,T1/BCD_r0034_c0029.png,T2/BCD_r0034_c0029.png,0,masks/BCD_r0034_c0029.png,0.00000000
BCD_r0034_c0030,T1/BCD_r0034_c0030.png,T2/BCD_r0034_c0030.png,0,masks/BCD_r0034_c0030.png,0.00000000
BCD_r0034_c0031,T1/BCD_r0034_c0031.png,T2/BCD_r0034_c0031.png,0,masks/BCD_r0034_c0031.png,0.00000000
BCD_r0034_c0032,T1/BCD_r0034_c0032.png,T2/BCD_r0034_c0032.png,0,masks/BCD_r0034_c0032.png,0.00000000
BCD_r0034_c0033,T1/BCD_r0034_c0033.png,T2/BCD_r0034_c0033.png,0,masks/BCD_r0034_c0033.png,0.00000000
BCD_r0034_c0034,T1/BCD_r0034_c0034.png,T2/BCD_r0034_c0034.png,0,masks/BCD_r0034_c0034.png,0.00000000
BCD_r0034_c0035,T1/BCD_r0034_c0035.png,T2/BCD_r0034_c0035.png,0,masks/BCD_r0034_c0035.png,0.00000000
BCD_r0034_c0036,T1/BCD_r0034_c0036.png,T2/BCD_r0034_c0036.png,0,masks/BCD_r0034_c0036.png,0.00000000
BCD_r0034_c0037,T1/BCD_r0034_c0037.png,T2/BCD_r0034_c0037.png,0,masks/BCD_r0034_c0037.png,0.00000000
BCD_r0034_c0038,T1/BCD_r0034_c0038.png,T2/BCD_r0034_c0038.png,0,masks/BCD_r0034_c0038.png,0.00000000
BCD_r0034_c0039,T1/BCD_r0034_c0039.png,T2/BCD_r0034_c0039.png,0,masks/BCD_r0034_c0039.png,0.00000000
BCD_r0034_c0040,T1/BCD_r0034_c0040.png,T2/BCD_r0034_c0040.png,0,masks/BCD_r0034_c0040.png,0.00000000
BCD_r0034_c0041,T1/BCD_r0034_c0041.png,T2/BCD_r0034_c0041.png,0,masks/BCD_r0034_c0041.png,0.00000000
BCD_r0034_c0042,T1/BCD_r0034_c0042.png,T2/BCD_r0034_c0042.png,0,masks/BCD_r0034_c0042.png,0.00000000
BCD_r0034_c0043,T1/BCD_r0034_c0043.png,T2/BCD_r0034_c0043.png,0,masks/BCD_r0034_c0043.png,0.00000000
BCD_r0034_c0044,T1/BCD_r0034_c0044.png,T2/BCD_r0034_c0044.png,0,masks/BCD_r0034_c0044.png,0.00000000
BCD_r0034_c0045,T1/BCD_r0034_c0045.png,T2/BCD_r0034_c0045.png,1,masks/BCD_r0034_c0045.png,0.02347736
BCD_r0034_c0046,T1/BCD_r0034_c0046.png,T2/BCD_r0034_c0046.png,0,masks/BCD_r0034_c0046.png,0.00000000
BCD_r0034_c0047,T1/BCD_r0034_c0047.png,T2/BCD_r0034_c0047.png,0,masks/BCD_r0034_c0047.png,0.00000000
BCD_r0034_c0048,T1/BCD_r0034_c0048.png,T2/BCD_r0034_c0048.png,0,masks/BCD_r0034_c0048.png,0.00000000
BCD_r0034_c0049,T1/BCD_r0034_c0049.png,T2/BCD_r0034_c0049.png,0,masks/BCD_r0034_c0049.png,0.00000000
BCD_r0034_c0050,T1/BCD_r0034_c0050.png,T2/BCD_r0034_c0050.png,0,masks/BCD_r0034_c0050.png,0.00000000
BCD_r0034_c0051,T1/BCD_r0034_c0051.png,T2/BCD_r0034_c0051.png,0,masks/BCD_r0034_c0051.png,0.00000000
BCD_r0034_c0052,T1/BCD_r0034_c0052.png,T2/BCD_r0034_c0052.png,0,masks/BCD_r0034_c0052.png,0.00000000
BCD_r0034_c0053,T1/BCD_r0034_c0053.png,T2/BCD_r0034_c0053.png,1,masks/BCD_r0034_c0053.png,0.02927695
BCD_r0034_c0054,T1/BCD_r0034_c0054.png,T2/BCD_r0034_c0054.png,0,masks/BCD_r0034_c0054.png,0.00000000
BCD_r0034_c0055,T1/BCD_r0034_c0055.png,T2/BCD_r0034_c0055.png,0,masks/BCD_r0034_c0055.png,0.00000000
BCD_r0034_c0056,T1/BCD_r0034_c0056.png,T2/BCD_r0034_c0056.png,0,masks/BCD_r0034_c0056.png,0.00000000
BCD_r0034_c0057,T1/BCD_r0034_c0057.png,T2/BCD_r0034_c0057.png,0,masks/BCD_r0034_c0057.png,0.00000000
BCD_r0034_c0058,T1/BCD_r0034_c0058.png,T2/BCD_r0034_c0058.png,0,masks/BCD_r0034_c0058.png,0.00000000
BCD_r0034_c0059,T1/BCD_r0034_c0059.png,T2/BCD_r0034_c0059.png,0,masks/BCD_r0034_c0059.png,0.00000000
BCD_r0034_c0060,T1/BCD_r0034_c0060.png,T2/BCD_r0034_c0060.png,0,masks/BCD_r0034_c0060.png,0.00000000
BCD_r0034_c0061,T1/BCD_r0034_c0061.png,T2/BCD_r0034_c0061.png,0,masks/BCD_r0034_c0061.png,0.00000000
BCD_r0034_c0062,T1/BCD_r0034_c0062.png,T2/BCD_r0034_c0062.png,0,masks/BCD_r0034_c0062.png,0.00000000
BCD_r0034_c0063,T1/BCD_r0034_c0063.png,T2/BCD_r0034_c0063.png,1,masks/BCD_r0034_c0063.png,0.00340800
BCD_r0034_c0064,T1/BCD_r0034_c0064.png,T2/BCD_r0034_c0064.png,1,masks/BCD_r0034_c0064.png,0.12984295
BCD_r0034_c0065,T1/BCD_r0034_c0065.png,T2/BCD_r0034_c0065.png,1,masks/BCD_r0034_c0065.png,0.29270966
BCD_r0034_c0066,T1/BCD_r0034_c0066.png,T2/BCD_r0034_c0066.png,1,masks/BCD_r0034_c0066.png,0.36417809
BCD_r0034_c0067,T1/BCD_r0034_c0067.png,T2/BCD_r0034_c0067.png,1,masks/BCD_r0034_c0067.png,0.23335858
BCD_r0034_c0068,T1/BCD_r0034_c0068.png,T2/BCD_r0034_c0068.png,1,masks/BCD_r0034_c0068.png,0.20924346
BCD_r0034_c0069,T1/BCD_r0034_c0069.png,T2/BCD_r0034_c0069.png,1,masks/BCD_r0034_c0069.png,0.40258291
BCD_r0034_c0070,T1/BCD_r0034_c0070.png,T2/BCD_r0034_c0070.png,0,masks/BCD_r0034_c0070.png,0.00000000
BCD_r0034_c0071,T1/BCD_r0034_c0071.png,T2/BCD_r0034_c0071.png,1,masks/BCD_r0034_c0071.png,0.00884885
BCD_r0034_c0072,T1/BCD_r0034_c0072.png,T2/BCD_r0034_c0072.png,1,masks/BCD_r0034_c0072.png,0.27610810
BCD_r0034_c0073,T1/BCD_r0034_c0073.png,T2/BCD_r0034_c0073.png,1,masks/BCD_r0034_c0073.png,0.30472736
BCD_r0034_c0074,T1/BCD_r0034_c0074.png,T2/BCD_r0034_c0074.png,1,masks/BCD_r0034_c0074.png,0.30221620
BCD_r0034_c0075,T1/BCD_r0034_c0075.png,T2/BCD_r0034_c0075.png,1,masks/BCD_r0034_c0075.png,0.52166374
BCD_r0034_c0076,T1/BCD_r0034_c0076.png,T2/BCD_r0034_c0076.png,1,masks/BCD_r0034_c0076.png,0.05528540
BCD_r0034_c0077,T1/BCD_r0034_c0077.png,T2/BCD_r0034_c0077.png,1,masks/BCD_r0034_c0077.png,0.41063457
BCD_r0034_c0078,T1/BCD_r0034_c0078.png,T2/BCD_r0034_c0078.png,1,masks/BCD_r0034_c0078.png,0.26371173
BCD_r0034_c0079,T1/BCD_r0034_c0079.png,T2/BCD_r0034_c0079.png,1,masks/BCD_r0034_c0079.png,0.34759646
BCD_r0034_c0080,T1/BCD_r0034_c0080.png,T2/BCD_r0034_c0080.png,1,masks/BCD_r0034_c0080.png,0.13773517
BCD_r0034_c0081,T1/BCD_r0034_c0081.png,T2/BCD_r0034_c0081.png,1,masks/BCD_r0034_c0081.png,0.09867267
BCD_r0034_c0082,T1/BCD_r0034_c0082.png,T2/BCD_r0034_c0082.png,1,masks/BCD_r0034_c0082.png,0.31513074
BCD_r0034_c0083,T1/BCD_r0034_c0083.png,T2/BCD_r0034_c0083.png,1,masks/BCD_r0034_c0083.png,0.28374123
BCD_r0034_c0084,T1/BCD_r0034_c0084.png,T2/BCD_r0034_c0084.png,0,masks/BCD_r0034_c0084.png,0.00000000
BCD_r0034_c0085,T1/BCD_r0034_c0085.png,T2/BCD_r0034_c0085.png,0,masks/BCD_r0034_c0085.png,0.00000000
BCD_r0034_c0086,T1/BCD_r0034_c0086.png,T2/BCD_r0034_c0086.png,0,masks/BCD_r0034_c0086.png,0.00000000
BCD_r0034_c0087,T1/BCD_r0034_c0087.png,T2/BCD_r0034_c0087.png,0,masks/BCD_r0034_c0087.png,0.00000000
BCD_r0034_c0088,T1/BCD_r0034_c0088.png,T2/BCD_r0034_c0088.png,0,masks/BCD_r0034_c0088.png,0.00000000
BCD_r0034_c0089,T1/BCD_r0034_c0089.png,T2/BCD_r0034_c0089.png,0,masks/BCD_r0034_c0089.png,0.00000000
BCD_r0034_c0090,T1/BCD_r0034_c0090.png,T2/BCD_r0034_c0090.png,0,masks/BCD_r0034_c0090.png,0.00000000
BCD_r0034_c0091,T1/BCD_r0034_c0091.png,T2/BCD_r0034_c0091.png,0,masks/BCD_r0034_c0091.png,0.00000000
BCD_r0034_c0092,T1/BCD_r0034_c0092.png,T2/BCD_r0034_c0092.png,0,masks/BCD_r0034_c0092.png,0.00000000
BCD_r0034_c0093,T1/BCD_r0034_c0093.png,T2/BCD_r0034_c0093.png,0,masks/BCD_r0034_c0093.png,0.00000000
BCD_r0034_c0094,T1/BCD_r0034_c0094.png,T2/BCD_r0034_c0094.png,0,masks/BCD_r0034_c0094.png,0.00000000
BCD_r0034_c0095,T1/BCD_r0034_c0095.png,T2/BCD_r0034_c0095.png,0,masks/BCD_r0034_c0095.png,0.00000000
BCD_r0034_c0096,T1/BCD_r0034_c0096.png,T2/BCD_r0034_c0096.png,0,masks/BCD_r0034_c0096.png,0.00000000
BCD_r0034_c0097,T1/BCD_r0034_c0097.png,T2/BCD_r0034_c0097.png,1,masks/BCD_r0034_c0097.png,0.30799585
BCD_r0034_c0098,T1/BCD_r0034_c0098.png,T2/BCD_r0034_c0098.png,1,masks/BCD_r0034_c0098.png,0.17659837
BCD_r0034_c0099,T1/BCD_r0034_c0099.png,T2/BCD_r0034_c0099.png,1,masks/BCD_r0034_c0099.png,0.09753667
BCD_r0034_c0100,T1/BCD_r0034_c0100.png,T2/BCD_r0034_c0100.png,0,masks/BCD_r0034_c0100.png,0.00000000
BCD_r0034_c0101,T1/BCD_r0034_c0101.png,T2/BCD_r0034_c0101.png,0,masks/BCD_r0034_c0101.png,0.00000000
BCD_r0034_c0102,T1/BCD_r0034_c0102.png,T2/BCD_r0034_c0102.png,0,masks/BCD_r0034_c0102.png,0.00000000
BCD_r0034_c0103,T1/BCD_r0034_c0103.png,T2/BCD_r0034_c0103.png,0,masks/BCD_r0034_c0103.png,0.00000000
BCD_r0034_c0104,T1/BCD_r0034_c0104.png,T2/BCD_r0034_c0104.png,1,masks/BCD_r0034_c0104.png,0.12410316
BCD_r0034_c0105,T1/BCD_r0034_c0105.png,T2/BCD_r0034_c0105.png,1,masks/BCD_r0034_c0105.png,0.51267538
BCD_r0034_c0106,T1/BCD_r0034_c0106.png,T2/BCD_r0034_c0106.png,1,masks/BCD_r0034_c0106.png,0.01203763
BCD_r0034_c0107,T1/BCD_r0034_c0107.png,T2/BCD_r0034_c0107.png,0,masks/BCD_r0034_c0107.png,0.00000000
BCD_r0034_c0108,T1/BCD_r0034_c0108.png,T2/BCD_r0034_c0108.png,0,masks/BCD_r0034_c0108.png,0.00000000
BCD_r0034_c0109,T1/BCD_r0034_c0109.png,T2/BCD_r0034_c0109.png,0,masks/BCD_r0034_c0109.png,0.00000000
BCD_r0034_c0110,T1/BCD_r0034_c0110.png,T2/BCD_r0034_c0110.png,0,masks/BCD_r0034_c0110.png,0.00000000
BCD_r0034_c0111,T1/BCD_r0034_c0111.png,T2/BCD_r0034_c0111.png,1,masks/BCD_r0034_c0111.png,0.01088170
BCD_r0034_c0112,T1/BCD_r0034_c0112.png,T2/BCD_r0034_c0112.png,0,masks/BCD_r0034_c0112.png,0.00000000
BCD_r0034_c0113,T1/BCD_r0034_c0113.png,T2/BCD_r0034_c0113.png,0,masks/BCD_r0034_c0113.png,0.00000000
BCD_r0034_c0114,T1/BCD_r0034_c0114.png,T2/BCD_r0034_c0114.png,0,masks/BCD_r0034_c0114.png,0.00000000
BCD_r0034_c0115,T1/BCD_r0034_c0115.png,T2/BCD_r0034_c0115.png,0,masks/BCD_r0034_c0115.png,0.00000000
BCD_r0034_c0116,T1/BCD_r0034_c0116.png,T2/BCD_r0034_c0116.png,1,masks/BCD_r0034_c0116.png,0.05620217
BCD_r0034_c0117,T1/BCD_r0034_c0117.png,T2/BCD_r0034_c0117.png,0,masks/BCD_r0034_c0117.png,0.00000000
BCD_r0034_c0118,T1/BCD_r0034_c0118.png,T2/BCD_r0034_c0118.png,0,masks/BCD_r0034_c0118.png,0.00000000
BCD_r0034_c0119,T1/BCD_r0034_c0119.png,T2/BCD_r0034_c0119.png,0,masks/BCD_r0034_c0119.png,0.00000000
BCD_r0034_c0120,T1/BCD_r0034_c0120.png,T2/BCD_r0034_c0120.png,0,masks/BCD_r0034_c0120.png,0.00000000
BCD_r0034_c0121,T1/BCD_r0034_c0121.png,T2/BCD_r0034_c0121.png,0,masks/BCD_r0034_c0121.png,0.00000000
BCD_r0034_c0122,T1/BCD_r0034_c0122.png,T2/BCD_r0034_c0122.png,0,masks/BCD_r0034_c0122.png,0.00000000
BCD_r0034_c0123,T1/BCD_r0034_c0123.png,T2/BCD_r0034_c0123.png,0,masks/BCD_r0034_c0123.png,0.00000000
BCD_r0034_c0124,T1/BCD_r0034_c0124.png,T2/BCD_r0034_c0124.png,0,masks/BCD_r0034_c0124.png,0.00000000
BCD_r0034_c0125,T1/BCD_r0034_c0125.png,T2/BCD_r0034_c0125.png,0,masks/BCD_r0034_c0125.png,0.00000000
BCD_r0034_c0126,T1/BCD_r0034_c0126.png,T2/BCD_r0034_c0126.png,0,masks/BCD_r0034_c0126.png,0.00000000
BCD_r0034_c0127,T1/BCD_r0034_c0127.png,T2/BCD_r0034_c0127.png,0,masks/BCD_r0034_c0127.png,0.00000000
BCD_r0034_c0128,T1/BCD_r0034_c0128.png,T2/BCD_r0034_c0128.png,0,masks/BCD_r0034_c0128.png,0.00000000
BCD_r0034_c0129,T1/BCD_r0034_c0129.png,T2/BCD_r0034_c0129.png,0,masks/BCD_r0034_c0129.png,0.00000000
BCD_r0034_c0130,T1/BCD_r0034_c0130.png,T2/BCD_r0034_c0130.png,0,masks/BCD_r0034_c0130.png,0.00000000
BCD_r0034_c0131,T1/BCD_r0034_c0131.png,T2/BCD_r0034_c0131.png,0,masks/BCD_r0034_c0131.png,0.00000000
BCD_r0034_c0132,T1/BCD_r0034_c0132.png,T2/BCD_r0034_c0132.png,0,masks/BCD_r0034_c0132.png,0.00000000
BCD_r0034_c0133,T1/BCD_r0034_c0133.png,T2/BCD_r0034_c0133.png,0,masks/BCD_r0034_c0133.png,0.00000000
BCD_r0034_c0134,T1/BCD_r0034_c0134.png,T2/BCD_r0034_c0134.png,0,masks/BCD_r0034_c0134.png,0.00000000
BCD_r0034_c0135,T1/BCD_r0034_c0135.png,T2/BCD_r0034_c0135.png,0,masks/BCD_r0034_c0135.png,0.00000000
BCD_r0034_c0136,T1/BCD_r0034_c0136.png,T2/BCD_r0034_c0136.png,0,masks/BCD_r0034_c0136.png,0.00000000
BCD_r0034_c0137,T1/BCD_r0034_c0137.png,T2/BCD_r0034_c0137.png,0,masks/BCD_r0034_c0137.png,0.00000000
BCD_r0034_c0138,T1/BCD_r0034_c0138.png,T2/BCD_r0034_c0138.png,0,masks/BCD_r0034_c0138.png,0.00000000
BCD_r0034_c0139,T1/BCD_r0034_c0139.png,T2/BCD_r0034_c0139.png,0,masks/BCD_r0034_c0139.png,0.00000000
BCD_r0034_c0140,T1/BCD_r0034_c0140.png,T2/BCD_r0034_c0140.png,0,masks/BCD_r0034_c0140.png,0.00000000
BCD_r0034_c0141,T1/BCD_r0034_c0141.png,T2/BCD_r0034_c0141.png,0,masks/BCD_r0034_c0141.png,0.00000000
BCD_r0034_c0142,T1/BCD_r0034_c0142.png,T2/BCD_r0034_c0142.png,0,masks/BCD_r0034_c0142.png,0.00000000
BCD_r0034_c0143,T1/BCD_r0034_c0143.png,T2/BCD_r0034_c0143.png,0,masks/BCD_r0034_c0143.png,0.00000000
BCD_r0034_c0144,T1/BCD_r0034_c0144.png,T2/BCD_r0034_c0144.png,0,masks/BCD_r0034_c0144.png,0.00000000
BCD_r0035_c0000,T1/BCD_r0035_c0000.png,T2/BCD_r0035_c0000.png,1,masks/BCD_r0035_c0000.png,0.08342634
BCD_r0035_c0001,T1/BCD_r0035_c0001.png,T2/BCD_r0035_c0001.png,0,masks/BCD_r0035_c0001.png,0.00000000
BCD_r0035_c0002,T1/BCD_r0035_c0002.png,T2/BCD_r0035_c0002.png,0,masks/BCD_r0035_c0002.png,0.00000000
BCD_r0035_c0003,T1/BCD_r0035_c0003.png,T2/BCD_r0035_c0003.png,0,masks/BCD_r0035_c0003.png,0.00000000
BCD_r0035_c0004,T1/BCD_r0035_c0004.png,T2/BCD_r0035_c0004.png,1,masks/BCD_r0035_c0004.png,0.03262516
BCD_r0035_c0005,T1/BCD_r0035_c0005.png,T2/BCD_r0035_c0005.png,1,masks/BCD_r0035_c0005.png,0.28475765
BCD_r0035_c0006,T1/BCD_r0035_c0006.png,T2/BCD_r0035_c0006.png,1,masks/BCD_r0035_c0006.png,0.03402025
BCD_r0035_c0007,T1/BCD_r0035_c0007.png,T2/BCD_r0035_c0007.png,1,masks/BCD_r0035_c0007.png,0.05829480
BCD_r0035_c0008,T1/BCD_r0035_c0008.png,T2/BCD_r0035_c0008.png,1,masks/BCD_r0035_c0008.png,0.46330915
BCD_r0035_c0009,T1/BCD_r0035_c0009.png,T2/BCD_r0035_c0009.png,1,masks/BCD_r0035_c0009.png,0.63725686
BCD_r0035_c0010,T1/BCD_r0035_c0010.png,T2/BCD_r0035_c0010.png,1,masks/BCD_r0035_c0010.png,0.21002073
BCD_r0035_c0011,T1/BCD_r0035_c0011.png,T2/BCD_r0035_c0011.png,0,masks/BCD_r0035_c0011.png,0.00000000
BCD_r0035_c0012,T1/BCD_r0035_c0012.png,T2/BCD_r0035_c0012.png,1,masks/BCD_r0035_c0012.png,0.01225686
BCD_r0035_c0013,T1/BCD_r0035_c0013.png,T2/BCD_r0035_c0013.png,1,masks/BCD_r0035_c0013.png,0.37354512
BCD_r0035_c0014,T1/BCD_r0035_c0014.png,T2/BCD_r0035_c0014.png,1,masks/BCD_r0035_c0014.png,0.00003986
BCD_r0035_c0015,T1/BCD_r0035_c0015.png,T2/BCD_r0035_c0015.png,0,masks/BCD_r0035_c0015.png,0.00000000
BCD_r0035_c0016,T1/BCD_r0035_c0016.png,T2/BCD_r0035_c0016.png,0,masks/BCD_r0035_c0016.png,0.00000000
BCD_r0035_c0017,T1/BCD_r0035_c0017.png,T2/BCD_r0035_c0017.png,0,masks/BCD_r0035_c0017.png,0.00000000
BCD_r0035_c0018,T1/BCD_r0035_c0018.png,T2/BCD_r0035_c0018.png,0,masks/BCD_r0035_c0018.png,0.00000000
BCD_r0035_c0019,T1/BCD_r0035_c0019.png,T2/BCD_r0035_c0019.png,0,masks/BCD_r0035_c0019.png,0.00000000
BCD_r0035_c0020,T1/BCD_r0035_c0020.png,T2/BCD_r0035_c0020.png,0,masks/BCD_r0035_c0020.png,0.00000000
BCD_r0035_c0021,T1/BCD_r0035_c0021.png,T2/BCD_r0035_c0021.png,0,masks/BCD_r0035_c0021.png,0.00000000
BCD_r0035_c0022,T1/BCD_r0035_c0022.png,T2/BCD_r0035_c0022.png,1,masks/BCD_r0035_c0022.png,0.07629145
BCD_r0035_c0023,T1/BCD_r0035_c0023.png,T2/BCD_r0035_c0023.png,1,masks/BCD_r0035_c0023.png,0.19836177
BCD_r0035_c0024,T1/BCD_r0035_c0024.png,T2/BCD_r0035_c0024.png,0,masks/BCD_r0035_c0024.png,0.00000000
BCD_r0035_c0025,T1/BCD_r0035_c0025.png,T2/BCD_r0035_c0025.png,1,masks/BCD_r0035_c0025.png,0.10580756
BCD_r0035_c0026,T1/BCD_r0035_c0026.png,T2/BCD_r0035_c0026.png,1,masks/BCD_r0035_c0026.png,0.06630660
BCD_r0035_c0027,T1/BCD_r0035_c0027.png,T2/BCD_r0035_c0027.png,0,masks/BCD_r0035_c0027.png,0.00000000
BCD_r0035_c0028,T1/BCD_r0035_c0028.png,T2/BCD_r0035_c0028.png,0,masks/BCD_r0035_c0028.png,0.00000000
BCD_r0035_c0029,T1/BCD_r0035_c0029.png,T2/BCD_r0035_c0029.png,0,masks/BCD_r0035_c0029.png,0.00000000
BCD_r0035_c0030,T1/BCD_r0035_c0030.png,T2/BCD_r0035_c0030.png,0,masks/BCD_r0035_c0030.png,0.00000000
BCD_r0035_c0031,T1/BCD_r0035_c0031.png,T2/BCD_r0035_c0031.png,0,masks/BCD_r0035_c0031.png,0.00000000
BCD_r0035_c0032,T1/BCD_r0035_c0032.png,T2/BCD_r0035_c0032.png,0,masks/BCD_r0035_c0032.png,0.00000000
BCD_r0035_c0033,T1/BCD_r0035_c0033.png,T2/BCD_r0035_c0033.png,0,masks/BCD_r0035_c0033.png,0.00000000
BCD_r0035_c0034,T1/BCD_r0035_c0034.png,T2/BCD_r0035_c0034.png,0,masks/BCD_r0035_c0034.png,0.00000000
BCD_r0035_c0035,T1/BCD_r0035_c0035.png,T2/BCD_r0035_c0035.png,0,masks/BCD_r0035_c0035.png,0.00000000
BCD_r0035_c0036,T1/BCD_r0035_c0036.png,T2/BCD_r0035_c0036.png,0,masks/BCD_r0035_c0036.png,0.00000000
BCD_r0035_c0037,T1/BCD_r0035_c0037.png,T2/BCD_r0035_c0037.png,0,masks/BCD_r0035_c0037.png,0.00000000
BCD_r0035_c0038,T1/BCD_r0035_c0038.png,T2/BCD_r0035_c0038.png,0,masks/BCD_r0035_c0038.png,0.00000000
BCD_r0035_c0039,T1/BCD_r0035_c0039.png,T2/BCD_r0035_c0039.png,0,masks/BCD_r0035_c0039.png,0.00000000
BCD_r0035_c0040,T1/BCD_r0035_c0040.png,T2/BCD_r0035_c0040.png,0,masks/BCD_r0035_c0040.png,0.00000000
BCD_r0035_c0041,T1/BCD_r0035_c0041.png,T2/BCD_r0035_c0041.png,0,masks/BCD_r0035_c0041.png,0.00000000
BCD_r0035_c0042,T1/BCD_r0035_c0042.png,T2/BCD_r0035_c0042.png,0,masks/BCD_r0035_c0042.png,0.00000000
BCD_r0035_c0043,T1/BCD_r0035_c0043.png,T2/BCD_r0035_c0043.png,0,masks/BCD_r0035_c0043.png,0.00000000
BCD_r0035_c0044,T1/BCD_r0035_c0044.png,T2/BCD_r0035_c0044.png,0,masks/BCD_r0035_c0044.png,0.00000000
BCD_r0035_c0045,T1/BCD_r0035_c0045.png,T2/BCD_r0035_c0045.png,0,masks/BCD_r0035_c0045.png,0.00000000
BCD_r0035_c0046,T1/BCD_r0035_c0046.png,T2/BCD_r0035_c0046.png,0,masks/BCD_r0035_c0046.png,0.00000000
BCD_r0035_c0047,T1/BCD_r0035_c0047.png,T2/BCD_r0035_c0047.png,0,masks/BCD_r0035_c0047.png,0.00000000
BCD_r0035_c0048,T1/BCD_r0035_c0048.png,T2/BCD_r0035_c0048.png,0,masks/BCD_r0035_c0048.png,0.00000000
BCD_r0035_c0049,T1/BCD_r0035_c0049.png,T2/BCD_r0035_c0049.png,0,masks/BCD_r0035_c0049.png,0.00000000
BCD_r0035_c0050,T1/BCD_r0035_c0050.png,T2/BCD_r0035_c0050.png,0,masks/BCD_r0035_c0050.png,0.00000000
BCD_r0035_c0051,T1/BCD_r0035_c0051.png,T2/BCD_r0035_c0051.png,0,masks/BCD_r0035_c0051.png,0.00000000
BCD_r0035_c0052,T1/BCD_r0035_c0052.png,T2/BCD_r0035_c0052.png,0,masks/BCD_r0035_c0052.png,0.00000000
BCD_r0035_c0053,T1/BCD_r0035_c0053.png,T2/BCD_r0035_c0053.png,0,masks/BCD_r0035_c0053.png,0.00000000
BCD_r0035_c0054,T1/BCD_r0035_c0054.png,T2/BCD_r0035_c0054.png,0,masks/BCD_r0035_c0054.png,0.00000000
BCD_r0035_c0055,T1/BCD_r0035_c0055.png,T2/BCD_r0035_c0055.png,1,masks/BCD_r0035_c0055.png,0.00237165
BCD_r0035_c0056,T1/BCD_r0035_c0056.png,T2/BCD_r0035_c0056.png,0,masks/BCD_r0035_c0056.png,0.00000000
BCD_r0035_c0057,T1/BCD_r0035_c0057.png,T2/BCD_r0035_c0057.png,0,masks/BCD_r0035_c0057.png,0.00000000
BCD_r0035_c0058,T1/BCD_r0035_c0058.png,T2/BCD_r0035_c0058.png,0,masks/BCD_r0035_c0058.png,0.00000000
BCD_r0035_c0059,T1/BCD_r0035_c0059.png,T2/BCD_r0035_c0059.png,0,masks/BCD_r0035_c0059.png,0.00000000
BCD_r0035_c0060,T1/BCD_r0035_c0060.png,T2/BCD_r0035_c0060.png,1,masks/BCD_r0035_c0060.png,0.01331314
BCD_r0035_c0061,T1/BCD_r0035_c0061.png,T2/BCD_r0035_c0061.png,0,masks/BCD_r0035_c0061.png,0.00000000
BCD_r0035_c0062,T1/BCD_r0035_c0062.png,T2/BCD_r0035_c0062.png,0,masks/BCD_r0035_c0062.png,0.00000000
BCD_r0035_c0063,T1/BCD_r0035_c0063.png,T2/BCD_r0035_c0063.png,1,masks/BCD_r0035_c0063.png,0.00378667
BCD_r0035_c0064,T1/BCD_r0035_c0064.png,T2/BCD_r0035_c0064.png,1,masks/BCD_r0035_c0064.png,0.20007573
BCD_r0035_c0065,T1/BCD_r0035_c0065.png,T2/BCD_r0035_c0065.png,1,masks/BCD_r0035_c0065.png,0.01688058
BCD_r0035_c0066,T1/BCD_r0035_c0066.png,T2/BCD_r0035_c0066.png,0,masks/BCD_r0035_c0066.png,0.00000000
BCD_r0035_c0067,T1/BCD_r0035_c0067.png,T2/BCD_r0035_c0067.png,1,masks/BCD_r0035_c0067.png,0.02124522
BCD_r0035_c0068,T1/BCD_r0035_c0068.png,T2/BCD_r0035_c0068.png,1,masks/BCD_r0035_c0068.png,0.08306760
BCD_r0035_c0069,T1/BCD_r0035_c0069.png,T2/BCD_r0035_c0069.png,1,masks/BCD_r0035_c0069.png,0.26468830
BCD_r0035_c0070,T1/BCD_r0035_c0070.png,T2/BCD_r0035_c0070.png,1,masks/BCD_r0035_c0070.png,0.03216677
BCD_r0035_c0071,T1/BCD_r0035_c0071.png,T2/BCD_r0035_c0071.png,1,masks/BCD_r0035_c0071.png,0.51949139
BCD_r0035_c0072,T1/BCD_r0035_c0072.png,T2/BCD_r0035_c0072.png,1,masks/BCD_r0035_c0072.png,0.39026626
BCD_r0035_c0073,T1/BCD_r0035_c0073.png,T2/BCD_r0035_c0073.png,1,masks/BCD_r0035_c0073.png,0.25057797
BCD_r0035_c0074,T1/BCD_r0035_c0074.png,T2/BCD_r0035_c0074.png,1,masks/BCD_r0035_c0074.png,0.35714286
BCD_r0035_c0075,T1/BCD_r0035_c0075.png,T2/BCD_r0035_c0075.png,1,masks/BCD_r0035_c0075.png,0.06228077
BCD_r0035_c0076,T1/BCD_r0035_c0076.png,T2/BCD_r0035_c0076.png,1,masks/BCD_r0035_c0076.png,0.30183753
BCD_r0035_c0077,T1/BCD_r0035_c0077.png,T2/BCD_r0035_c0077.png,1,masks/BCD_r0035_c0077.png,0.26849490
BCD_r0035_c0078,T1/BCD_r0035_c0078.png,T2/BCD_r0035_c0078.png,1,masks/BCD_r0035_c0078.png,0.30580357
BCD_r0035_c0079,T1/BCD_r0035_c0079.png,T2/BCD_r0035_c0079.png,1,masks/BCD_r0035_c0079.png,0.34147800
BCD_r0035_c0080,T1/BCD_r0035_c0080.png,T2/BCD_r0035_c0080.png,1,masks/BCD_r0035_c0080.png,0.40768495
BCD_r0035_c0081,T1/BCD_r0035_c0081.png,T2/BCD_r0035_c0081.png,1,masks/BCD_r0035_c0081.png,0.49938217
BCD_r0035_c0082,T1/BCD_r0035_c0082.png,T2/BCD_r0035_c0082.png,1,masks/BCD_r0035_c0082.png,0.15425702
BCD_r0035_c0083,T1/BCD_r0035_c0083.png,T2/BCD_r0035_c0083.png,1,masks/BCD_r0035_c0083.png,0.01686065
BCD_r0035_c0084,T1/BCD_r0035_c0084.png,T2/BCD_r0035_c0084.png,0,masks/BCD_r0035_c0084.png,0.00000000
BCD_r0035_c0085,T1/BCD_r0035_c0085.png,T2/BCD_r0035_c0085.png,0,masks/BCD_r0035_c0085.png,0.00000000
BCD_r0035_c0086,T1/BCD_r0035_c0086.png,T2/BCD_r0035_c0086.png,0,masks/BCD_r0035_c0086.png,0.00000000
BCD_r0035_c0087,T1/BCD_r0035_c0087.png,T2/BCD_r0035_c0087.png,0,masks/BCD_r0035_c0087.png,0.00000000
BCD_r0035_c0088,T1/BCD_r0035_c0088.png,T2/BCD_r0035_c0088.png,0,masks/BCD_r0035_c0088.png,0.00000000
BCD_r0035_c0089,T1/BCD_r0035_c0089.png,T2/BCD_r0035_c0089.png,0,masks/BCD_r0035_c0089.png,0.00000000
BCD_r0035_c0090,T1/BCD_r0035_c0090.png,T2/BCD_r0035_c0090.png,1,masks/BCD_r0035_c0090.png,0.10449219
BCD_r0035_c0091,T1/BCD_r0035_c0091.png,T2/BCD_r0035_c0091.png,0,masks/BCD_r0035_c0091.png,0.00000000
BCD_r0035_c0092,T1/BCD_r0035_c0092.png,T2/BCD_r0035_c0092.png,0,masks/BCD_r0035_c0092.png,0.00000000
BCD_r0035_c0093,T1/BCD_r0035_c0093.png,T2/BCD_r0035_c0093.png,0,masks/BCD_r0035_c0093.png,0.00000000
BCD_r0035_c0094,T1/BCD_r0035_c0094.png,T2/BCD_r0035_c0094.png,0,masks/BCD_r0035_c0094.png,0.00000000
BCD_r0035_c0095,T1/BCD_r0035_c0095.png,T2/BCD_r0035_c0095.png,0,masks/BCD_r0035_c0095.png,0.00000000
BCD_r0035_c0096,T1/BCD_r0035_c0096.png,T2/BCD_r0035_c0096.png,1,masks/BCD_r0035_c0096.png,0.03091119
BCD_r0035_c0097,T1/BCD_r0035_c0097.png,T2/BCD_r0035_c0097.png,1,masks/BCD_r0035_c0097.png,0.14128268
BCD_r0035_c0098,T1/BCD_r0035_c0098.png,T2/BCD_r0035_c0098.png,1,masks/BCD_r0035_c0098.png,0.12637516
BCD_r0035_c0099,T1/BCD_r0035_c0099.png,T2/BCD_r0035_c0099.png,1,masks/BCD_r0035_c0099.png,0.01837532
BCD_r0035_c0100,T1/BCD_r0035_c0100.png,T2/BCD_r0035_c0100.png,1,masks/BCD_r0035_c0100.png,0.12003747
BCD_r0035_c0101,T1/BCD_r0035_c0101.png,T2/BCD_r0035_c0101.png,0,masks/BCD_r0035_c0101.png,0.00000000
BCD_r0035_c0102,T1/BCD_r0035_c0102.png,T2/BCD_r0035_c0102.png,0,masks/BCD_r0035_c0102.png,0.00000000
BCD_r0035_c0103,T1/BCD_r0035_c0103.png,T2/BCD_r0035_c0103.png,0,masks/BCD_r0035_c0103.png,0.00000000
BCD_r0035_c0104,T1/BCD_r0035_c0104.png,T2/BCD_r0035_c0104.png,0,masks/BCD_r0035_c0104.png,0.00000000
BCD_r0035_c0105,T1/BCD_r0035_c0105.png,T2/BCD_r0035_c0105.png,1,masks/BCD_r0035_c0105.png,0.46153540
BCD_r0035_c0106,T1/BCD_r0035_c0106.png,T2/BCD_r0035_c0106.png,1,masks/BCD_r0035_c0106.png,0.89373406
BCD_r0035_c0107,T1/BCD_r0035_c0107.png,T2/BCD_r0035_c0107.png,1,masks/BCD_r0035_c0107.png,0.06194196
BCD_r0035_c0108,T1/BCD_r0035_c0108.png,T2/BCD_r0035_c0108.png,0,masks/BCD_r0035_c0108.png,0.00000000
BCD_r0035_c0109,T1/BCD_r0035_c0109.png,T2/BCD_r0035_c0109.png,0,masks/BCD_r0035_c0109.png,0.00000000
BCD_r0035_c0110,T1/BCD_r0035_c0110.png,T2/BCD_r0035_c0110.png,1,masks/BCD_r0035_c0110.png,0.16655373
BCD_r0035_c0111,T1/BCD_r0035_c0111.png,T2/BCD_r0035_c0111.png,1,masks/BCD_r0035_c0111.png,0.47706075
BCD_r0035_c0112,T1/BCD_r0035_c0112.png,T2/BCD_r0035_c0112.png,1,masks/BCD_r0035_c0112.png,0.11930006
BCD_r0035_c0113,T1/BCD_r0035_c0113.png,T2/BCD_r0035_c0113.png,0,masks/BCD_r0035_c0113.png,0.00000000
BCD_r0035_c0114,T1/BCD_r0035_c0114.png,T2/BCD_r0035_c0114.png,0,masks/BCD_r0035_c0114.png,0.00000000
BCD_r0035_c0115,T1/BCD_r0035_c0115.png,T2/BCD_r0035_c0115.png,0,masks/BCD_r0035_c0115.png,0.00000000
BCD_r0035_c0116,T1/BCD_r0035_c0116.png,T2/BCD_r0035_c0116.png,0,masks/BCD_r0035_c0116.png,0.00000000
BCD_r0035_c0117,T1/BCD_r0035_c0117.png,T2/BCD_r0035_c0117.png,0,masks/BCD_r0035_c0117.png,0.00000000
BCD_r0035_c0118,T1/BCD_r0035_c0118.png,T2/BCD_r0035_c0118.png,0,masks/BCD_r0035_c0118.png,0.00000000
BCD_r0035_c0119,T1/BCD_r0035_c0119.png,T2/BCD_r0035_c0119.png,0,masks/BCD_r0035_c0119.png,0.00000000
BCD_r0035_c0120,T1/BCD_r0035_c0120.png,T2/BCD_r0035_c0120.png,0,masks/BCD_r0035_c0120.png,0.00000000
BCD_r0035_c0121,T1/BCD_r0035_c0121.png,T2/BCD_r0035_c0121.png,0,masks/BCD_r0035_c0121.png,0.00000000
BCD_r0035_c0122,T1/BCD_r0035_c0122.png,T2/BCD_r0035_c0122.png,0,masks/BCD_r0035_c0122.png,0.00000000
BCD_r0035_c0123,T1/BCD_r0035_c0123.png,T2/BCD_r0035_c0123.png,0,masks/BCD_r0035_c0123.png,0.00000000
BCD_r0035_c0124,T1/BCD_r0035_c0124.png,T2/BCD_r0035_c0124.png,0,masks/BCD_r0035_c0124.png,0.00000000
BCD_r0035_c0125,T1/BCD_r0035_c0125.png,T2/BCD_r0035_c0125.png,0,masks/BCD_r0035_c0125.png,0.00000000
BCD_r0035_c0126,T1/BCD_r0035_c0126.png,T2/BCD_r0035_c0126.png,1,masks/BCD_r0035_c0126.png,0.07914142
BCD_r0035_c0127,T1/BCD_r0035_c0127.png,T2/BCD_r0035_c0127.png,0,masks/BCD_r0035_c0127.png,0.00000000
BCD_r0035_c0128,T1/BCD_r0035_c0128.png,T2/BCD_r0035_c0128.png,0,masks/BCD_r0035_c0128.png,0.00000000
BCD_r0035_c0129,T1/BCD_r0035_c0129.png,T2/BCD_r0035_c0129.png,0,masks/BCD_r0035_c0129.png,0.00000000
BCD_r0035_c0130,T1/BCD_r0035_c0130.png,T2/BCD_r0035_c0130.png,0,masks/BCD_r0035_c0130.png,0.00000000
BCD_r0035_c0131,T1/BCD_r0035_c0131.png,T2/BCD_r0035_c0131.png,0,masks/BCD_r0035_c0131.png,0.00000000
BCD_r0035_c0132,T1/BCD_r0035_c0132.png,T2/BCD_r0035_c0132.png,0,masks/BCD_r0035_c0132.png,0.00000000
BCD_r0035_c0133,T1/BCD_r0035_c0133.png,T2/BCD_r0035_c0133.png,0,masks/BCD_r0035_c0133.png,0.00000000
BCD_r0035_c0134,T1/BCD_r0035_c0134.png,T2/BCD_r0035_c0134.png,0,masks/BCD_r0035_c0134.png,0.00000000
BCD_r0035_c0135,T1/BCD_r0035_c0135.png,T2/BCD_r0035_c0135.png,0,masks/BCD_r0035_c0135.png,0.00000000
BCD_r0035_c0136,T1/BCD_r0035_c0136.png,T2/BCD_r0035_c0136.png,0,masks/BCD_r0035_c0136.png,0.00000000
BCD_r0035_c0137,T1/BCD_r0035_c0137.png,T2/BCD_r0035_c0137.png,0,masks/BCD_r0035_c0137.png,0.00000000
BCD_r0035_c0138,T1/BCD_r0035_c0138.png,T2/BCD_r0035_c0138.png,1,masks/BCD_r0035_c0138.png,0.18369340
BCD_r0035_c0139,T1/BCD_r0035_c0139.png,T2/BCD_r0035_c0139.png,0,masks/BCD_r0035_c0139.png,0.00000000
BCD_r0035_c0140,T1/BCD_r0035_c0140.png,T2/BCD_r0035_c0140.png,1,masks/BCD_r0035_c0140.png,0.00683594
BCD_r0035_c0141,T1/BCD_r0035_c0141.png,T2/BCD_r0035_c0141.png,1,masks/BCD_r0035_c0141.png,0.03427934
BCD_r0035_c0142,T1/BCD_r0035_c0142.png,T2/BCD_r0035_c0142.png,0,masks/BCD_r0035_c0142.png,0.00000000
BCD_r0035_c0143,T1/BCD_r0035_c0143.png,T2/BCD_r0035_c0143.png,0,masks/BCD_r0035_c0143.png,0.00000000
BCD_r0035_c0144,T1/BCD_r0035_c0144.png,T2/BCD_r0035_c0144.png,0,masks/BCD_r0035_c0144.png,0.00000000
BCD_r0036_c0000,T1/BCD_r0036_c0000.png,T2/BCD_r0036_c0000.png,0,masks/BCD_r0036_c0000.png,0.00000000
BCD_r0036_c0001,T1/BCD_r0036_c0001.png,T2/BCD_r0036_c0001.png,0,masks/BCD_r0036_c0001.png,0.00000000
BCD_r0036_c0002,T1/BCD_r0036_c0002.png,T2/BCD_r0036_c0002.png,0,masks/BCD_r0036_c0002.png,0.00000000
BCD_r0036_c0003,T1/BCD_r0036_c0003.png,T2/BCD_r0036_c0003.png,0,masks/BCD_r0036_c0003.png,0.00000000
BCD_r0036_c0004,T1/BCD_r0036_c0004.png,T2/BCD_r0036_c0004.png,0,masks/BCD_r0036_c0004.png,0.00000000
BCD_r0036_c0005,T1/BCD_r0036_c0005.png,T2/BCD_r0036_c0005.png,0,masks/BCD_r0036_c0005.png,0.00000000
BCD_r0036_c0006,T1/BCD_r0036_c0006.png,T2/BCD_r0036_c0006.png,1,masks/BCD_r0036_c0006.png,0.14592634
BCD_r0036_c0007,T1/BCD_r0036_c0007.png,T2/BCD_r0036_c0007.png,1,masks/BCD_r0036_c0007.png,0.17560188
BCD_r0036_c0008,T1/BCD_r0036_c0008.png,T2/BCD_r0036_c0008.png,1,masks/BCD_r0036_c0008.png,0.21354831
BCD_r0036_c0009,T1/BCD_r0036_c0009.png,T2/BCD_r0036_c0009.png,0,masks/BCD_r0036_c0009.png,0.00000000
BCD_r0036_c0010,T1/BCD_r0036_c0010.png,T2/BCD_r0036_c0010.png,0,masks/BCD_r0036_c0010.png,0.00000000
BCD_r0036_c0011,T1/BCD_r0036_c0011.png,T2/BCD_r0036_c0011.png,0,masks/BCD_r0036_c0011.png,0.00000000
BCD_r0036_c0012,T1/BCD_r0036_c0012.png,T2/BCD_r0036_c0012.png,0,masks/BCD_r0036_c0012.png,0.00000000
BCD_r0036_c0013,T1/BCD_r0036_c0013.png,T2/BCD_r0036_c0013.png,0,masks/BCD_r0036_c0013.png,0.00000000
BCD_r0036_c0014,T1/BCD_r0036_c0014.png,T2/BCD_r0036_c0014.png,1,masks/BCD_r0036_c0014.png,0.01514668
BCD_r0036_c0015,T1/BCD_r0036_c0015.png,T2/BCD_r0036_c0015.png,0,masks/BCD_r0036_c0015.png,0.00000000
BCD_r0036_c0016,T1/BCD_r0036_c0016.png,T2/BCD_r0036_c0016.png,0,masks/BCD_r0036_c0016.png,0.00000000
BCD_r0036_c0017,T1/BCD_r0036_c0017.png,T2/BCD_r0036_c0017.png,0,masks/BCD_r0036_c0017.png,0.00000000
BCD_r0036_c0018,T1/BCD_r0036_c0018.png,T2/BCD_r0036_c0018.png,0,masks/BCD_r0036_c0018.png,0.00000000
BCD_r0036_c0019,T1/BCD_r0036_c0019.png,T2/BCD_r0036_c0019.png,0,masks/BCD_r0036_c0019.png,0.00000000
BCD_r0036_c0020,T1/BCD_r0036_c0020.png,T2/BCD_r0036_c0020.png,0,masks/BCD_r0036_c0020.png,0.00000000
BCD_r0036_c0021,T1/BCD_r0036_c0021.png,T2/BCD_r0036_c0021.png,1,masks/BCD_r0036_c0021.png,0.01422991
BCD_r0036_c0022,T1/BCD_r0036_c0022.png,T2/BCD_r0036_c0022.png,1,masks/BCD_r0036_c0022.png,0.40770488
BCD_r0036_c0023,T1/BCD_r0036_c0023.png,T2/BCD_r0036_c0023.png,1,masks/BCD_r0036_c0023.png,0.00753348
BCD_r0036_c0024,T1/BCD_r0036_c0024.png,T2/BCD_r0036_c0024.png,0,masks/BCD_r0036_c0024.png,0.00000000
BCD_r0036_c0025,T1/BCD_r0036_c0025.png,T2/BCD_r0036_c0025.png,0,masks/BCD_r0036_c0025.png,0.00000000
BCD_r0036_c0026,T1/BCD_r0036_c0026.png,T2/BCD_r0036_c0026.png,0,masks/BCD_r0036_c0026.png,0.00000000
BCD_r0036_c0027,T1/BCD_r0036_c0027.png,T2/BCD_r0036_c0027.png,0,masks/BCD_r0036_c0027.png,0.00000000
BCD_r0036_c0028,T1/BCD_r0036_c0028.png,T2/BCD_r0036_c0028.png,0,masks/BCD_r0036_c0028.png,0.00000000
BCD_r0036_c0029,T1/BCD_r0036_c0029.png,T2/BCD_r0036_c0029.png,0,masks/BCD_r0036_c0029.png,0.00000000
BCD_r0036_c0030,T1/BCD_r0036_c0030.png,T2/BCD_r0036_c0030.png,0,masks/BCD_r0036_c0030.png,0.00000000
BCD_r0036_c0031,T1/BCD_r0036_c0031.png,T2/BCD_r0036_c0031.png,0,masks/BCD_r0036_c0031.png,0.00000000
BCD_r0036_c0032,T1/BCD_r0036_c0032.png,T2/BCD_r0036_c0032.png,0,masks/BCD_r0036_c0032.png,0.00000000
BCD_r0036_c0033,T1/BCD_r0036_c0033.png,T2/BCD_r0036_c0033.png,0,masks/BCD_r0036_c0033.png,0.00000000
BCD_r0036_c0034,T1/BCD_r0036_c0034.png,T2/BCD_r0036_c0034.png,0,masks/BCD_r0036_c0034.png,0.00000000
BCD_r0036_c0035,T1/BCD_r0036_c0035.png,T2/BCD_r0036_c0035.png,0,masks/BCD_r0036_c0035.png,0.00000000
BCD_r0036_c0036,T1/BCD_r0036_c0036.png,T2/BCD_r0036_c0036.png,0,masks/BCD_r0036_c0036.png,0.00000000
BCD_r0036_c0037,T1/BCD_r0036_c0037.png,T2/BCD_r0036_c0037.png,0,masks/BCD_r0036_c0037.png,0.00000000
BCD_r0036_c0038,T1/BCD_r0036_c0038.png,T2/BCD_r0036_c0038.png,0,masks/BCD_r0036_c0038.png,0.00000000
BCD_r0036_c0039,T1/BCD_r0036_c0039.png,T2/BCD_r0036_c0039.png,1,masks/BCD_r0036_c0039.png,0.03023358
BCD_r0036_c0040,T1/BCD_r0036_c0040.png,T2/BCD_r0036_c0040.png,0,masks/BCD_r0036_c0040.png,0.00000000
BCD_r0036_c0041,T1/BCD_r0036_c0041.png,T2/BCD_r0036_c0041.png,0,masks/BCD_r0036_c0041.png,0.00000000
BCD_r0036_c0042,T1/BCD_r0036_c0042.png,T2/BCD_r0036_c0042.png,0,masks/BCD_r0036_c0042.png,0.00000000
BCD_r0036_c0043,T1/BCD_r0036_c0043.png,T2/BCD_r0036_c0043.png,1,masks/BCD_r0036_c0043.png,0.01460858
BCD_r0036_c0044,T1/BCD_r0036_c0044.png,T2/BCD_r0036_c0044.png,0,masks/BCD_r0036_c0044.png,0.00000000
BCD_r0036_c0045,T1/BCD_r0036_c0045.png,T2/BCD_r0036_c0045.png,0,masks/BCD_r0036_c0045.png,0.00000000
BCD_r0036_c0046,T1/BCD_r0036_c0046.png,T2/BCD_r0036_c0046.png,0,masks/BCD_r0036_c0046.png,0.00000000
BCD_r0036_c0047,T1/BCD_r0036_c0047.png,T2/BCD_r0036_c0047.png,0,masks/BCD_r0036_c0047.png,0.00000000
BCD_r0036_c0048,T1/BCD_r0036_c0048.png,T2/BCD_r0036_c0048.png,0,masks/BCD_r0036_c0048.png,0.00000000
BCD_r0036_c0049,T1/BCD_r0036_c0049.png,T2/BCD_r0036_c0049.png,0,masks/BCD_r0036_c0049.png,0.00000000
BCD_r0036_c0050,T1/BCD_r0036_c0050.png,T2/BCD_r0036_c0050.png,0,masks/BCD_r0036_c0050.png,0.00000000
BCD_r0036_c0051,T1/BCD_r0036_c0051.png,T2/BCD_r0036_c0051.png,0,masks/BCD_r0036_c0051.png,0.00000000
BCD_r0036_c0052,T1/BCD_r0036_c0052.png,T2/BCD_r0036_c0052.png,0,masks/BCD_r0036_c0052.png,0.00000000
BCD_r0036_c0053,T1/BCD_r0036_c0053.png,T2/BCD_r0036_c0053.png,0,masks/BCD_r0036_c0053.png,0.00000000
BCD_r0036_c0054,T1/BCD_r0036_c0054.png,T2/BCD_r0036_c0054.png,0,masks/BCD_r0036_c0054.png,0.00000000
BCD_r0036_c0055,T1/BCD_r0036_c0055.png,T2/BCD_r0036_c0055.png,1,masks/BCD_r0036_c0055.png,0.02656649
BCD_r0036_c0056,T1/BCD_r0036_c0056.png,T2/BCD_r0036_c0056.png,1,masks/BCD_r0036_c0056.png,0.00011958
BCD_r0036_c0057,T1/BCD_r0036_c0057.png,T2/BCD_r0036_c0057.png,0,masks/BCD_r0036_c0057.png,0.00000000
BCD_r0036_c0058,T1/BCD_r0036_c0058.png,T2/BCD_r0036_c0058.png,0,masks/BCD_r0036_c0058.png,0.00000000
BCD_r0036_c0059,T1/BCD_r0036_c0059.png,T2/BCD_r0036_c0059.png,0,masks/BCD_r0036_c0059.png,0.00000000
BCD_r0036_c0060,T1/BCD_r0036_c0060.png,T2/BCD_r0036_c0060.png,0,masks/BCD_r0036_c0060.png,0.00000000
BCD_r0036_c0061,T1/BCD_r0036_c0061.png,T2/BCD_r0036_c0061.png,0,masks/BCD_r0036_c0061.png,0.00000000
BCD_r0036_c0062,T1/BCD_r0036_c0062.png,T2/BCD_r0036_c0062.png,0,masks/BCD_r0036_c0062.png,0.00000000
BCD_r0036_c0063,T1/BCD_r0036_c0063.png,T2/BCD_r0036_c0063.png,0,masks/BCD_r0036_c0063.png,0.00000000
BCD_r0036_c0064,T1/BCD_r0036_c0064.png,T2/BCD_r0036_c0064.png,1,masks/BCD_r0036_c0064.png,0.13849251
BCD_r0036_c0065,T1/BCD_r0036_c0065.png,T2/BCD_r0036_c0065.png,1,masks/BCD_r0036_c0065.png,0.37398358
BCD_r0036_c0066,T1/BCD_r0036_c0066.png,T2/BCD_r0036_c0066.png,1,masks/BCD_r0036_c0066.png,0.28200733
BCD_r0036_c0067,T1/BCD_r0036_c0067.png,T2/BCD_r0036_c0067.png,1,masks/BCD_r0036_c0067.png,0.34321189
BCD_r0036_c0068,T1/BCD_r0036_c0068.png,T2/BCD_r0036_c0068.png,1,masks/BCD_r0036_c0068.png,0.35046636
BCD_r0036_c0069,T1/BCD_r0036_c0069.png,T2/BCD_r0036_c0069.png,1,masks/BCD_r0036_c0069.png,0.36509487
BCD_r0036_c0070,T1/BCD_r0036_c0070.png,T2/BCD_r0036_c0070.png,1,masks/BCD_r0036_c0070.png,0.18997130
BCD_r0036_c0071,T1/BCD_r0036_c0071.png,T2/BCD_r0036_c0071.png,1,masks/BCD_r0036_c0071.png,0.28308355
BCD_r0036_c0072,T1/BCD_r0036_c0072.png,T2/BCD_r0036_c0072.png,1,masks/BCD_r0036_c0072.png,0.39279735
BCD_r0036_c0073,T1/BCD_r0036_c0073.png,T2/BCD_r0036_c0073.png,1,masks/BCD_r0036_c0073.png,0.22191885
BCD_r0036_c0074,T1/BCD_r0036_c0074.png,T2/BCD_r0036_c0074.png,1,masks/BCD_r0036_c0074.png,0.01130022
BCD_r0036_c0075,T1/BCD_r0036_c0075.png,T2/BCD_r0036_c0075.png,1,masks/BCD_r0036_c0075.png,0.35222018
BCD_r0036_c0076,T1/BCD_r0036_c0076.png,T2/BCD_r0036_c0076.png,1,masks/BCD_r0036_c0076.png,0.44222337
BCD_r0036_c0077,T1/BCD_r0036_c0077.png,T2/BCD_r0036_c0077.png,1,masks/BCD_r0036_c0077.png,0.23288026
BCD_r0036_c0078,T1/BCD_r0036_c0078.png,T2/BCD_r0036_c0078.png,1,masks/BCD_r0036_c0078.png,0.40706712
BCD_r0036_c0079,T1/BCD_r0036_c0079.png,T2/BCD_r0036_c0079.png,1,masks/BCD_r0036_c0079.png,0.32230548
BCD_r0036_c0080,T1/BCD_r0036_c0080.png,T2/BCD_r0036_c0080.png,1,masks/BCD_r0036_c0080.png,0.33143335
BCD_r0036_c0081,T1/BCD_r0036_c0081.png,T2/BCD_r0036_c0081.png,1,masks/BCD_r0036_c0081.png,0.21085778
BCD_r0036_c0082,T1/BCD_r0036_c0082.png,T2/BCD_r0036_c0082.png,1,masks/BCD_r0036_c0082.png,0.27214206
BCD_r0036_c0083,T1/BCD_r0036_c0083.png,T2/BCD_r0036_c0083.png,1,masks/BCD_r0036_c0083.png,0.27875877
BCD_r0036_c0084,T1/BCD_r0036_c0084.png,T2/BCD_r0036_c0084.png,1,masks/BCD_r0036_c0084.png,0.14604592
BCD_r0036_c0085,T1/BCD_r0036_c0085.png,T2/BCD_r0036_c0085.png,1,masks/BCD_r0036_c0085.png,0.00962612
BCD_r0036_c0086,T1/BCD_r0036_c0086.png,T2/BCD_r0036_c0086.png,0,masks/BCD_r0036_c0086.png,0.00000000
BCD_r0036_c0087,T1/BCD_r0036_c0087.png,T2/BCD_r0036_c0087.png,0,masks/BCD_r0036_c0087.png,0.00000000
BCD_r0036_c0088,T1/BCD_r0036_c0088.png,T2/BCD_r0036_c0088.png,0,masks/BCD_r0036_c0088.png,0.00000000
BCD_r0036_c0089,T1/BCD_r0036_c0089.png,T2/BCD_r0036_c0089.png,1,masks/BCD_r0036_c0089.png,0.05006378
BCD_r0036_c0090,T1/BCD_r0036_c0090.png,T2/BCD_r0036_c0090.png,1,masks/BCD_r0036_c0090.png,0.71591996
BCD_r0036_c0091,T1/BCD_r0036_c0091.png,T2/BCD_r0036_c0091.png,1,masks/BCD_r0036_c0091.png,0.10544882
BCD_r0036_c0092,T1/BCD_r0036_c0092.png,T2/BCD_r0036_c0092.png,0,masks/BCD_r0036_c0092.png,0.00000000
BCD_r0036_c0093,T1/BCD_r0036_c0093.png,T2/BCD_r0036_c0093.png,0,masks/BCD_r0036_c0093.png,0.00000000
BCD_r0036_c0094,T1/BCD_r0036_c0094.png,T2/BCD_r0036_c0094.png,0,masks/BCD_r0036_c0094.png,0.00000000
BCD_r0036_c0095,T1/BCD_r0036_c0095.png,T2/BCD_r0036_c0095.png,1,masks/BCD_r0036_c0095.png,0.00075733
BCD_r0036_c0096,T1/BCD_r0036_c0096.png,T2/BCD_r0036_c0096.png,1,masks/BCD_r0036_c0096.png,0.25432478
BCD_r0036_c0097,T1/BCD_r0036_c0097.png,T2/BCD_r0036_c0097.png,1,masks/BCD_r0036_c0097.png,0.06483179
BCD_r0036_c0098,T1/BCD_r0036_c0098.png,T2/BCD_r0036_c0098.png,1,masks/BCD_r0036_c0098.png,0.11961894
BCD_r0036_c0099,T1/BCD_r0036_c0099.png,T2/BCD_r0036_c0099.png,1,masks/BCD_r0036_c0099.png,0.22478874
BCD_r0036_c0100,T1/BCD_r0036_c0100.png,T2/BCD_r0036_c0100.png,1,masks/BCD_r0036_c0100.png,0.13873166
BCD_r0036_c0101,T1/BCD_r0036_c0101.png,T2/BCD_r0036_c0101.png,0,masks/BCD_r0036_c0101.png,0.00000000
BCD_r0036_c0102,T1/BCD_r0036_c0102.png,T2/BCD_r0036_c0102.png,0,masks/BCD_r0036_c0102.png,0.00000000
BCD_r0036_c0103,T1/BCD_r0036_c0103.png,T2/BCD_r0036_c0103.png,0,masks/BCD_r0036_c0103.png,0.00000000
BCD_r0036_c0104,T1/BCD_r0036_c0104.png,T2/BCD_r0036_c0104.png,0,masks/BCD_r0036_c0104.png,0.00000000
BCD_r0036_c0105,T1/BCD_r0036_c0105.png,T2/BCD_r0036_c0105.png,1,masks/BCD_r0036_c0105.png,0.11866231
BCD_r0036_c0106,T1/BCD_r0036_c0106.png,T2/BCD_r0036_c0106.png,1,masks/BCD_r0036_c0106.png,0.62595663
BCD_r0036_c0107,T1/BCD_r0036_c0107.png,T2/BCD_r0036_c0107.png,1,masks/BCD_r0036_c0107.png,0.51600367
BCD_r0036_c0108,T1/BCD_r0036_c0108.png,T2/BCD_r0036_c0108.png,0,masks/BCD_r0036_c0108.png,0.00000000
BCD_r0036_c0109,T1/BCD_r0036_c0109.png,T2/BCD_r0036_c0109.png,0,masks/BCD_r0036_c0109.png,0.00000000
BCD_r0036_c0110,T1/BCD_r0036_c0110.png,T2/BCD_r0036_c0110.png,1,masks/BCD_r0036_c0110.png,0.03051260
BCD_r0036_c0111,T1/BCD_r0036_c0111.png,T2/BCD_r0036_c0111.png,1,masks/BCD_r0036_c0111.png,0.34719786
BCD_r0036_c0112,T1/BCD_r0036_c0112.png,T2/BCD_r0036_c0112.png,1,masks/BCD_r0036_c0112.png,0.22911352
BCD_r0036_c0113,T1/BCD_r0036_c0113.png,T2/BCD_r0036_c0113.png,0,masks/BCD_r0036_c0113.png,0.00000000
BCD_r0036_c0114,T1/BCD_r0036_c0114.png,T2/BCD_r0036_c0114.png,0,masks/BCD_r0036_c0114.png,0.00000000
BCD_r0036_c0115,T1/BCD_r0036_c0115.png,T2/BCD_r0036_c0115.png,0,masks/BCD_r0036_c0115.png,0.00000000
BCD_r0036_c0116,T1/BCD_r0036_c0116.png,T2/BCD_r0036_c0116.png,0,masks/BCD_r0036_c0116.png,0.00000000
BCD_r0036_c0117,T1/BCD_r0036_c0117.png,T2/BCD_r0036_c0117.png,0,masks/BCD_r0036_c0117.png,0.00000000
BCD_r0036_c0118,T1/BCD_r0036_c0118.png,T2/BCD_r0036_c0118.png,0,masks/BCD_r0036_c0118.png,0.00000000
BCD_r0036_c0119,T1/BCD_r0036_c0119.png,T2/BCD_r0036_c0119.png,0,masks/BCD_r0036_c0119.png,0.00000000
BCD_r0036_c0120,T1/BCD_r0036_c0120.png,T2/BCD_r0036_c0120.png,0,masks/BCD_r0036_c0120.png,0.00000000
BCD_r0036_c0121,T1/BCD_r0036_c0121.png,T2/BCD_r0036_c0121.png,0,masks/BCD_r0036_c0121.png,0.00000000
BCD_r0036_c0122,T1/BCD_r0036_c0122.png,T2/BCD_r0036_c0122.png,0,masks/BCD_r0036_c0122.png,0.00000000
BCD_r0036_c0123,T1/BCD_r0036_c0123.png,T2/BCD_r0036_c0123.png,0,masks/BCD_r0036_c0123.png,0.00000000
BCD_r0036_c0124,T1/BCD_r0036_c0124.png,T2/BCD_r0036_c0124.png,0,masks/BCD_r0036_c0124.png,0.00000000
BCD_r0036_c0125,T1/BCD_r0036_c0125.png,T2/BCD_r0036_c0125.png,0,masks/BCD_r0036_c0125.png,0.00000000
BCD_r0036_c0126,T1/BCD_r0036_c0126.png,T2/BCD_r0036_c0126.png,0,masks/BCD_r0036_c0126.png,0.00000000
BCD_r0036_c0127,T1/BCD_r0036_c0127.png,T2/BCD_r0036_c0127.png,1,masks/BCD_r0036_c0127.png,0.00480309
BCD_r0036_c0128,T1/BCD_r0036_c0128.png,T2/BCD_r0036_c0128.png,0,masks/BCD_r0036_c0128.png,0.00000000
BCD_r0036_c0129,T1/BCD_r0036_c0129.png,T2/BCD_r0036_c0129.png,0,masks/BCD_r0036_c0129.png,0.00000000
BCD_r0036_c0130,T1/BCD_r0036_c0130.png,T2/BCD_r0036_c0130.png,0,masks/BCD_r0036_c0130.png,0.00000000
BCD_r0036_c0131,T1/BCD_r0036_c0131.png,T2/BCD_r0036_c0131.png,0,masks/BCD_r0036_c0131.png,0.00000000
BCD_r0036_c0132,T1/BCD_r0036_c0132.png,T2/BCD_r0036_c0132.png,0,masks/BCD_r0036_c0132.png,0.00000000
BCD_r0036_c0133,T1/BCD_r0036_c0133.png,T2/BCD_r0036_c0133.png,0,masks/BCD_r0036_c0133.png,0.00000000
BCD_r0036_c0134,T1/BCD_r0036_c0134.png,T2/BCD_r0036_c0134.png,0,masks/BCD_r0036_c0134.png,0.00000000
BCD_r0036_c0135,T1/BCD_r0036_c0135.png,T2/BCD_r0036_c0135.png,0,masks/BCD_r0036_c0135.png,0.00000000
BCD_r0036_c0136,T1/BCD_r0036_c0136.png,T2/BCD_r0036_c0136.png,0,masks/BCD_r0036_c0136.png,0.00000000
BCD_r0036_c0137,T1/BCD_r0036_c0137.png,T2/BCD_r0036_c0137.png,0,masks/BCD_r0036_c0137.png,0.00000000
BCD_r0036_c0138,T1/BCD_r0036_c0138.png,T2/BCD_r0036_c0138.png,0,masks/BCD_r0036_c0138.png,0.00000000
BCD_r0036_c0139,T1/BCD_r0036_c0139.png,T2/BCD_r0036_c0139.png,0,masks/BCD_r0036_c0139.png,0.00000000
BCD_r0036_c0140,T1/BCD_r0036_c0140.png,T2/BCD_r0036_c0140.png,0,masks/BCD_r0036_c0140.png,0.00000000
BCD_r0036_c0141,T1/BCD_r0036_c0141.png,T2/BCD_r0036_c0141.png,1,masks/BCD_r0036_c0141.png,0.02686543
BCD_r0036_c0142,T1/BCD_r0036_c0142.png,T2/BCD_r0036_c0142.png,0,masks/BCD_r0036_c0142.png,0.00000000
BCD_r0036_c0143,T1/BCD_r0036_c0143.png,T2/BCD_r0036_c0143.png,0,masks/BCD_r0036_c0143.png,0.00000000
BCD_r0036_c0144,T1/BCD_r0036_c0144.png,T2/BCD_r0036_c0144.png,0,masks/BCD_r0036_c0144.png,0.00000000
BCD_r0037_c0000,T1/BCD_r0037_c0000.png,T2/BCD_r0037_c0000.png,0,masks/BCD_r0037_c0000.png,0.00000000
BCD_r0037_c0001,T1/BCD_r0037_c0001.png,T2/BCD_r0037_c0001.png,0,masks/BCD_r0037_c0001.png,0.00000000
BCD_r0037_c0002,T1/BCD_r0037_c0002.png,T2/BCD_r0037_c0002.png,0,masks/BCD_r0037_c0002.png,0.00000000
BCD_r0037_c0003,T1/BCD_r0037_c0003.png,T2/BCD_r0037_c0003.png,0,masks/BCD_r0037_c0003.png,0.00000000
BCD_r0037_c0004,T1/BCD_r0037_c0004.png,T2/BCD_r0037_c0004.png,0,masks/BCD_r0037_c0004.png,0.00000000
BCD_r0037_c0005,T1/BCD_r0037_c0005.png,T2/BCD_r0037_c0005.png,0,masks/BCD_r0037_c0005.png,0.00000000
BCD_r0037_c0006,T1/BCD_r0037_c0006.png,T2/BCD_r0037_c0006.png,0,masks/BCD_r0037_c0006.png,0.00000000
BCD_r0037_c0007,T1/BCD_r0037_c0007.png,T2/BCD_r0037_c0007.png,0,masks/BCD_r0037_c0007.png,0.00000000
BCD_r0037_c0008,T1/BCD_r0037_c0008.png,T2/BCD_r0037_c0008.png,0,masks/BCD_r0037_c0008.png,0.00000000
BCD_r0037_c0009,T1/BCD_r0037_c0009.png,T2/BCD_r0037_c0009.png,0,masks/BCD_r0037_c0009.png,0.00000000
BCD_r0037_c0010,T1/BCD_r0037_c0010.png,T2/BCD_r0037_c0010.png,0,masks/BCD_r0037_c0010.png,0.00000000
BCD_r0037_c0011,T1/BCD_r0037_c0011.png,T2/BCD_r0037_c0011.png,0,masks/BCD_r0037_c0011.png,0.00000000
BCD_r0037_c0012,T1/BCD_r0037_c0012.png,T2/BCD_r0037_c0012.png,1,masks/BCD_r0037_c0012.png,0.00055804
BCD_r0037_c0013,T1/BCD_r0037_c0013.png,T2/BCD_r0037_c0013.png,0,masks/BCD_r0037_c0013.png,0.00000000
BCD_r0037_c0014,T1/BCD_r0037_c0014.png,T2/BCD_r0037_c0014.png,0,masks/BCD_r0037_c0014.png,0.00000000
BCD_r0037_c0015,T1/BCD_r0037_c0015.png,T2/BCD_r0037_c0015.png,0,masks/BCD_r0037_c0015.png,0.00000000
BCD_r0037_c0016,T1/BCD_r0037_c0016.png,T2/BCD_r0037_c0016.png,0,masks/BCD_r0037_c0016.png,0.00000000
BCD_r0037_c0017,T1/BCD_r0037_c0017.png,T2/BCD_r0037_c0017.png,0,masks/BCD_r0037_c0017.png,0.00000000
BCD_r0037_c0018,T1/BCD_r0037_c0018.png,T2/BCD_r0037_c0018.png,0,masks/BCD_r0037_c0018.png,0.00000000
BCD_r0037_c0019,T1/BCD_r0037_c0019.png,T2/BCD_r0037_c0019.png,0,masks/BCD_r0037_c0019.png,0.00000000
BCD_r0037_c0020,T1/BCD_r0037_c0020.png,T2/BCD_r0037_c0020.png,0,masks/BCD_r0037_c0020.png,0.00000000
BCD_r0037_c0021,T1/BCD_r0037_c0021.png,T2/BCD_r0037_c0021.png,1,masks/BCD_r0037_c0021.png,0.11100925
BCD_r0037_c0022,T1/BCD_r0037_c0022.png,T2/BCD_r0037_c0022.png,1,masks/BCD_r0037_c0022.png,0.21942761
BCD_r0037_c0023,T1/BCD_r0037_c0023.png,T2/BCD_r0037_c0023.png,1,masks/BCD_r0037_c0023.png,0.10598693
BCD_r0037_c0024,T1/BCD_r0037_c0024.png,T2/BCD_r0037_c0024.png,0,masks/BCD_r0037_c0024.png,0.00000000
BCD_r0037_c0025,T1/BCD_r0037_c0025.png,T2/BCD_r0037_c0025.png,0,masks/BCD_r0037_c0025.png,0.00000000
BCD_r0037_c0026,T1/BCD_r0037_c0026.png,T2/BCD_r0037_c0026.png,0,masks/BCD_r0037_c0026.png,0.00000000
BCD_r0037_c0027,T1/BCD_r0037_c0027.png,T2/BCD_r0037_c0027.png,0,masks/BCD_r0037_c0027.png,0.00000000
BCD_r0037_c0028,T1/BCD_r0037_c0028.png,T2/BCD_r0037_c0028.png,0,masks/BCD_r0037_c0028.png,0.00000000
BCD_r0037_c0029,T1/BCD_r0037_c0029.png,T2/BCD_r0037_c0029.png,0,masks/BCD_r0037_c0029.png,0.00000000
BCD_r0037_c0030,T1/BCD_r0037_c0030.png,T2/BCD_r0037_c0030.png,0,masks/BCD_r0037_c0030.png,0.00000000
BCD_r0037_c0031,T1/BCD_r0037_c0031.png,T2/BCD_r0037_c0031.png,0,masks/BCD_r0037_c0031.png,0.00000000
BCD_r0037_c0032,T1/BCD_r0037_c0032.png,T2/BCD_r0037_c0032.png,1,masks/BCD_r0037_c0032.png,0.01863441
BCD_r0037_c0033,T1/BCD_r0037_c0033.png,T2/BCD_r0037_c0033.png,0,masks/BCD_r0037_c0033.png,0.00000000
BCD_r0037_c0034,T1/BCD_r0037_c0034.png,T2/BCD_r0037_c0034.png,0,masks/BCD_r0037_c0034.png,0.00000000
BCD_r0037_c0035,T1/BCD_r0037_c0035.png,T2/BCD_r0037_c0035.png,0,masks/BCD_r0037_c0035.png,0.00000000
BCD_r0037_c0036,T1/BCD_r0037_c0036.png,T2/BCD_r0037_c0036.png,0,masks/BCD_r0037_c0036.png,0.00000000
BCD_r0037_c0037,T1/BCD_r0037_c0037.png,T2/BCD_r0037_c0037.png,0,masks/BCD_r0037_c0037.png,0.00000000
BCD_r0037_c0038,T1/BCD_r0037_c0038.png,T2/BCD_r0037_c0038.png,0,masks/BCD_r0037_c0038.png,0.00000000
BCD_r0037_c0039,T1/BCD_r0037_c0039.png,T2/BCD_r0037_c0039.png,1,masks/BCD_r0037_c0039.png,0.01560507
BCD_r0037_c0040,T1/BCD_r0037_c0040.png,T2/BCD_r0037_c0040.png,0,masks/BCD_r0037_c0040.png,0.00000000
BCD_r0037_c0041,T1/BCD_r0037_c0041.png,T2/BCD_r0037_c0041.png,0,masks/BCD_r0037_c0041.png,0.00000000
BCD_r0037_c0042,T1/BCD_r0037_c0042.png,T2/BCD_r0037_c0042.png,0,masks/BCD_r0037_c0042.png,0.00000000
BCD_r0037_c0043,T1/BCD_r0037_c0043.png,T2/BCD_r0037_c0043.png,0,masks/BCD_r0037_c0043.png,0.00000000
BCD_r0037_c0044,T1/BCD_r0037_c0044.png,T2/BCD_r0037_c0044.png,0,masks/BCD_r0037_c0044.png,0.00000000
BCD_r0037_c0045,T1/BCD_r0037_c0045.png,T2/BCD_r0037_c0045.png,0,masks/BCD_r0037_c0045.png,0.00000000
BCD_r0037_c0046,T1/BCD_r0037_c0046.png,T2/BCD_r0037_c0046.png,0,masks/BCD_r0037_c0046.png,0.00000000
BCD_r0037_c0047,T1/BCD_r0037_c0047.png,T2/BCD_r0037_c0047.png,0,masks/BCD_r0037_c0047.png,0.00000000
BCD_r0037_c0048,T1/BCD_r0037_c0048.png,T2/BCD_r0037_c0048.png,0,masks/BCD_r0037_c0048.png,0.00000000
BCD_r0037_c0049,T1/BCD_r0037_c0049.png,T2/BCD_r0037_c0049.png,0,masks/BCD_r0037_c0049.png,0.00000000
BCD_r0037_c0050,T1/BCD_r0037_c0050.png,T2/BCD_r0037_c0050.png,1,masks/BCD_r0037_c0050.png,0.01963090
BCD_r0037_c0051,T1/BCD_r0037_c0051.png,T2/BCD_r0037_c0051.png,0,masks/BCD_r0037_c0051.png,0.00000000
BCD_r0037_c0052,T1/BCD_r0037_c0052.png,T2/BCD_r0037_c0052.png,0,masks/BCD_r0037_c0052.png,0.00000000
BCD_r0037_c0053,T1/BCD_r0037_c0053.png,T2/BCD_r0037_c0053.png,0,masks/BCD_r0037_c0053.png,0.00000000
BCD_r0037_c0054,T1/BCD_r0037_c0054.png,T2/BCD_r0037_c0054.png,1,masks/BCD_r0037_c0054.png,0.00880899
BCD_r0037_c0055,T1/BCD_r0037_c0055.png,T2/BCD_r0037_c0055.png,0,masks/BCD_r0037_c0055.png,0.00000000
BCD_r0037_c0056,T1/BCD_r0037_c0056.png,T2/BCD_r0037_c0056.png,0,masks/BCD_r0037_c0056.png,0.00000000
BCD_r0037_c0057,T1/BCD_r0037_c0057.png,T2/BCD_r0037_c0057.png,0,masks/BCD_r0037_c0057.png,0.00000000
BCD_r0037_c0058,T1/BCD_r0037_c0058.png,T2/BCD_r0037_c0058.png,0,masks/BCD_r0037_c0058.png,0.00000000
BCD_r0037_c0059,T1/BCD_r0037_c0059.png,T2/BCD_r0037_c0059.png,0,masks/BCD_r0037_c0059.png,0.00000000
BCD_r0037_c0060,T1/BCD_r0037_c0060.png,T2/BCD_r0037_c0060.png,0,masks/BCD_r0037_c0060.png,0.00000000
BCD_r0037_c0061,T1/BCD_r0037_c0061.png,T2/BCD_r0037_c0061.png,0,masks/BCD_r0037_c0061.png,0.00000000
BCD_r0037_c0062,T1/BCD_r0037_c0062.png,T2/BCD_r0037_c0062.png,0,masks/BCD_r0037_c0062.png,0.00000000
BCD_r0037_c0063,T1/BCD_r0037_c0063.png,T2/BCD_r0037_c0063.png,0,masks/BCD_r0037_c0063.png,0.00000000
BCD_r0037_c0064,T1/BCD_r0037_c0064.png,T2/BCD_r0037_c0064.png,0,masks/BCD_r0037_c0064.png,0.00000000
BCD_r0037_c0065,T1/BCD_r0037_c0065.png,T2/BCD_r0037_c0065.png,1,masks/BCD_r0037_c0065.png,0.06395488
BCD_r0037_c0066,T1/BCD_r0037_c0066.png,T2/BCD_r0037_c0066.png,1,masks/BCD_r0037_c0066.png,0.35947465
BCD_r0037_c0067,T1/BCD_r0037_c0067.png,T2/BCD_r0037_c0067.png,1,masks/BCD_r0037_c0067.png,0.16358418
BCD_r0037_c0068,T1/BCD_r0037_c0068.png,T2/BCD_r0037_c0068.png,1,masks/BCD_r0037_c0068.png,0.21000080
BCD_r0037_c0069,T1/BCD_r0037_c0069.png,T2/BCD_r0037_c0069.png,1,masks/BCD_r0037_c0069.png,0.16109295
BCD_r0037_c0070,T1/BCD_r0037_c0070.png,T2/BCD_r0037_c0070.png,1,masks/BCD_r0037_c0070.png,0.07920121
BCD_r0037_c0071,T1/BCD_r0037_c0071.png,T2/BCD_r0037_c0071.png,1,masks/BCD_r0037_c0071.png,0.10297752
BCD_r0037_c0072,T1/BCD_r0037_c0072.png,T2/BCD_r0037_c0072.png,1,masks/BCD_r0037_c0072.png,0.02124522
BCD_r0037_c0073,T1/BCD_r0037_c0073.png,T2/BCD_r0037_c0073.png,1,masks/BCD_r0037_c0073.png,0.16922433
BCD_r0037_c0074,T1/BCD_r0037_c0074.png,T2/BCD_r0037_c0074.png,1,masks/BCD_r0037_c0074.png,0.47749920
BCD_r0037_c0075,T1/BCD_r0037_c0075.png,T2/BCD_r0037_c0075.png,1,masks/BCD_r0037_c0075.png,0.16238839
BCD_r0037_c0076,T1/BCD_r0037_c0076.png,T2/BCD_r0037_c0076.png,1,masks/BCD_r0037_c0076.png,0.29547991
BCD_r0037_c0077,T1/BCD_r0037_c0077.png,T2/BCD_r0037_c0077.png,1,masks/BCD_r0037_c0077.png,0.48561065
BCD_r0037_c0078,T1/BCD_r0037_c0078.png,T2/BCD_r0037_c0078.png,1,masks/BCD_r0037_c0078.png,0.33862803
BCD_r0037_c0079,T1/BCD_r0037_c0079.png,T2/BCD_r0037_c0079.png,1,masks/BCD_r0037_c0079.png,0.32447784
BCD_r0037_c0080,T1/BCD_r0037_c0080.png,T2/BCD_r0037_c0080.png,1,masks/BCD_r0037_c0080.png,0.31624681
BCD_r0037_c0081,T1/BCD_r0037_c0081.png,T2/BCD_r0037_c0081.png,1,masks/BCD_r0037_c0081.png,0.45906409
BCD_r0037_c0082,T1/BCD_r0037_c0082.png,T2/BCD_r0037_c0082.png,1,masks/BCD_r0037_c0082.png,0.30978954
BCD_r0037_c0083,T1/BCD_r0037_c0083.png,T2/BCD_r0037_c0083.png,1,masks/BCD_r0037_c0083.png,0.33051658
BCD_r0037_c0084,T1/BCD_r0037_c0084.png,T2/BCD_r0037_c0084.png,1,masks/BCD_r0037_c0084.png,0.09161751
BCD_r0037_c0085,T1/BCD_r0037_c0085.png,T2/BCD_r0037_c0085.png,1,masks/BCD_r0037_c0085.png,0.29396524
BCD_r0037_c0086,T1/BCD_r0037_c0086.png,T2/BCD_r0037_c0086.png,1,masks/BCD_r0037_c0086.png,0.21597975
BCD_r0037_c0087,T1/BCD_r0037_c0087.png,T2/BCD_r0037_c0087.png,0,masks/BCD_r0037_c0087.png,0.00000000
BCD_r0037_c0088,T1/BCD_r0037_c0088.png,T2/BCD_r0037_c0088.png,0,masks/BCD_r0037_c0088.png,0.00000000
BCD_r0037_c0089,T1/BCD_r0037_c0089.png,T2/BCD_r0037_c0089.png,1,masks/BCD_r0037_c0089.png,0.11900112
BCD_r0037_c0090,T1/BCD_r0037_c0090.png,T2/BCD_r0037_c0090.png,1,masks/BCD_r0037_c0090.png,0.74828603
BCD_r0037_c0091,T1/BCD_r0037_c0091.png,T2/BCD_r0037_c0091.png,1,masks/BCD_r0037_c0091.png,0.87601642
BCD_r0037_c0092,T1/BCD_r0037_c0092.png,T2/BCD_r0037_c0092.png,1,masks/BCD_r0037_c0092.png,0.04601802
BCD_r0037_c0093,T1/BCD_r0037_c0093.png,T2/BCD_r0037_c0093.png,1,masks/BCD_r0037_c0093.png,0.18166055
BCD_r0037_c0094,T1/BCD_r0037_c0094.png,T2/BCD_r0037_c0094.png,1,masks/BCD_r0037_c0094.png,0.06459263
BCD_r0037_c0095,T1/BCD_r0037_c0095.png,T2/BCD_r0037_c0095.png,0,masks/BCD_r0037_c0095.png,0.00000000
BCD_r0037_c0096,T1/BCD_r0037_c0096.png,T2/BCD_r0037_c0096.png,1,masks/BCD_r0037_c0096.png,0.11539381
BCD_r0037_c0097,T1/BCD_r0037_c0097.png,T2/BCD_r0037_c0097.png,1,masks/BCD_r0037_c0097.png,0.05825494
BCD_r0037_c0098,T1/BCD_r0037_c0098.png,T2/BCD_r0037_c0098.png,1,masks/BCD_r0037_c0098.png,0.37392379
BCD_r0037_c0099,T1/BCD_r0037_c0099.png,T2/BCD_r0037_c0099.png,1,masks/BCD_r0037_c0099.png,0.17592076
BCD_r0037_c0100,T1/BCD_r0037_c0100.png,T2/BCD_r0037_c0100.png,0,masks/BCD_r0037_c0100.png,0.00000000
BCD_r0037_c0101,T1/BCD_r0037_c0101.png,T2/BCD_r0037_c0101.png,1,masks/BCD_r0037_c0101.png,0.09245456
BCD_r0037_c0102,T1/BCD_r0037_c0102.png,T2/BCD_r0037_c0102.png,0,masks/BCD_r0037_c0102.png,0.00000000
BCD_r0037_c0103,T1/BCD_r0037_c0103.png,T2/BCD_r0037_c0103.png,0,masks/BCD_r0037_c0103.png,0.00000000
BCD_r0037_c0104,T1/BCD_r0037_c0104.png,T2/BCD_r0037_c0104.png,0,masks/BCD_r0037_c0104.png,0.00000000
BCD_r0037_c0105,T1/BCD_r0037_c0105.png,T2/BCD_r0037_c0105.png,0,masks/BCD_r0037_c0105.png,0.00000000
BCD_r0037_c0106,T1/BCD_r0037_c0106.png,T2/BCD_r0037_c0106.png,1,masks/BCD_r0037_c0106.png,0.04498166
BCD_r0037_c0107,T1/BCD_r0037_c0107.png,T2/BCD_r0037_c0107.png,1,masks/BCD_r0037_c0107.png,0.16617506
BCD_r0037_c0108,T1/BCD_r0037_c0108.png,T2/BCD_r0037_c0108.png,0,masks/BCD_r0037_c0108.png,0.00000000
BCD_r0037_c0109,T1/BCD_r0037_c0109.png,T2/BCD_r0037_c0109.png,0,masks/BCD_r0037_c0109.png,0.00000000
BCD_r0037_c0110,T1/BCD_r0037_c0110.png,T2/BCD_r0037_c0110.png,0,masks/BCD_r0037_c0110.png,0.00000000
BCD_r0037_c0111,T1/BCD_r0037_c0111.png,T2/BCD_r0037_c0111.png,0,masks/BCD_r0037_c0111.png,0.00000000
BCD_r0037_c0112,T1/BCD_r0037_c0112.png,T2/BCD_r0037_c0112.png,0,masks/BCD_r0037_c0112.png,0.00000000
BCD_r0037_c0113,T1/BCD_r0037_c0113.png,T2/BCD_r0037_c0113.png,0,masks/BCD_r0037_c0113.png,0.00000000
BCD_r0037_c0114,T1/BCD_r0037_c0114.png,T2/BCD_r0037_c0114.png,0,masks/BCD_r0037_c0114.png,0.00000000
BCD_r0037_c0115,T1/BCD_r0037_c0115.png,T2/BCD_r0037_c0115.png,0,masks/BCD_r0037_c0115.png,0.00000000
BCD_r0037_c0116,T1/BCD_r0037_c0116.png,T2/BCD_r0037_c0116.png,0,masks/BCD_r0037_c0116.png,0.00000000
BCD_r0037_c0117,T1/BCD_r0037_c0117.png,T2/BCD_r0037_c0117.png,0,masks/BCD_r0037_c0117.png,0.00000000
BCD_r0037_c0118,T1/BCD_r0037_c0118.png,T2/BCD_r0037_c0118.png,0,masks/BCD_r0037_c0118.png,0.00000000
BCD_r0037_c0119,T1/BCD_r0037_c0119.png,T2/BCD_r0037_c0119.png,0,masks/BCD_r0037_c0119.png,0.00000000
BCD_r0037_c0120,T1/BCD_r0037_c0120.png,T2/BCD_r0037_c0120.png,0,masks/BCD_r0037_c0120.png,0.00000000
BCD_r0037_c0121,T1/BCD_r0037_c0121.png,T2/BCD_r0037_c0121.png,0,masks/BCD_r0037_c0121.png,0.00000000
BCD_r0037_c0122,T1/BCD_r0037_c0122.png,T2/BCD_r0037_c0122.png,0,masks/BCD_r0037_c0122.png,0.00000000
BCD_r0037_c0123,T1/BCD_r0037_c0123.png,T2/BCD_r0037_c0123.png,0,masks/BCD_r0037_c0123.png,0.00000000
BCD_r0037_c0124,T1/BCD_r0037_c0124.png,T2/BCD_r0037_c0124.png,0,masks/BCD_r0037_c0124.png,0.00000000
BCD_r0037_c0125,T1/BCD_r0037_c0125.png,T2/BCD_r0037_c0125.png,0,masks/BCD_r0037_c0125.png,0.00000000
BCD_r0037_c0126,T1/BCD_r0037_c0126.png,T2/BCD_r0037_c0126.png,0,masks/BCD_r0037_c0126.png,0.00000000
BCD_r0037_c0127,T1/BCD_r0037_c0127.png,T2/BCD_r0037_c0127.png,1,masks/BCD_r0037_c0127.png,0.11714764
BCD_r0037_c0128,T1/BCD_r0037_c0128.png,T2/BCD_r0037_c0128.png,1,masks/BCD_r0037_c0128.png,0.02002950
BCD_r0037_c0129,T1/BCD_r0037_c0129.png,T2/BCD_r0037_c0129.png,0,masks/BCD_r0037_c0129.png,0.00000000
BCD_r0037_c0130,T1/BCD_r0037_c0130.png,T2/BCD_r0037_c0130.png,0,masks/BCD_r0037_c0130.png,0.00000000
BCD_r0037_c0131,T1/BCD_r0037_c0131.png,T2/BCD_r0037_c0131.png,0,masks/BCD_r0037_c0131.png,0.00000000
BCD_r0037_c0132,T1/BCD_r0037_c0132.png,T2/BCD_r0037_c0132.png,0,masks/BCD_r0037_c0132.png,0.00000000
BCD_r0037_c0133,T1/BCD_r0037_c0133.png,T2/BCD_r0037_c0133.png,0,masks/BCD_r0037_c0133.png,0.00000000
BCD_r0037_c0134,T1/BCD_r0037_c0134.png,T2/BCD_r0037_c0134.png,0,masks/BCD_r0037_c0134.png,0.00000000
BCD_r0037_c0135,T1/BCD_r0037_c0135.png,T2/BCD_r0037_c0135.png,0,masks/BCD_r0037_c0135.png,0.00000000
BCD_r0037_c0136,T1/BCD_r0037_c0136.png,T2/BCD_r0037_c0136.png,0,masks/BCD_r0037_c0136.png,0.00000000
BCD_r0037_c0137,T1/BCD_r0037_c0137.png,T2/BCD_r0037_c0137.png,0,masks/BCD_r0037_c0137.png,0.00000000
BCD_r0037_c0138,T1/BCD_r0037_c0138.png,T2/BCD_r0037_c0138.png,0,masks/BCD_r0037_c0138.png,0.00000000
BCD_r0037_c0139,T1/BCD_r0037_c0139.png,T2/BCD_r0037_c0139.png,0,masks/BCD_r0037_c0139.png,0.00000000
BCD_r0037_c0140,T1/BCD_r0037_c0140.png,T2/BCD_r0037_c0140.png,0,masks/BCD_r0037_c0140.png,0.00000000
BCD_r0037_c0141,T1/BCD_r0037_c0141.png,T2/BCD_r0037_c0141.png,0,masks/BCD_r0037_c0141.png,0.00000000
BCD_r0037_c0142,T1/BCD_r0037_c0142.png,T2/BCD_r0037_c0142.png,0,masks/BCD_r0037_c0142.png,0.00000000
BCD_r0037_c0143,T1/BCD_r0037_c0143.png,T2/BCD_r0037_c0143.png,0,masks/BCD_r0037_c0143.png,0.00000000
BCD_r0037_c0144,T1/BCD_r0037_c0144.png,T2/BCD_r0037_c0144.png,0,masks/BCD_r0037_c0144.png,0.00000000
BCD_r0038_c0000,T1/BCD_r0038_c0000.png,T2/BCD_r0038_c0000.png,0,masks/BCD_r0038_c0000.png,0.00000000
BCD_r0038_c0001,T1/BCD_r0038_c0001.png,T2/BCD_r0038_c0001.png,0,masks/BCD_r0038_c0001.png,0.00000000
BCD_r0038_c0002,T1/BCD_r0038_c0002.png,T2/BCD_r0038_c0002.png,0,masks/BCD_r0038_c0002.png,0.00000000
BCD_r0038_c0003,T1/BCD_r0038_c0003.png,T2/BCD_r0038_c0003.png,0,masks/BCD_r0038_c0003.png,0.00000000
BCD_r0038_c0004,T1/BCD_r0038_c0004.png,T2/BCD_r0038_c0004.png,0,masks/BCD_r0038_c0004.png,0.00000000
BCD_r0038_c0005,T1/BCD_r0038_c0005.png,T2/BCD_r0038_c0005.png,0,masks/BCD_r0038_c0005.png,0.00000000
BCD_r0038_c0006,T1/BCD_r0038_c0006.png,T2/BCD_r0038_c0006.png,0,masks/BCD_r0038_c0006.png,0.00000000
BCD_r0038_c0007,T1/BCD_r0038_c0007.png,T2/BCD_r0038_c0007.png,0,masks/BCD_r0038_c0007.png,0.00000000
BCD_r0038_c0008,T1/BCD_r0038_c0008.png,T2/BCD_r0038_c0008.png,0,masks/BCD_r0038_c0008.png,0.00000000
BCD_r0038_c0009,T1/BCD_r0038_c0009.png,T2/BCD_r0038_c0009.png,0,masks/BCD_r0038_c0009.png,0.00000000
BCD_r0038_c0010,T1/BCD_r0038_c0010.png,T2/BCD_r0038_c0010.png,0,masks/BCD_r0038_c0010.png,0.00000000
BCD_r0038_c0011,T1/BCD_r0038_c0011.png,T2/BCD_r0038_c0011.png,0,masks/BCD_r0038_c0011.png,0.00000000
BCD_r0038_c0012,T1/BCD_r0038_c0012.png,T2/BCD_r0038_c0012.png,1,masks/BCD_r0038_c0012.png,0.02903779
BCD_r0038_c0013,T1/BCD_r0038_c0013.png,T2/BCD_r0038_c0013.png,0,masks/BCD_r0038_c0013.png,0.00000000
BCD_r0038_c0014,T1/BCD_r0038_c0014.png,T2/BCD_r0038_c0014.png,0,masks/BCD_r0038_c0014.png,0.00000000
BCD_r0038_c0015,T1/BCD_r0038_c0015.png,T2/BCD_r0038_c0015.png,0,masks/BCD_r0038_c0015.png,0.00000000
BCD_r0038_c0016,T1/BCD_r0038_c0016.png,T2/BCD_r0038_c0016.png,0,masks/BCD_r0038_c0016.png,0.00000000
BCD_r0038_c0017,T1/BCD_r0038_c0017.png,T2/BCD_r0038_c0017.png,0,masks/BCD_r0038_c0017.png,0.00000000
BCD_r0038_c0018,T1/BCD_r0038_c0018.png,T2/BCD_r0038_c0018.png,0,masks/BCD_r0038_c0018.png,0.00000000
BCD_r0038_c0019,T1/BCD_r0038_c0019.png,T2/BCD_r0038_c0019.png,0,masks/BCD_r0038_c0019.png,0.00000000
BCD_r0038_c0020,T1/BCD_r0038_c0020.png,T2/BCD_r0038_c0020.png,0,masks/BCD_r0038_c0020.png,0.00000000
BCD_r0038_c0021,T1/BCD_r0038_c0021.png,T2/BCD_r0038_c0021.png,1,masks/BCD_r0038_c0021.png,0.23345823
BCD_r0038_c0022,T1/BCD_r0038_c0022.png,T2/BCD_r0038_c0022.png,1,masks/BCD_r0038_c0022.png,0.03437899
BCD_r0038_c0023,T1/BCD_r0038_c0023.png,T2/BCD_r0038_c0023.png,1,masks/BCD_r0038_c0023.png,0.11300223
BCD_r0038_c0024,T1/BCD_r0038_c0024.png,T2/BCD_r0038_c0024.png,0,masks/BCD_r0038_c0024.png,0.00000000
BCD_r0038_c0025,T1/BCD_r0038_c0025.png,T2/BCD_r0038_c0025.png,0,masks/BCD_r0038_c0025.png,0.00000000
BCD_r0038_c0026,T1/BCD_r0038_c0026.png,T2/BCD_r0038_c0026.png,0,masks/BCD_r0038_c0026.png,0.00000000
BCD_r0038_c0027,T1/BCD_r0038_c0027.png,T2/BCD_r0038_c0027.png,0,masks/BCD_r0038_c0027.png,0.00000000
BCD_r0038_c0028,T1/BCD_r0038_c0028.png,T2/BCD_r0038_c0028.png,0,masks/BCD_r0038_c0028.png,0.00000000
BCD_r0038_c0029,T1/BCD_r0038_c0029.png,T2/BCD_r0038_c0029.png,0,masks/BCD_r0038_c0029.png,0.00000000
BCD_r0038_c0030,T1/BCD_r0038_c0030.png,T2/BCD_r0038_c0030.png,0,masks/BCD_r0038_c0030.png,0.00000000
BCD_r0038_c0031,T1/BCD_r0038_c0031.png,T2/BCD_r0038_c0031.png,0,masks/BCD_r0038_c0031.png,0.00000000
BCD_r0038_c0032,T1/BCD_r0038_c0032.png,T2/BCD_r0038_c0032.png,0,masks/BCD_r0038_c0032.png,0.00000000
BCD_r0038_c0033,T1/BCD_r0038_c0033.png,T2/BCD_r0038_c0033.png,0,masks/BCD_r0038_c0033.png,0.00000000
BCD_r0038_c0034,T1/BCD_r0038_c0034.png,T2/BCD_r0038_c0034.png,0,masks/BCD_r0038_c0034.png,0.00000000
BCD_r0038_c0035,T1/BCD_r0038_c0035.png,T2/BCD_r0038_c0035.png,0,masks/BCD_r0038_c0035.png,0.00000000
BCD_r0038_c0036,T1/BCD_r0038_c0036.png,T2/BCD_r0038_c0036.png,0,masks/BCD_r0038_c0036.png,0.00000000
BCD_r0038_c0037,T1/BCD_r0038_c0037.png,T2/BCD_r0038_c0037.png,0,masks/BCD_r0038_c0037.png,0.00000000
BCD_r0038_c0038,T1/BCD_r0038_c0038.png,T2/BCD_r0038_c0038.png,0,masks/BCD_r0038_c0038.png,0.00000000
BCD_r0038_c0039,T1/BCD_r0038_c0039.png,T2/BCD_r0038_c0039.png,0,masks/BCD_r0038_c0039.png,0.00000000
BCD_r0038_c0040,T1/BCD_r0038_c0040.png,T2/BCD_r0038_c0040.png,0,masks/BCD_r0038_c0040.png,0.00000000
BCD_r0038_c0041,T1/BCD_r0038_c0041.png,T2/BCD_r0038_c0041.png,0,masks/BCD_r0038_c0041.png,0.00000000
BCD_r0038_c0042,T1/BCD_r0038_c0042.png,T2/BCD_r0038_c0042.png,0,masks/BCD_r0038_c0042.png,0.00000000
BCD_r0038_c0043,T1/BCD_r0038_c0043.png,T2/BCD_r0038_c0043.png,0,masks/BCD_r0038_c0043.png,0.00000000
BCD_r0038_c0044,T1/BCD_r0038_c0044.png,T2/BCD_r0038_c0044.png,0,masks/BCD_r0038_c0044.png,0.00000000
BCD_r0038_c0045,T1/BCD_r0038_c0045.png,T2/BCD_r0038_c0045.png,0,masks/BCD_r0038_c0045.png,0.00000000
BCD_r0038_c0046,T1/BCD_r0038_c0046.png,T2/BCD_r0038_c0046.png,1,masks/BCD_r0038_c0046.png,0.01885364
BCD_r0038_c0047,T1/BCD_r0038_c0047.png,T2/BCD_r0038_c0047.png,0,masks/BCD_r0038_c0047.png,0.00000000
BCD_r0038_c0048,T1/BCD_r0038_c0048.png,T2/BCD_r0038_c0048.png,0,masks/BCD_r0038_c0048.png,0.00000000
BCD_r0038_c0049,T1/BCD_r0038_c0049.png,T2/BCD_r0038_c0049.png,0,masks/BCD_r0038_c0049.png,0.00000000
BCD_r0038_c0050,T1/BCD_r0038_c0050.png,T2/BCD_r0038_c0050.png,1,masks/BCD_r0038_c0050.png,0.10393415
BCD_r0038_c0051,T1/BCD_r0038_c0051.png,T2/BCD_r0038_c0051.png,1,masks/BCD_r0038_c0051.png,0.00003986
BCD_r0038_c0052,T1/BCD_r0038_c0052.png,T2/BCD_r0038_c0052.png,0,masks/BCD_r0038_c0052.png,0.00000000
BCD_r0038_c0053,T1/BCD_r0038_c0053.png,T2/BCD_r0038_c0053.png,0,masks/BCD_r0038_c0053.png,0.00000000
BCD_r0038_c0054,T1/BCD_r0038_c0054.png,T2/BCD_r0038_c0054.png,1,masks/BCD_r0038_c0054.png,0.00145488
BCD_r0038_c0055,T1/BCD_r0038_c0055.png,T2/BCD_r0038_c0055.png,0,masks/BCD_r0038_c0055.png,0.00000000
BCD_r0038_c0056,T1/BCD_r0038_c0056.png,T2/BCD_r0038_c0056.png,0,masks/BCD_r0038_c0056.png,0.00000000
BCD_r0038_c0057,T1/BCD_r0038_c0057.png,T2/BCD_r0038_c0057.png,0,masks/BCD_r0038_c0057.png,0.00000000
BCD_r0038_c0058,T1/BCD_r0038_c0058.png,T2/BCD_r0038_c0058.png,0,masks/BCD_r0038_c0058.png,0.00000000
BCD_r0038_c0059,T1/BCD_r0038_c0059.png,T2/BCD_r0038_c0059.png,0,masks/BCD_r0038_c0059.png,0.00000000
BCD_r0038_c0060,T1/BCD_r0038_c0060.png,T2/BCD_r0038_c0060.png,0,masks/BCD_r0038_c0060.png,0.00000000
BCD_r0038_c0061,T1/BCD_r0038_c0061.png,T2/BCD_r0038_c0061.png,0,masks/BCD_r0038_c0061.png,0.00000000
BCD_r0038_c0062,T1/BCD_r0038_c0062.png,T2/BCD_r0038_c0062.png,0,masks/BCD_r0038_c0062.png,0.00000000
BCD_r0038_c0063,T1/BCD_r0038_c0063.png,T2/BCD_r0038_c0063.png,0,masks/BCD_r0038_c0063.png,0.00000000
BCD_r0038_c0064,T1/BCD_r0038_c0064.png,T2/BCD_r0038_c0064.png,0,masks/BCD_r0038_c0064.png,0.00000000
BCD_r0038_c0065,T1/BCD_r0038_c0065.png,T2/BCD_r0038_c0065.png,0,masks/BCD_r0038_c0065.png,0.00000000
BCD_r0038_c0066,T1/BCD_r0038_c0066.png,T2/BCD_r0038_c0066.png,1,masks/BCD_r0038_c0066.png,0.17663823
BCD_r0038_c0067,T1/BCD_r0038_c0067.png,T2/BCD_r0038_c0067.png,1,masks/BCD_r0038_c0067.png,0.34090003
BCD_r0038_c0068,T1/BCD_r0038_c0068.png,T2/BCD_r0038_c0068.png,1,masks/BCD_r0038_c0068.png,0.35429289
BCD_r0038_c0069,T1/BCD_r0038_c0069.png,T2/BCD_r0038_c0069.png,1,masks/BCD_r0038_c0069.png,0.33217076
BCD_r0038_c0070,T1/BCD_r0038_c0070.png,T2/BCD_r0038_c0070.png,1,masks/BCD_r0038_c0070.png,0.09789541
BCD_r0038_c0071,T1/BCD_r0038_c0071.png,T2/BCD_r0038_c0071.png,1,masks/BCD_r0038_c0071.png,0.10407366
BCD_r0038_c0072,T1/BCD_r0038_c0072.png,T2/BCD_r0038_c0072.png,1,masks/BCD_r0038_c0072.png,0.23672672
BCD_r0038_c0073,T1/BCD_r0038_c0073.png,T2/BCD_r0038_c0073.png,1,masks/BCD_r0038_c0073.png,0.46209343
BCD_r0038_c0074,T1/BCD_r0038_c0074.png,T2/BCD_r0038_c0074.png,1,masks/BCD_r0038_c0074.png,0.24011480
BCD_r0038_c0075,T1/BCD_r0038_c0075.png,T2/BCD_r0038_c0075.png,1,masks/BCD_r0038_c0075.png,0.34215561
BCD_r0038_c0076,T1/BCD_r0038_c0076.png,T2/BCD_r0038_c0076.png,1,masks/BCD_r0038_c0076.png,0.25029895
BCD_r0038_c0077,T1/BCD_r0038_c0077.png,T2/BCD_r0038_c0077.png,1,masks/BCD_r0038_c0077.png,0.26251594
BCD_r0038_c0078,T1/BCD_r0038_c0078.png,T2/BCD_r0038_c0078.png,1,masks/BCD_r0038_c0078.png,0.37027663
BCD_r0038_c0079,T1/BCD_r0038_c0079.png,T2/BCD_r0038_c0079.png,1,masks/BCD_r0038_c0079.png,0.44345902
BCD_r0038_c0080,T1/BCD_r0038_c0080.png,T2/BCD_r0038_c0080.png,1,masks/BCD_r0038_c0080.png,0.07808514
BCD_r0038_c0081,T1/BCD_r0038_c0081.png,T2/BCD_r0038_c0081.png,1,masks/BCD_r0038_c0081.png,0.00095663
BCD_r0038_c0082,T1/BCD_r0038_c0082.png,T2/BCD_r0038_c0082.png,1,masks/BCD_r0038_c0082.png,0.11874203
BCD_r0038_c0083,T1/BCD_r0038_c0083.png,T2/BCD_r0038_c0083.png,1,masks/BCD_r0038_c0083.png,0.46522242
BCD_r0038_c0084,T1/BCD_r0038_c0084.png,T2/BCD_r0038_c0084.png,1,masks/BCD_r0038_c0084.png,0.33342634
BCD_r0038_c0085,T1/BCD_r0038_c0085.png,T2/BCD_r0038_c0085.png,1,masks/BCD_r0038_c0085.png,0.01207749
BCD_r0038_c0086,T1/BCD_r0038_c0086.png,T2/BCD_r0038_c0086.png,1,masks/BCD_r0038_c0086.png,0.02387596
BCD_r0038_c0087,T1/BCD_r0038_c0087.png,T2/BCD_r0038_c0087.png,0,masks/BCD_r0038_c0087.png,0.00000000
BCD_r0038_c0088,T1/BCD_r0038_c0088.png,T2/BCD_r0038_c0088.png,0,masks/BCD_r0038_c0088.png,0.00000000
BCD_r0038_c0089,T1/BCD_r0038_c0089.png,T2/BCD_r0038_c0089.png,1,masks/BCD_r0038_c0089.png,0.04870855
BCD_r0038_c0090,T1/BCD_r0038_c0090.png,T2/BCD_r0038_c0090.png,1,masks/BCD_r0038_c0090.png,0.24585459
BCD_r0038_c0091,T1/BCD_r0038_c0091.png,T2/BCD_r0038_c0091.png,1,masks/BCD_r0038_c0091.png,0.40104831
BCD_r0038_c0092,T1/BCD_r0038_c0092.png,T2/BCD_r0038_c0092.png,1,masks/BCD_r0038_c0092.png,0.00251116
BCD_r0038_c0093,T1/BCD_r0038_c0093.png,T2/BCD_r0038_c0093.png,1,masks/BCD_r0038_c0093.png,0.36427774
BCD_r0038_c0094,T1/BCD_r0038_c0094.png,T2/BCD_r0038_c0094.png,1,masks/BCD_r0038_c0094.png,0.33508052
BCD_r0038_c0095,T1/BCD_r0038_c0095.png,T2/BCD_r0038_c0095.png,1,masks/BCD_r0038_c0095.png,0.14857701
BCD_r0038_c0096,T1/BCD_r0038_c0096.png,T2/BCD_r0038_c0096.png,1,masks/BCD_r0038_c0096.png,0.09115912
BCD_r0038_c0097,T1/BCD_r0038_c0097.png,T2/BCD_r0038_c0097.png,0,masks/BCD_r0038_c0097.png,0.00000000
BCD_r0038_c0098,T1/BCD_r0038_c0098.png,T2/BCD_r0038_c0098.png,1,masks/BCD_r0038_c0098.png,0.04585858
BCD_r0038_c0099,T1/BCD_r0038_c0099.png,T2/BCD_r0038_c0099.png,1,masks/BCD_r0038_c0099.png,0.02596859
BCD_r0038_c0100,T1/BCD_r0038_c0100.png,T2/BCD_r0038_c0100.png,1,masks/BCD_r0038_c0100.png,0.08753189
BCD_r0038_c0101,T1/BCD_r0038_c0101.png,T2/BCD_r0038_c0101.png,1,masks/BCD_r0038_c0101.png,0.11967873
BCD_r0038_c0102,T1/BCD_r0038_c0102.png,T2/BCD_r0038_c0102.png,1,masks/BCD_r0038_c0102.png,0.01440928
BCD_r0038_c0103,T1/BCD_r0038_c0103.png,T2/BCD_r0038_c0103.png,0,masks/BCD_r0038_c0103.png,0.00000000
BCD_r0038_c0104,T1/BCD_r0038_c0104.png,T2/BCD_r0038_c0104.png,0,masks/BCD_r0038_c0104.png,0.00000000
BCD_r0038_c0105,T1/BCD_r0038_c0105.png,T2/BCD_r0038_c0105.png,0,masks/BCD_r0038_c0105.png,0.00000000
BCD_r0038_c0106,T1/BCD_r0038_c0106.png,T2/BCD_r0038_c0106.png,0,masks/BCD_r0038_c0106.png,0.00000000
BCD_r0038_c0107,T1/BCD_r0038_c0107.png,T2/BCD_r0038_c0107.png,0,masks/BCD_r0038_c0107.png,0.00000000
BCD_r0038_c0108,T1/BCD_r0038_c0108.png,T2/BCD_r0038_c0108.png,0,masks/BCD_r0038_c0108.png,0.00000000
BCD_r0038_c0109,T1/BCD_r0038_c0109.png,T2/BCD_r0038_c0109.png,0,masks/BCD_r0038_c0109.png,0.00000000
BCD_r0038_c0110,T1/BCD_r0038_c0110.png,T2/BCD_r0038_c0110.png,0,masks/BCD_r0038_c0110.png,0.00000000
BCD_r0038_c0111,T1/BCD_r0038_c0111.png,T2/BCD_r0038_c0111.png,0,masks/BCD_r0038_c0111.png,0.00000000
BCD_r0038_c0112,T1/BCD_r0038_c0112.png,T2/BCD_r0038_c0112.png,0,masks/BCD_r0038_c0112.png,0.00000000
BCD_r0038_c0113,T1/BCD_r0038_c0113.png,T2/BCD_r0038_c0113.png,0,masks/BCD_r0038_c0113.png,0.00000000
BCD_r0038_c0114,T1/BCD_r0038_c0114.png,T2/BCD_r0038_c0114.png,0,masks/BCD_r0038_c0114.png,0.00000000
BCD_r0038_c0115,T1/BCD_r0038_c0115.png,T2/BCD_r0038_c0115.png,0,masks/BCD_r0038_c0115.png,0.00000000
BCD_r0038_c0116,T1/BCD_r0038_c0116.png,T2/BCD_r0038_c0116.png,0,masks/BCD_r0038_c0116.png,0.00000000
BCD_r0038_c0117,T1/BCD_r0038_c0117.png,T2/BCD_r0038_c0117.png,0,masks/BCD_r0038_c0117.png,0.00000000
BCD_r0038_c0118,T1/BCD_r0038_c0118.png,T2/BCD_r0038_c0118.png,0,masks/BCD_r0038_c0118.png,0.00000000
BCD_r0038_c0119,T1/BCD_r0038_c0119.png,T2/BCD_r0038_c0119.png,0,masks/BCD_r0038_c0119.png,0.00000000
BCD_r0038_c0120,T1/BCD_r0038_c0120.png,T2/BCD_r0038_c0120.png,0,masks/BCD_r0038_c0120.png,0.00000000
BCD_r0038_c0121,T1/BCD_r0038_c0121.png,T2/BCD_r0038_c0121.png,0,masks/BCD_r0038_c0121.png,0.00000000
BCD_r0038_c0122,T1/BCD_r0038_c0122.png,T2/BCD_r0038_c0122.png,0,masks/BCD_r0038_c0122.png,0.00000000
BCD_r0038_c0123,T1/BCD_r0038_c0123.png,T2/BCD_r0038_c0123.png,0,masks/BCD_r0038_c0123.png,0.00000000
BCD_r0038_c0124,T1/BCD_r0038_c0124.png,T2/BCD_r0038_c0124.png,0,masks/BCD_r0038_c0124.png,0.00000000
BCD_r0038_c0125,T1/BCD_r0038_c0125.png,T2/BCD_r0038_c0125.png,0,masks/BCD_r0038_c0125.png,0.00000000
BCD_r0038_c0126,T1/BCD_r0038_c0126.png,T2/BCD_r0038_c0126.png,0,masks/BCD_r0038_c0126.png,0.00000000
BCD_r0038_c0127,T1/BCD_r0038_c0127.png,T2/BCD_r0038_c0127.png,0,masks/BCD_r0038_c0127.png,0.00000000
BCD_r0038_c0128,T1/BCD_r0038_c0128.png,T2/BCD_r0038_c0128.png,0,masks/BCD_r0038_c0128.png,0.00000000
BCD_r0038_c0129,T1/BCD_r0038_c0129.png,T2/BCD_r0038_c0129.png,0,masks/BCD_r0038_c0129.png,0.00000000
BCD_r0038_c0130,T1/BCD_r0038_c0130.png,T2/BCD_r0038_c0130.png,0,masks/BCD_r0038_c0130.png,0.00000000
BCD_r0038_c0131,T1/BCD_r0038_c0131.png,T2/BCD_r0038_c0131.png,0,masks/BCD_r0038_c0131.png,0.00000000
BCD_r0038_c0132,T1/BCD_r0038_c0132.png,T2/BCD_r0038_c0132.png,0,masks/BCD_r0038_c0132.png,0.00000000
BCD_r0038_c0133,T1/BCD_r0038_c0133.png,T2/BCD_r0038_c0133.png,0,masks/BCD_r0038_c0133.png,0.00000000
BCD_r0038_c0134,T1/BCD_r0038_c0134.png,T2/BCD_r0038_c0134.png,0,masks/BCD_r0038_c0134.png,0.00000000
BCD_r0038_c0135,T1/BCD_r0038_c0135.png,T2/BCD_r0038_c0135.png,0,masks/BCD_r0038_c0135.png,0.00000000
BCD_r0038_c0136,T1/BCD_r0038_c0136.png,T2/BCD_r0038_c0136.png,0,masks/BCD_r0038_c0136.png,0.00000000
BCD_r0038_c0137,T1/BCD_r0038_c0137.png,T2/BCD_r0038_c0137.png,0,masks/BCD_r0038_c0137.png,0.00000000
BCD_r0038_c0138,T1/BCD_r0038_c0138.png,T2/BCD_r0038_c0138.png,0,masks/BCD_r0038_c0138.png,0.00000000
BCD_r0038_c0139,T1/BCD_r0038_c0139.png,T2/BCD_r0038_c0139.png,0,masks/BCD_r0038_c0139.png,0.00000000
BCD_r0038_c0140,T1/BCD_r0038_c0140.png,T2/BCD_r0038_c0140.png,0,masks/BCD_r0038_c0140.png,0.00000000
BCD_r0038_c0141,T1/BCD_r0038_c0141.png,T2/BCD_r0038_c0141.png,0,masks/BCD_r0038_c0141.png,0.00000000
BCD_r0038_c0142,T1/BCD_r0038_c0142.png,T2/BCD_r0038_c0142.png,0,masks/BCD_r0038_c0142.png,0.00000000
BCD_r0038_c0143,T1/BCD_r0038_c0143.png,T2/BCD_r0038_c0143.png,0,masks/BCD_r0038_c0143.png,0.00000000
BCD_r0038_c0144,T1/BCD_r0038_c0144.png,T2/BCD_r0038_c0144.png,0,masks/BCD_r0038_c0144.png,0.00000000
BCD_r0039_c0000,T1/BCD_r0039_c0000.png,T2/BCD_r0039_c0000.png,0,masks/BCD_r0039_c0000.png,0.00000000
BCD_r0039_c0001,T1/BCD_r0039_c0001.png,T2/BCD_r0039_c0001.png,0,masks/BCD_r0039_c0001.png,0.00000000
BCD_r0039_c0002,T1/BCD_r0039_c0002.png,T2/BCD_r0039_c0002.png,0,masks/BCD_r0039_c0002.png,0.00000000
BCD_r0039_c0003,T1/BCD_r0039_c0003.png,T2/BCD_r0039_c0003.png,0,masks/BCD_r0039_c0003.png,0.00000000
BCD_r0039_c0004,T1/BCD_r0039_c0004.png,T2/BCD_r0039_c0004.png,0,masks/BCD_r0039_c0004.png,0.00000000
BCD_r0039_c0005,T1/BCD_r0039_c0005.png,T2/BCD_r0039_c0005.png,0,masks/BCD_r0039_c0005.png,0.00000000
BCD_r0039_c0006,T1/BCD_r0039_c0006.png,T2/BCD_r0039_c0006.png,0,masks/BCD_r0039_c0006.png,0.00000000
BCD_r0039_c0007,T1/BCD_r0039_c0007.png,T2/BCD_r0039_c0007.png,0,masks/BCD_r0039_c0007.png,0.00000000
BCD_r0039_c0008,T1/BCD_r0039_c0008.png,T2/BCD_r0039_c0008.png,0,masks/BCD_r0039_c0008.png,0.00000000
BCD_r0039_c0009,T1/BCD_r0039_c0009.png,T2/BCD_r0039_c0009.png,0,masks/BCD_r0039_c0009.png,0.00000000
BCD_r0039_c0010,T1/BCD_r0039_c0010.png,T2/BCD_r0039_c0010.png,0,masks/BCD_r0039_c0010.png,0.00000000
BCD_r0039_c0011,T1/BCD_r0039_c0011.png,T2/BCD_r0039_c0011.png,0,masks/BCD_r0039_c0011.png,0.00000000
BCD_r0039_c0012,T1/BCD_r0039_c0012.png,T2/BCD_r0039_c0012.png,0,masks/BCD_r0039_c0012.png,0.00000000
BCD_r0039_c0013,T1/BCD_r0039_c0013.png,T2/BCD_r0039_c0013.png,0,masks/BCD_r0039_c0013.png,0.00000000
BCD_r0039_c0014,T1/BCD_r0039_c0014.png,T2/BCD_r0039_c0014.png,1,masks/BCD_r0039_c0014.png,0.07101004
BCD_r0039_c0015,T1/BCD_r0039_c0015.png,T2/BCD_r0039_c0015.png,0,masks/BCD_r0039_c0015.png,0.00000000
BCD_r0039_c0016,T1/BCD_r0039_c0016.png,T2/BCD_r0039_c0016.png,0,masks/BCD_r0039_c0016.png,0.00000000
BCD_r0039_c0017,T1/BCD_r0039_c0017.png,T2/BCD_r0039_c0017.png,0,masks/BCD_r0039_c0017.png,0.00000000
BCD_r0039_c0018,T1/BCD_r0039_c0018.png,T2/BCD_r0039_c0018.png,0,masks/BCD_r0039_c0018.png,0.00000000
BCD_r0039_c0019,T1/BCD_r0039_c0019.png,T2/BCD_r0039_c0019.png,0,masks/BCD_r0039_c0019.png,0.00000000
BCD_r0039_c0020,T1/BCD_r0039_c0020.png,T2/BCD_r0039_c0020.png,1,masks/BCD_r0039_c0020.png,0.12033642
BCD_r0039_c0021,T1/BCD_r0039_c0021.png,T2/BCD_r0039_c0021.png,0,masks/BCD_r0039_c0021.png,0.00000000
BCD_r0039_c0022,T1/BCD_r0039_c0022.png,T2/BCD_r0039_c0022.png,0,masks/BCD_r0039_c0022.png,0.00000000
BCD_r0039_c0023,T1/BCD_r0039_c0023.png,T2/BCD_r0039_c0023.png,0,masks/BCD_r0039_c0023.png,0.00000000
BCD_r0039_c0024,T1/BCD_r0039_c0024.png,T2/BCD_r0039_c0024.png,0,masks/BCD_r0039_c0024.png,0.00000000
BCD_r0039_c0025,T1/BCD_r0039_c0025.png,T2/BCD_r0039_c0025.png,1,masks/BCD_r0039_c0025.png,0.00199298
BCD_r0039_c0026,T1/BCD_r0039_c0026.png,T2/BCD_r0039_c0026.png,1,masks/BCD_r0039_c0026.png,0.19583068
BCD_r0039_c0027,T1/BCD_r0039_c0027.png,T2/BCD_r0039_c0027.png,0,masks/BCD_r0039_c0027.png,0.00000000
BCD_r0039_c0028,T1/BCD_r0039_c0028.png,T2/BCD_r0039_c0028.png,1,masks/BCD_r0039_c0028.png,0.19116709
BCD_r0039_c0029,T1/BCD_r0039_c0029.png,T2/BCD_r0039_c0029.png,0,masks/BCD_r0039_c0029.png,0.00000000
BCD_r0039_c0030,T1/BCD_r0039_c0030.png,T2/BCD_r0039_c0030.png,0,masks/BCD_r0039_c0030.png,0.00000000
BCD_r0039_c0031,T1/BCD_r0039_c0031.png,T2/BCD_r0039_c0031.png,0,masks/BCD_r0039_c0031.png,0.00000000
BCD_r0039_c0032,T1/BCD_r0039_c0032.png,T2/BCD_r0039_c0032.png,1,masks/BCD_r0039_c0032.png,0.00023916
BCD_r0039_c0033,T1/BCD_r0039_c0033.png,T2/BCD_r0039_c0033.png,0,masks/BCD_r0039_c0033.png,0.00000000
BCD_r0039_c0034,T1/BCD_r0039_c0034.png,T2/BCD_r0039_c0034.png,0,masks/BCD_r0039_c0034.png,0.00000000
BCD_r0039_c0035,T1/BCD_r0039_c0035.png,T2/BCD_r0039_c0035.png,0,masks/BCD_r0039_c0035.png,0.00000000
BCD_r0039_c0036,T1/BCD_r0039_c0036.png,T2/BCD_r0039_c0036.png,0,masks/BCD_r0039_c0036.png,0.00000000
BCD_r0039_c0037,T1/BCD_r0039_c0037.png,T2/BCD_r0039_c0037.png,0,masks/BCD_r0039_c0037.png,0.00000000
BCD_r0039_c0038,T1/BCD_r0039_c0038.png,T2/BCD_r0039_c0038.png,0,masks/BCD_r0039_c0038.png,0.00000000
BCD_r0039_c0039,T1/BCD_r0039_c0039.png,T2/BCD_r0039_c0039.png,0,masks/BCD_r0039_c0039.png,0.00000000
BCD_r0039_c0040,T1/BCD_r0039_c0040.png,T2/BCD_r0039_c0040.png,0,masks/BCD_r0039_c0040.png,0.00000000
BCD_r0039_c0041,T1/BCD_r0039_c0041.png,T2/BCD_r0039_c0041.png,0,masks/BCD_r0039_c0041.png,0.00000000
BCD_r0039_c0042,T1/BCD_r0039_c0042.png,T2/BCD_r0039_c0042.png,0,masks/BCD_r0039_c0042.png,0.00000000
BCD_r0039_c0043,T1/BCD_r0039_c0043.png,T2/BCD_r0039_c0043.png,0,masks/BCD_r0039_c0043.png,0.00000000
BCD_r0039_c0044,T1/BCD_r0039_c0044.png,T2/BCD_r0039_c0044.png,0,masks/BCD_r0039_c0044.png,0.00000000
BCD_r0039_c0045,T1/BCD_r0039_c0045.png,T2/BCD_r0039_c0045.png,0,masks/BCD_r0039_c0045.png,0.00000000
BCD_r0039_c0046,T1/BCD_r0039_c0046.png,T2/BCD_r0039_c0046.png,0,masks/BCD_r0039_c0046.png,0.00000000
BCD_r0039_c0047,T1/BCD_r0039_c0047.png,T2/BCD_r0039_c0047.png,0,masks/BCD_r0039_c0047.png,0.00000000
BCD_r0039_c0048,T1/BCD_r0039_c0048.png,T2/BCD_r0039_c0048.png,0,masks/BCD_r0039_c0048.png,0.00000000
BCD_r0039_c0049,T1/BCD_r0039_c0049.png,T2/BCD_r0039_c0049.png,0,masks/BCD_r0039_c0049.png,0.00000000
BCD_r0039_c0050,T1/BCD_r0039_c0050.png,T2/BCD_r0039_c0050.png,1,masks/BCD_r0039_c0050.png,0.01403061
BCD_r0039_c0051,T1/BCD_r0039_c0051.png,T2/BCD_r0039_c0051.png,0,masks/BCD_r0039_c0051.png,0.00000000
BCD_r0039_c0052,T1/BCD_r0039_c0052.png,T2/BCD_r0039_c0052.png,0,masks/BCD_r0039_c0052.png,0.00000000
BCD_r0039_c0053,T1/BCD_r0039_c0053.png,T2/BCD_r0039_c0053.png,1,masks/BCD_r0039_c0053.png,0.02082669
BCD_r0039_c0054,T1/BCD_r0039_c0054.png,T2/BCD_r0039_c0054.png,0,masks/BCD_r0039_c0054.png,0.00000000
BCD_r0039_c0055,T1/BCD_r0039_c0055.png,T2/BCD_r0039_c0055.png,0,masks/BCD_r0039_c0055.png,0.00000000
BCD_r0039_c0056,T1/BCD_r0039_c0056.png,T2/BCD_r0039_c0056.png,0,masks/BCD_r0039_c0056.png,0.00000000
BCD_r0039_c0057,T1/BCD_r0039_c0057.png,T2/BCD_r0039_c0057.png,0,masks/BCD_r0039_c0057.png,0.00000000
BCD_r0039_c0058,T1/BCD_r0039_c0058.png,T2/BCD_r0039_c0058.png,0,masks/BCD_r0039_c0058.png,0.00000000
BCD_r0039_c0059,T1/BCD_r0039_c0059.png,T2/BCD_r0039_c0059.png,0,masks/BCD_r0039_c0059.png,0.00000000
BCD_r0039_c0060,T1/BCD_r0039_c0060.png,T2/BCD_r0039_c0060.png,0,masks/BCD_r0039_c0060.png,0.00000000
BCD_r0039_c0061,T1/BCD_r0039_c0061.png,T2/BCD_r0039_c0061.png,0,masks/BCD_r0039_c0061.png,0.00000000
BCD_r0039_c0062,T1/BCD_r0039_c0062.png,T2/BCD_r0039_c0062.png,0,masks/BCD_r0039_c0062.png,0.00000000
BCD_r0039_c0063,T1/BCD_r0039_c0063.png,T2/BCD_r0039_c0063.png,0,masks/BCD_r0039_c0063.png,0.00000000
BCD_r0039_c0064,T1/BCD_r0039_c0064.png,T2/BCD_r0039_c0064.png,0,masks/BCD_r0039_c0064.png,0.00000000
BCD_r0039_c0065,T1/BCD_r0039_c0065.png,T2/BCD_r0039_c0065.png,1,masks/BCD_r0039_c0065.png,0.00023916
BCD_r0039_c0066,T1/BCD_r0039_c0066.png,T2/BCD_r0039_c0066.png,1,masks/BCD_r0039_c0066.png,0.28497688
BCD_r0039_c0067,T1/BCD_r0039_c0067.png,T2/BCD_r0039_c0067.png,1,masks/BCD_r0039_c0067.png,0.26658163
BCD_r0039_c0068,T1/BCD_r0039_c0068.png,T2/BCD_r0039_c0068.png,1,masks/BCD_r0039_c0068.png,0.44088807
BCD_r0039_c0069,T1/BCD_r0039_c0069.png,T2/BCD_r0039_c0069.png,1,masks/BCD_r0039_c0069.png,0.29591837
BCD_r0039_c0070,T1/BCD_r0039_c0070.png,T2/BCD_r0039_c0070.png,1,masks/BCD_r0039_c0070.png,0.02373645
BCD_r0039_c0071,T1/BCD_r0039_c0071.png,T2/BCD_r0039_c0071.png,1,masks/BCD_r0039_c0071.png,0.39754066
BCD_r0039_c0072,T1/BCD_r0039_c0072.png,T2/BCD_r0039_c0072.png,1,masks/BCD_r0039_c0072.png,0.42323023
BCD_r0039_c0073,T1/BCD_r0039_c0073.png,T2/BCD_r0039_c0073.png,1,masks/BCD_r0039_c0073.png,0.19889987
BCD_r0039_c0074,T1/BCD_r0039_c0074.png,T2/BCD_r0039_c0074.png,1,masks/BCD_r0039_c0074.png,0.44525271
BCD_r0039_c0075,T1/BCD_r0039_c0075.png,T2/BCD_r0039_c0075.png,1,masks/BCD_r0039_c0075.png,0.44202408
BCD_r0039_c0076,T1/BCD_r0039_c0076.png,T2/BCD_r0039_c0076.png,1,masks/BCD_r0039_c0076.png,0.19551180
BCD_r0039_c0077,T1/BCD_r0039_c0077.png,T2/BCD_r0039_c0077.png,1,masks/BCD_r0039_c0077.png,0.35108418
BCD_r0039_c0078,T1/BCD_r0039_c0078.png,T2/BCD_r0039_c0078.png,1,masks/BCD_r0039_c0078.png,0.39981266
BCD_r0039_c0079,T1/BCD_r0039_c0079.png,T2/BCD_r0039_c0079.png,1,masks/BCD_r0039_c0079.png,0.13907047
BCD_r0039_c0080,T1/BCD_r0039_c0080.png,T2/BCD_r0039_c0080.png,0,masks/BCD_r0039_c0080.png,0.00000000
BCD_r0039_c0081,T1/BCD_r0039_c0081.png,T2/BCD_r0039_c0081.png,0,masks/BCD_r0039_c0081.png,0.00000000
BCD_r0039_c0082,T1/BCD_r0039_c0082.png,T2/BCD_r0039_c0082.png,1,masks/BCD_r0039_c0082.png,0.03553492
BCD_r0039_c0083,T1/BCD_r0039_c0083.png,T2/BCD_r0039_c0083.png,1,masks/BCD_r0039_c0083.png,0.54882812
BCD_r0039_c0084,T1/BCD_r0039_c0084.png,T2/BCD_r0039_c0084.png,1,masks/BCD_r0039_c0084.png,0.24236687
BCD_r0039_c0085,T1/BCD_r0039_c0085.png,T2/BCD_r0039_c0085.png,0,masks/BCD_r0039_c0085.png,0.00000000
BCD_r0039_c0086,T1/BCD_r0039_c0086.png,T2/BCD_r0039_c0086.png,1,masks/BCD_r0039_c0086.png,0.00964605
BCD_r0039_c0087,T1/BCD_r0039_c0087.png,T2/BCD_r0039_c0087.png,1,masks/BCD_r0039_c0087.png,0.00831075
BCD_r0039_c0088,T1/BCD_r0039_c0088.png,T2/BCD_r0039_c0088.png,0,masks/BCD_r0039_c0088.png,0.00000000
BCD_r0039_c0089,T1/BCD_r0039_c0089.png,T2/BCD_r0039_c0089.png,0,masks/BCD_r0039_c0089.png,0.00000000
BCD_r0039_c0090,T1/BCD_r0039_c0090.png,T2/BCD_r0039_c0090.png,0,masks/BCD_r0039_c0090.png,0.00000000
BCD_r0039_c0091,T1/BCD_r0039_c0091.png,T2/BCD_r0039_c0091.png,0,masks/BCD_r0039_c0091.png,0.00000000
BCD_r0039_c0092,T1/BCD_r0039_c0092.png,T2/BCD_r0039_c0092.png,0,masks/BCD_r0039_c0092.png,0.00000000
BCD_r0039_c0093,T1/BCD_r0039_c0093.png,T2/BCD_r0039_c0093.png,1,masks/BCD_r0039_c0093.png,0.04815051
BCD_r0039_c0094,T1/BCD_r0039_c0094.png,T2/BCD_r0039_c0094.png,1,masks/BCD_r0039_c0094.png,0.40051020
BCD_r0039_c0095,T1/BCD_r0039_c0095.png,T2/BCD_r0039_c0095.png,1,masks/BCD_r0039_c0095.png,0.24031409
BCD_r0039_c0096,T1/BCD_r0039_c0096.png,T2/BCD_r0039_c0096.png,1,masks/BCD_r0039_c0096.png,0.10901626
BCD_r0039_c0097,T1/BCD_r0039_c0097.png,T2/BCD_r0039_c0097.png,0,masks/BCD_r0039_c0097.png,0.00000000
BCD_r0039_c0098,T1/BCD_r0039_c0098.png,T2/BCD_r0039_c0098.png,0,masks/BCD_r0039_c0098.png,0.00000000
BCD_r0039_c0099,T1/BCD_r0039_c0099.png,T2/BCD_r0039_c0099.png,1,masks/BCD_r0039_c0099.png,0.08031728
BCD_r0039_c0100,T1/BCD_r0039_c0100.png,T2/BCD_r0039_c0100.png,1,masks/BCD_r0039_c0100.png,0.20974171
BCD_r0039_c0101,T1/BCD_r0039_c0101.png,T2/BCD_r0039_c0101.png,1,masks/BCD_r0039_c0101.png,0.16784917
BCD_r0039_c0102,T1/BCD_r0039_c0102.png,T2/BCD_r0039_c0102.png,1,masks/BCD_r0039_c0102.png,0.10664461
BCD_r0039_c0103,T1/BCD_r0039_c0103.png,T2/BCD_r0039_c0103.png,0,masks/BCD_r0039_c0103.png,0.00000000
BCD_r0039_c0104,T1/BCD_r0039_c0104.png,T2/BCD_r0039_c0104.png,0,masks/BCD_r0039_c0104.png,0.00000000
BCD_r0039_c0105,T1/BCD_r0039_c0105.png,T2/BCD_r0039_c0105.png,0,masks/BCD_r0039_c0105.png,0.00000000
BCD_r0039_c0106,T1/BCD_r0039_c0106.png,T2/BCD_r0039_c0106.png,0,masks/BCD_r0039_c0106.png,0.00000000
BCD_r0039_c0107,T1/BCD_r0039_c0107.png,T2/BCD_r0039_c0107.png,0,masks/BCD_r0039_c0107.png,0.00000000
BCD_r0039_c0108,T1/BCD_r0039_c0108.png,T2/BCD_r0039_c0108.png,0,masks/BCD_r0039_c0108.png,0.00000000
BCD_r0039_c0109,T1/BCD_r0039_c0109.png,T2/BCD_r0039_c0109.png,0,masks/BCD_r0039_c0109.png,0.00000000
BCD_r0039_c0110,T1/BCD_r0039_c0110.png,T2/BCD_r0039_c0110.png,0,masks/BCD_r0039_c0110.png,0.00000000
BCD_r0039_c0111,T1/BCD_r0039_c0111.png,T2/BCD_r0039_c0111.png,0,masks/BCD_r0039_c0111.png,0.00000000
BCD_r0039_c0112,T1/BCD_r0039_c0112.png,T2/BCD_r0039_c0112.png,0,masks/BCD_r0039_c0112.png,0.00000000
BCD_r0039_c0113,T1/BCD_r0039_c0113.png,T2/BCD_r0039_c0113.png,0,masks/BCD_r0039_c0113.png,0.00000000
BCD_r0039_c0114,T1/BCD_r0039_c0114.png,T2/BCD_r0039_c0114.png,0,masks/BCD_r0039_c0114.png,0.00000000
BCD_r0039_c0115,T1/BCD_r0039_c0115.png,T2/BCD_r0039_c0115.png,0,masks/BCD_r0039_c0115.png,0.00000000
BCD_r0039_c0116,T1/BCD_r0039_c0116.png,T2/BCD_r0039_c0116.png,0,masks/BCD_r0039_c0116.png,0.00000000
BCD_r0039_c0117,T1/BCD_r0039_c0117.png,T2/BCD_r0039_c0117.png,0,masks/BCD_r0039_c0117.png,0.00000000
BCD_r0039_c0118,T1/BCD_r0039_c0118.png,T2/BCD_r0039_c0118.png,0,masks/BCD_r0039_c0118.png,0.00000000
BCD_r0039_c0119,T1/BCD_r0039_c0119.png,T2/BCD_r0039_c0119.png,0,masks/BCD_r0039_c0119.png,0.00000000
BCD_r0039_c0120,T1/BCD_r0039_c0120.png,T2/BCD_r0039_c0120.png,0,masks/BCD_r0039_c0120.png,0.00000000
BCD_r0039_c0121,T1/BCD_r0039_c0121.png,T2/BCD_r0039_c0121.png,0,masks/BCD_r0039_c0121.png,0.00000000
BCD_r0039_c0122,T1/BCD_r0039_c0122.png,T2/BCD_r0039_c0122.png,0,masks/BCD_r0039_c0122.png,0.00000000
BCD_r0039_c0123,T1/BCD_r0039_c0123.png,T2/BCD_r0039_c0123.png,0,masks/BCD_r0039_c0123.png,0.00000000
BCD_r0039_c0124,T1/BCD_r0039_c0124.png,T2/BCD_r0039_c0124.png,0,masks/BCD_r0039_c0124.png,0.00000000
BCD_r0039_c0125,T1/BCD_r0039_c0125.png,T2/BCD_r0039_c0125.png,0,masks/BCD_r0039_c0125.png,0.00000000
BCD_r0039_c0126,T1/BCD_r0039_c0126.png,T2/BCD_r0039_c0126.png,0,masks/BCD_r0039_c0126.png,0.00000000
BCD_r0039_c0127,T1/BCD_r0039_c0127.png,T2/BCD_r0039_c0127.png,0,masks/BCD_r0039_c0127.png,0.00000000
BCD_r0039_c0128,T1/BCD_r0039_c0128.png,T2/BCD_r0039_c0128.png,0,masks/BCD_r0039_c0128.png,0.00000000
BCD_r0039_c0129,T1/BCD_r0039_c0129.png,T2/BCD_r0039_c0129.png,0,masks/BCD_r0039_c0129.png,0.00000000
BCD_r0039_c0130,T1/BCD_r0039_c0130.png,T2/BCD_r0039_c0130.png,0,masks/BCD_r0039_c0130.png,0.00000000
BCD_r0039_c0131,T1/BCD_r0039_c0131.png,T2/BCD_r0039_c0131.png,0,masks/BCD_r0039_c0131.png,0.00000000
BCD_r0039_c0132,T1/BCD_r0039_c0132.png,T2/BCD_r0039_c0132.png,0,masks/BCD_r0039_c0132.png,0.00000000
BCD_r0039_c0133,T1/BCD_r0039_c0133.png,T2/BCD_r0039_c0133.png,0,masks/BCD_r0039_c0133.png,0.00000000
BCD_r0039_c0134,T1/BCD_r0039_c0134.png,T2/BCD_r0039_c0134.png,0,masks/BCD_r0039_c0134.png,0.00000000
BCD_r0039_c0135,T1/BCD_r0039_c0135.png,T2/BCD_r0039_c0135.png,0,masks/BCD_r0039_c0135.png,0.00000000
BCD_r0039_c0136,T1/BCD_r0039_c0136.png,T2/BCD_r0039_c0136.png,0,masks/BCD_r0039_c0136.png,0.00000000
BCD_r0039_c0137,T1/BCD_r0039_c0137.png,T2/BCD_r0039_c0137.png,0,masks/BCD_r0039_c0137.png,0.00000000
BCD_r0039_c0138,T1/BCD_r0039_c0138.png,T2/BCD_r0039_c0138.png,0,masks/BCD_r0039_c0138.png,0.00000000
BCD_r0039_c0139,T1/BCD_r0039_c0139.png,T2/BCD_r0039_c0139.png,0,masks/BCD_r0039_c0139.png,0.00000000
BCD_r0039_c0140,T1/BCD_r0039_c0140.png,T2/BCD_r0039_c0140.png,0,masks/BCD_r0039_c0140.png,0.00000000
BCD_r0039_c0141,T1/BCD_r0039_c0141.png,T2/BCD_r0039_c0141.png,0,masks/BCD_r0039_c0141.png,0.00000000
BCD_r0039_c0142,T1/BCD_r0039_c0142.png,T2/BCD_r0039_c0142.png,0,masks/BCD_r0039_c0142.png,0.00000000
BCD_r0039_c0143,T1/BCD_r0039_c0143.png,T2/BCD_r0039_c0143.png,0,masks/BCD_r0039_c0143.png,0.00000000
BCD_r0039_c0144,T1/BCD_r0039_c0144.png,T2/BCD_r0039_c0144.png,0,masks/BCD_r0039_c0144.png,0.00000000
BCD_r0040_c0000,T1/BCD_r0040_c0000.png,T2/BCD_r0040_c0000.png,0,masks/BCD_r0040_c0000.png,0.00000000
BCD_r0040_c0001,T1/BCD_r0040_c0001.png,T2/BCD_r0040_c0001.png,0,masks/BCD_r0040_c0001.png,0.00000000
BCD_r0040_c0002,T1/BCD_r0040_c0002.png,T2/BCD_r0040_c0002.png,0,masks/BCD_r0040_c0002.png,0.00000000
BCD_r0040_c0003,T1/BCD_r0040_c0003.png,T2/BCD_r0040_c0003.png,0,masks/BCD_r0040_c0003.png,0.00000000
BCD_r0040_c0004,T1/BCD_r0040_c0004.png,T2/BCD_r0040_c0004.png,0,masks/BCD_r0040_c0004.png,0.00000000
BCD_r0040_c0005,T1/BCD_r0040_c0005.png,T2/BCD_r0040_c0005.png,0,masks/BCD_r0040_c0005.png,0.00000000
BCD_r0040_c0006,T1/BCD_r0040_c0006.png,T2/BCD_r0040_c0006.png,0,masks/BCD_r0040_c0006.png,0.00000000
BCD_r0040_c0007,T1/BCD_r0040_c0007.png,T2/BCD_r0040_c0007.png,0,masks/BCD_r0040_c0007.png,0.00000000
BCD_r0040_c0008,T1/BCD_r0040_c0008.png,T2/BCD_r0040_c0008.png,0,masks/BCD_r0040_c0008.png,0.00000000
BCD_r0040_c0009,T1/BCD_r0040_c0009.png,T2/BCD_r0040_c0009.png,0,masks/BCD_r0040_c0009.png,0.00000000
BCD_r0040_c0010,T1/BCD_r0040_c0010.png,T2/BCD_r0040_c0010.png,0,masks/BCD_r0040_c0010.png,0.00000000
BCD_r0040_c0011,T1/BCD_r0040_c0011.png,T2/BCD_r0040_c0011.png,0,masks/BCD_r0040_c0011.png,0.00000000
BCD_r0040_c0012,T1/BCD_r0040_c0012.png,T2/BCD_r0040_c0012.png,0,masks/BCD_r0040_c0012.png,0.00000000
BCD_r0040_c0013,T1/BCD_r0040_c0013.png,T2/BCD_r0040_c0013.png,0,masks/BCD_r0040_c0013.png,0.00000000
BCD_r0040_c0014,T1/BCD_r0040_c0014.png,T2/BCD_r0040_c0014.png,1,masks/BCD_r0040_c0014.png,0.17586097
BCD_r0040_c0015,T1/BCD_r0040_c0015.png,T2/BCD_r0040_c0015.png,0,masks/BCD_r0040_c0015.png,0.00000000
BCD_r0040_c0016,T1/BCD_r0040_c0016.png,T2/BCD_r0040_c0016.png,0,masks/BCD_r0040_c0016.png,0.00000000
BCD_r0040_c0017,T1/BCD_r0040_c0017.png,T2/BCD_r0040_c0017.png,0,masks/BCD_r0040_c0017.png,0.00000000
BCD_r0040_c0018,T1/BCD_r0040_c0018.png,T2/BCD_r0040_c0018.png,0,masks/BCD_r0040_c0018.png,0.00000000
BCD_r0040_c0019,T1/BCD_r0040_c0019.png,T2/BCD_r0040_c0019.png,0,masks/BCD_r0040_c0019.png,0.00000000
BCD_r0040_c0020,T1/BCD_r0040_c0020.png,T2/BCD_r0040_c0020.png,0,masks/BCD_r0040_c0020.png,0.00000000
BCD_r0040_c0021,T1/BCD_r0040_c0021.png,T2/BCD_r0040_c0021.png,0,masks/BCD_r0040_c0021.png,0.00000000
BCD_r0040_c0022,T1/BCD_r0040_c0022.png,T2/BCD_r0040_c0022.png,0,masks/BCD_r0040_c0022.png,0.00000000
BCD_r0040_c0023,T1/BCD_r0040_c0023.png,T2/BCD_r0040_c0023.png,0,masks/BCD_r0040_c0023.png,0.00000000
BCD_r0040_c0024,T1/BCD_r0040_c0024.png,T2/BCD_r0040_c0024.png,0,masks/BCD_r0040_c0024.png,0.00000000
BCD_r0040_c0025,T1/BCD_r0040_c0025.png,T2/BCD_r0040_c0025.png,1,masks/BCD_r0040_c0025.png,0.43977200
BCD_r0040_c0026,T1/BCD_r0040_c0026.png,T2/BCD_r0040_c0026.png,1,masks/BCD_r0040_c0026.png,0.60074538
BCD_r0040_c0027,T1/BCD_r0040_c0027.png,T2/BCD_r0040_c0027.png,0,masks/BCD_r0040_c0027.png,0.00000000
BCD_r0040_c0028,T1/BCD_r0040_c0028.png,T2/BCD_r0040_c0028.png,0,masks/BCD_r0040_c0028.png,0.00000000
BCD_r0040_c0029,T1/BCD_r0040_c0029.png,T2/BCD_r0040_c0029.png,0,masks/BCD_r0040_c0029.png,0.00000000
BCD_r0040_c0030,T1/BCD_r0040_c0030.png,T2/BCD_r0040_c0030.png,0,masks/BCD_r0040_c0030.png,0.00000000
BCD_r0040_c0031,T1/BCD_r0040_c0031.png,T2/BCD_r0040_c0031.png,0,masks/BCD_r0040_c0031.png,0.00000000
BCD_r0040_c0032,T1/BCD_r0040_c0032.png,T2/BCD_r0040_c0032.png,1,masks/BCD_r0040_c0032.png,0.14016661
BCD_r0040_c0033,T1/BCD_r0040_c0033.png,T2/BCD_r0040_c0033.png,0,masks/BCD_r0040_c0033.png,0.00000000
BCD_r0040_c0034,T1/BCD_r0040_c0034.png,T2/BCD_r0040_c0034.png,0,masks/BCD_r0040_c0034.png,0.00000000
BCD_r0040_c0035,T1/BCD_r0040_c0035.png,T2/BCD_r0040_c0035.png,0,masks/BCD_r0040_c0035.png,0.00000000
BCD_r0040_c0036,T1/BCD_r0040_c0036.png,T2/BCD_r0040_c0036.png,0,masks/BCD_r0040_c0036.png,0.00000000
BCD_r0040_c0037,T1/BCD_r0040_c0037.png,T2/BCD_r0040_c0037.png,0,masks/BCD_r0040_c0037.png,0.00000000
BCD_r0040_c0038,T1/BCD_r0040_c0038.png,T2/BCD_r0040_c0038.png,0,masks/BCD_r0040_c0038.png,0.00000000
BCD_r0040_c0039,T1/BCD_r0040_c0039.png,T2/BCD_r0040_c0039.png,0,masks/BCD_r0040_c0039.png,0.00000000
BCD_r0040_c0040,T1/BCD_r0040_c0040.png,T2/BCD_r0040_c0040.png,0,masks/BCD_r0040_c0040.png,0.00000000
BCD_r0040_c0041,T1/BCD_r0040_c0041.png,T2/BCD_r0040_c0041.png,0,masks/BCD_r0040_c0041.png,0.00000000
BCD_r0040_c0042,T1/BCD_r0040_c0042.png,T2/BCD_r0040_c0042.png,0,masks/BCD_r0040_c0042.png,0.00000000
BCD_r0040_c0043,T1/BCD_r0040_c0043.png,T2/BCD_r0040_c0043.png,0,masks/BCD_r0040_c0043.png,0.00000000
BCD_r0040_c0044,T1/BCD_r0040_c0044.png,T2/BCD_r0040_c0044.png,0,masks/BCD_r0040_c0044.png,0.00000000
BCD_r0040_c0045,T1/BCD_r0040_c0045.png,T2/BCD_r0040_c0045.png,0,masks/BCD_r0040_c0045.png,0.00000000
BCD_r0040_c0046,T1/BCD_r0040_c0046.png,T2/BCD_r0040_c0046.png,0,masks/BCD_r0040_c0046.png,0.00000000
BCD_r0040_c0047,T1/BCD_r0040_c0047.png,T2/BCD_r0040_c0047.png,0,masks/BCD_r0040_c0047.png,0.00000000
BCD_r0040_c0048,T1/BCD_r0040_c0048.png,T2/BCD_r0040_c0048.png,0,masks/BCD_r0040_c0048.png,0.00000000
BCD_r0040_c0049,T1/BCD_r0040_c0049.png,T2/BCD_r0040_c0049.png,0,masks/BCD_r0040_c0049.png,0.00000000
BCD_r0040_c0050,T1/BCD_r0040_c0050.png,T2/BCD_r0040_c0050.png,0,masks/BCD_r0040_c0050.png,0.00000000
BCD_r0040_c0051,T1/BCD_r0040_c0051.png,T2/BCD_r0040_c0051.png,0,masks/BCD_r0040_c0051.png,0.00000000
BCD_r0040_c0052,T1/BCD_r0040_c0052.png,T2/BCD_r0040_c0052.png,0,masks/BCD_r0040_c0052.png,0.00000000
BCD_r0040_c0053,T1/BCD_r0040_c0053.png,T2/BCD_r0040_c0053.png,0,masks/BCD_r0040_c0053.png,0.00000000
BCD_r0040_c0054,T1/BCD_r0040_c0054.png,T2/BCD_r0040_c0054.png,0,masks/BCD_r0040_c0054.png,0.00000000
BCD_r0040_c0055,T1/BCD_r0040_c0055.png,T2/BCD_r0040_c0055.png,0,masks/BCD_r0040_c0055.png,0.00000000
BCD_r0040_c0056,T1/BCD_r0040_c0056.png,T2/BCD_r0040_c0056.png,0,masks/BCD_r0040_c0056.png,0.00000000
BCD_r0040_c0057,T1/BCD_r0040_c0057.png,T2/BCD_r0040_c0057.png,0,masks/BCD_r0040_c0057.png,0.00000000
BCD_r0040_c0058,T1/BCD_r0040_c0058.png,T2/BCD_r0040_c0058.png,0,masks/BCD_r0040_c0058.png,0.00000000
BCD_r0040_c0059,T1/BCD_r0040_c0059.png,T2/BCD_r0040_c0059.png,0,masks/BCD_r0040_c0059.png,0.00000000
BCD_r0040_c0060,T1/BCD_r0040_c0060.png,T2/BCD_r0040_c0060.png,0,masks/BCD_r0040_c0060.png,0.00000000
BCD_r0040_c0061,T1/BCD_r0040_c0061.png,T2/BCD_r0040_c0061.png,0,masks/BCD_r0040_c0061.png,0.00000000
BCD_r0040_c0062,T1/BCD_r0040_c0062.png,T2/BCD_r0040_c0062.png,0,masks/BCD_r0040_c0062.png,0.00000000
BCD_r0040_c0063,T1/BCD_r0040_c0063.png,T2/BCD_r0040_c0063.png,0,masks/BCD_r0040_c0063.png,0.00000000
BCD_r0040_c0064,T1/BCD_r0040_c0064.png,T2/BCD_r0040_c0064.png,1,masks/BCD_r0040_c0064.png,0.00203284
BCD_r0040_c0065,T1/BCD_r0040_c0065.png,T2/BCD_r0040_c0065.png,1,masks/BCD_r0040_c0065.png,0.43971221
BCD_r0040_c0066,T1/BCD_r0040_c0066.png,T2/BCD_r0040_c0066.png,1,masks/BCD_r0040_c0066.png,0.09538425
BCD_r0040_c0067,T1/BCD_r0040_c0067.png,T2/BCD_r0040_c0067.png,1,masks/BCD_r0040_c0067.png,0.25083705
BCD_r0040_c0068,T1/BCD_r0040_c0068.png,T2/BCD_r0040_c0068.png,1,masks/BCD_r0040_c0068.png,0.26588409
BCD_r0040_c0069,T1/BCD_r0040_c0069.png,T2/BCD_r0040_c0069.png,1,masks/BCD_r0040_c0069.png,0.25005979
BCD_r0040_c0070,T1/BCD_r0040_c0070.png,T2/BCD_r0040_c0070.png,1,masks/BCD_r0040_c0070.png,0.04023836
BCD_r0040_c0071,T1/BCD_r0040_c0071.png,T2/BCD_r0040_c0071.png,1,masks/BCD_r0040_c0071.png,0.27517140
BCD_r0040_c0072,T1/BCD_r0040_c0072.png,T2/BCD_r0040_c0072.png,1,masks/BCD_r0040_c0072.png,0.16904496
BCD_r0040_c0073,T1/BCD_r0040_c0073.png,T2/BCD_r0040_c0073.png,1,masks/BCD_r0040_c0073.png,0.39126276
BCD_r0040_c0074,T1/BCD_r0040_c0074.png,T2/BCD_r0040_c0074.png,1,masks/BCD_r0040_c0074.png,0.35897640
BCD_r0040_c0075,T1/BCD_r0040_c0075.png,T2/BCD_r0040_c0075.png,1,masks/BCD_r0040_c0075.png,0.29145408
BCD_r0040_c0076,T1/BCD_r0040_c0076.png,T2/BCD_r0040_c0076.png,1,masks/BCD_r0040_c0076.png,0.42964764
BCD_r0040_c0077,T1/BCD_r0040_c0077.png,T2/BCD_r0040_c0077.png,1,masks/BCD_r0040_c0077.png,0.15533323
BCD_r0040_c0078,T1/BCD_r0040_c0078.png,T2/BCD_r0040_c0078.png,1,masks/BCD_r0040_c0078.png,0.02188297
BCD_r0040_c0079,T1/BCD_r0040_c0079.png,T2/BCD_r0040_c0079.png,0,masks/BCD_r0040_c0079.png,0.00000000
BCD_r0040_c0080,T1/BCD_r0040_c0080.png,T2/BCD_r0040_c0080.png,0,masks/BCD_r0040_c0080.png,0.00000000
BCD_r0040_c0081,T1/BCD_r0040_c0081.png,T2/BCD_r0040_c0081.png,0,masks/BCD_r0040_c0081.png,0.00000000
BCD_r0040_c0082,T1/BCD_r0040_c0082.png,T2/BCD_r0040_c0082.png,0,masks/BCD_r0040_c0082.png,0.00000000
BCD_r0040_c0083,T1/BCD_r0040_c0083.png,T2/BCD_r0040_c0083.png,1,masks/BCD_r0040_c0083.png,0.26325335
BCD_r0040_c0084,T1/BCD_r0040_c0084.png,T2/BCD_r0040_c0084.png,1,masks/BCD_r0040_c0084.png,0.43929369
BCD_r0040_c0085,T1/BCD_r0040_c0085.png,T2/BCD_r0040_c0085.png,1,masks/BCD_r0040_c0085.png,0.08880740
BCD_r0040_c0086,T1/BCD_r0040_c0086.png,T2/BCD_r0040_c0086.png,1,masks/BCD_r0040_c0086.png,0.39967315
BCD_r0040_c0087,T1/BCD_r0040_c0087.png,T2/BCD_r0040_c0087.png,1,masks/BCD_r0040_c0087.png,0.27776228
BCD_r0040_c0088,T1/BCD_r0040_c0088.png,T2/BCD_r0040_c0088.png,0,masks/BCD_r0040_c0088.png,0.00000000
BCD_r0040_c0089,T1/BCD_r0040_c0089.png,T2/BCD_r0040_c0089.png,0,masks/BCD_r0040_c0089.png,0.00000000
BCD_r0040_c0090,T1/BCD_r0040_c0090.png,T2/BCD_r0040_c0090.png,1,masks/BCD_r0040_c0090.png,0.01257573
BCD_r0040_c0091,T1/BCD_r0040_c0091.png,T2/BCD_r0040_c0091.png,1,masks/BCD_r0040_c0091.png,0.22648278
BCD_r0040_c0092,T1/BCD_r0040_c0092.png,T2/BCD_r0040_c0092.png,1,masks/BCD_r0040_c0092.png,0.01052296
BCD_r0040_c0093,T1/BCD_r0040_c0093.png,T2/BCD_r0040_c0093.png,1,masks/BCD_r0040_c0093.png,0.26108099
BCD_r0040_c0094,T1/BCD_r0040_c0094.png,T2/BCD_r0040_c0094.png,1,masks/BCD_r0040_c0094.png,0.22720026
BCD_r0040_c0095,T1/BCD_r0040_c0095.png,T2/BCD_r0040_c0095.png,1,masks/BCD_r0040_c0095.png,0.40706712
BCD_r0040_c0096,T1/BCD_r0040_c0096.png,T2/BCD_r0040_c0096.png,1,masks/BCD_r0040_c0096.png,0.05783642
BCD_r0040_c0097,T1/BCD_r0040_c0097.png,T2/BCD_r0040_c0097.png,0,masks/BCD_r0040_c0097.png,0.00000000
BCD_r0040_c0098,T1/BCD_r0040_c0098.png,T2/BCD_r0040_c0098.png,0,masks/BCD_r0040_c0098.png,0.00000000
BCD_r0040_c0099,T1/BCD_r0040_c0099.png,T2/BCD_r0040_c0099.png,1,masks/BCD_r0040_c0099.png,0.12438217
BCD_r0040_c0100,T1/BCD_r0040_c0100.png,T2/BCD_r0040_c0100.png,1,masks/BCD_r0040_c0100.png,0.32844388
BCD_r0040_c0101,T1/BCD_r0040_c0101.png,T2/BCD_r0040_c0101.png,1,masks/BCD_r0040_c0101.png,0.15160635
BCD_r0040_c0102,T1/BCD_r0040_c0102.png,T2/BCD_r0040_c0102.png,1,masks/BCD_r0040_c0102.png,0.07053173
BCD_r0040_c0103,T1/BCD_r0040_c0103.png,T2/BCD_r0040_c0103.png,0,masks/BCD_r0040_c0103.png,0.00000000
BCD_r0040_c0104,T1/BCD_r0040_c0104.png,T2/BCD_r0040_c0104.png,0,masks/BCD_r0040_c0104.png,0.00000000
BCD_r0040_c0105,T1/BCD_r0040_c0105.png,T2/BCD_r0040_c0105.png,0,masks/BCD_r0040_c0105.png,0.00000000
BCD_r0040_c0106,T1/BCD_r0040_c0106.png,T2/BCD_r0040_c0106.png,0,masks/BCD_r0040_c0106.png,0.00000000
BCD_r0040_c0107,T1/BCD_r0040_c0107.png,T2/BCD_r0040_c0107.png,0,masks/BCD_r0040_c0107.png,0.00000000
BCD_r0040_c0108,T1/BCD_r0040_c0108.png,T2/BCD_r0040_c0108.png,0,masks/BCD_r0040_c0108.png,0.00000000
BCD_r0040_c0109,T1/BCD_r0040_c0109.png,T2/BCD_r0040_c0109.png,0,masks/BCD_r0040_c0109.png,0.00000000
BCD_r0040_c0110,T1/BCD_r0040_c0110.png,T2/BCD_r0040_c0110.png,0,masks/BCD_r0040_c0110.png,0.00000000
BCD_r0040_c0111,T1/BCD_r0040_c0111.png,T2/BCD_r0040_c0111.png,0,masks/BCD_r0040_c0111.png,0.00000000
BCD_r0040_c0112,T1/BCD_r0040_c0112.png,T2/BCD_r0040_c0112.png,0,masks/BCD_r0040_c0112.png,0.00000000
BCD_r0040_c0113,T1/BCD_r0040_c0113.png,T2/BCD_r0040_c0113.png,0,masks/BCD_r0040_c0113.png,0.00000000
BCD_r0040_c0114,T1/BCD_r0040_c0114.png,T2/BCD_r0040_c0114.png,0,masks/BCD_r0040_c0114.png,0.00000000
BCD_r0040_c0115,T1/BCD_r0040_c0115.png,T2/BCD_r0040_c0115.png,0,masks/BCD_r0040_c0115.png,0.00000000
BCD_r0040_c0116,T1/BCD_r0040_c0116.png,T2/BCD_r0040_c0116.png,0,masks/BCD_r0040_c0116.png,0.00000000
BCD_r0040_c0117,T1/BCD_r0040_c0117.png,T2/BCD_r0040_c0117.png,0,masks/BCD_r0040_c0117.png,0.00000000
BCD_r0040_c0118,T1/BCD_r0040_c0118.png,T2/BCD_r0040_c0118.png,0,masks/BCD_r0040_c0118.png,0.00000000
BCD_r0040_c0119,T1/BCD_r0040_c0119.png,T2/BCD_r0040_c0119.png,0,masks/BCD_r0040_c0119.png,0.00000000
BCD_r0040_c0120,T1/BCD_r0040_c0120.png,T2/BCD_r0040_c0120.png,0,masks/BCD_r0040_c0120.png,0.00000000
BCD_r0040_c0121,T1/BCD_r0040_c0121.png,T2/BCD_r0040_c0121.png,0,masks/BCD_r0040_c0121.png,0.00000000
BCD_r0040_c0122,T1/BCD_r0040_c0122.png,T2/BCD_r0040_c0122.png,0,masks/BCD_r0040_c0122.png,0.00000000
BCD_r0040_c0123,T1/BCD_r0040_c0123.png,T2/BCD_r0040_c0123.png,0,masks/BCD_r0040_c0123.png,0.00000000
BCD_r0040_c0124,T1/BCD_r0040_c0124.png,T2/BCD_r0040_c0124.png,0,masks/BCD_r0040_c0124.png,0.00000000
BCD_r0040_c0125,T1/BCD_r0040_c0125.png,T2/BCD_r0040_c0125.png,0,masks/BCD_r0040_c0125.png,0.00000000
BCD_r0040_c0126,T1/BCD_r0040_c0126.png,T2/BCD_r0040_c0126.png,0,masks/BCD_r0040_c0126.png,0.00000000
BCD_r0040_c0127,T1/BCD_r0040_c0127.png,T2/BCD_r0040_c0127.png,0,masks/BCD_r0040_c0127.png,0.00000000
BCD_r0040_c0128,T1/BCD_r0040_c0128.png,T2/BCD_r0040_c0128.png,0,masks/BCD_r0040_c0128.png,0.00000000
BCD_r0040_c0129,T1/BCD_r0040_c0129.png,T2/BCD_r0040_c0129.png,0,masks/BCD_r0040_c0129.png,0.00000000
BCD_r0040_c0130,T1/BCD_r0040_c0130.png,T2/BCD_r0040_c0130.png,0,masks/BCD_r0040_c0130.png,0.00000000
BCD_r0040_c0131,T1/BCD_r0040_c0131.png,T2/BCD_r0040_c0131.png,0,masks/BCD_r0040_c0131.png,0.00000000
BCD_r0040_c0132,T1/BCD_r0040_c0132.png,T2/BCD_r0040_c0132.png,0,masks/BCD_r0040_c0132.png,0.00000000
BCD_r0040_c0133,T1/BCD_r0040_c0133.png,T2/BCD_r0040_c0133.png,0,masks/BCD_r0040_c0133.png,0.00000000
BCD_r0040_c0134,T1/BCD_r0040_c0134.png,T2/BCD_r0040_c0134.png,0,masks/BCD_r0040_c0134.png,0.00000000
BCD_r0040_c0135,T1/BCD_r0040_c0135.png,T2/BCD_r0040_c0135.png,0,masks/BCD_r0040_c0135.png,0.00000000
BCD_r0040_c0136,T1/BCD_r0040_c0136.png,T2/BCD_r0040_c0136.png,0,masks/BCD_r0040_c0136.png,0.00000000
BCD_r0040_c0137,T1/BCD_r0040_c0137.png,T2/BCD_r0040_c0137.png,0,masks/BCD_r0040_c0137.png,0.00000000
BCD_r0040_c0138,T1/BCD_r0040_c0138.png,T2/BCD_r0040_c0138.png,0,masks/BCD_r0040_c0138.png,0.00000000
BCD_r0040_c0139,T1/BCD_r0040_c0139.png,T2/BCD_r0040_c0139.png,0,masks/BCD_r0040_c0139.png,0.00000000
BCD_r0040_c0140,T1/BCD_r0040_c0140.png,T2/BCD_r0040_c0140.png,0,masks/BCD_r0040_c0140.png,0.00000000
BCD_r0040_c0141,T1/BCD_r0040_c0141.png,T2/BCD_r0040_c0141.png,0,masks/BCD_r0040_c0141.png,0.00000000
BCD_r0040_c0142,T1/BCD_r0040_c0142.png,T2/BCD_r0040_c0142.png,0,masks/BCD_r0040_c0142.png,0.00000000
BCD_r0040_c0143,T1/BCD_r0040_c0143.png,T2/BCD_r0040_c0143.png,0,masks/BCD_r0040_c0143.png,0.00000000
BCD_r0040_c0144,T1/BCD_r0040_c0144.png,T2/BCD_r0040_c0144.png,0,masks/BCD_r0040_c0144.png,0.00000000
BCD_r0041_c0000,T1/BCD_r0041_c0000.png,T2/BCD_r0041_c0000.png,0,masks/BCD_r0041_c0000.png,0.00000000
BCD_r0041_c0001,T1/BCD_r0041_c0001.png,T2/BCD_r0041_c0001.png,0,masks/BCD_r0041_c0001.png,0.00000000
BCD_r0041_c0002,T1/BCD_r0041_c0002.png,T2/BCD_r0041_c0002.png,0,masks/BCD_r0041_c0002.png,0.00000000
BCD_r0041_c0003,T1/BCD_r0041_c0003.png,T2/BCD_r0041_c0003.png,0,masks/BCD_r0041_c0003.png,0.00000000
BCD_r0041_c0004,T1/BCD_r0041_c0004.png,T2/BCD_r0041_c0004.png,0,masks/BCD_r0041_c0004.png,0.00000000
BCD_r0041_c0005,T1/BCD_r0041_c0005.png,T2/BCD_r0041_c0005.png,0,masks/BCD_r0041_c0005.png,0.00000000
BCD_r0041_c0006,T1/BCD_r0041_c0006.png,T2/BCD_r0041_c0006.png,0,masks/BCD_r0041_c0006.png,0.00000000
BCD_r0041_c0007,T1/BCD_r0041_c0007.png,T2/BCD_r0041_c0007.png,0,masks/BCD_r0041_c0007.png,0.00000000
BCD_r0041_c0008,T1/BCD_r0041_c0008.png,T2/BCD_r0041_c0008.png,0,masks/BCD_r0041_c0008.png,0.00000000
BCD_r0041_c0009,T1/BCD_r0041_c0009.png,T2/BCD_r0041_c0009.png,0,masks/BCD_r0041_c0009.png,0.00000000
BCD_r0041_c0010,T1/BCD_r0041_c0010.png,T2/BCD_r0041_c0010.png,0,masks/BCD_r0041_c0010.png,0.00000000
BCD_r0041_c0011,T1/BCD_r0041_c0011.png,T2/BCD_r0041_c0011.png,0,masks/BCD_r0041_c0011.png,0.00000000
BCD_r0041_c0012,T1/BCD_r0041_c0012.png,T2/BCD_r0041_c0012.png,0,masks/BCD_r0041_c0012.png,0.00000000
BCD_r0041_c0013,T1/BCD_r0041_c0013.png,T2/BCD_r0041_c0013.png,0,masks/BCD_r0041_c0013.png,0.00000000
BCD_r0041_c0014,T1/BCD_r0041_c0014.png,T2/BCD_r0041_c0014.png,0,masks/BCD_r0041_c0014.png,0.00000000
BCD_r0041_c0015,T1/BCD_r0041_c0015.png,T2/BCD_r0041_c0015.png,0,masks/BCD_r0041_c0015.png,0.00000000
BCD_r0041_c0016,T1/BCD_r0041_c0016.png,T2/BCD_r0041_c0016.png,0,masks/BCD_r0041_c0016.png,0.00000000
BCD_r0041_c0017,T1/BCD_r0041_c0017.png,T2/BCD_r0041_c0017.png,0,masks/BCD_r0041_c0017.png,0.00000000
BCD_r0041_c0018,T1/BCD_r0041_c0018.png,T2/BCD_r0041_c0018.png,1,masks/BCD_r0041_c0018.png,0.00051818
BCD_r0041_c0019,T1/BCD_r0041_c0019.png,T2/BCD_r0041_c0019.png,0,masks/BCD_r0041_c0019.png,0.00000000
BCD_r0041_c0020,T1/BCD_r0041_c0020.png,T2/BCD_r0041_c0020.png,0,masks/BCD_r0041_c0020.png,0.00000000
BCD_r0041_c0021,T1/BCD_r0041_c0021.png,T2/BCD_r0041_c0021.png,0,masks/BCD_r0041_c0021.png,0.00000000
BCD_r0041_c0022,T1/BCD_r0041_c0022.png,T2/BCD_r0041_c0022.png,0,masks/BCD_r0041_c0022.png,0.00000000
BCD_r0041_c0023,T1/BCD_r0041_c0023.png,T2/BCD_r0041_c0023.png,0,masks/BCD_r0041_c0023.png,0.00000000
BCD_r0041_c0024,T1/BCD_r0041_c0024.png,T2/BCD_r0041_c0024.png,0,masks/BCD_r0041_c0024.png,0.00000000
BCD_r0041_c0025,T1/BCD_r0041_c0025.png,T2/BCD_r0041_c0025.png,1,masks/BCD_r0041_c0025.png,0.04797114
BCD_r0041_c0026,T1/BCD_r0041_c0026.png,T2/BCD_r0041_c0026.png,1,masks/BCD_r0041_c0026.png,0.00801180
BCD_r0041_c0027,T1/BCD_r0041_c0027.png,T2/BCD_r0041_c0027.png,0,masks/BCD_r0041_c0027.png,0.00000000
BCD_r0041_c0028,T1/BCD_r0041_c0028.png,T2/BCD_r0041_c0028.png,0,masks/BCD_r0041_c0028.png,0.00000000
BCD_r0041_c0029,T1/BCD_r0041_c0029.png,T2/BCD_r0041_c0029.png,0,masks/BCD_r0041_c0029.png,0.00000000
BCD_r0041_c0030,T1/BCD_r0041_c0030.png,T2/BCD_r0041_c0030.png,0,masks/BCD_r0041_c0030.png,0.00000000
BCD_r0041_c0031,T1/BCD_r0041_c0031.png,T2/BCD_r0041_c0031.png,1,masks/BCD_r0041_c0031.png,0.00328842
BCD_r0041_c0032,T1/BCD_r0041_c0032.png,T2/BCD_r0041_c0032.png,0,masks/BCD_r0041_c0032.png,0.00000000
BCD_r0041_c0033,T1/BCD_r0041_c0033.png,T2/BCD_r0041_c0033.png,0,masks/BCD_r0041_c0033.png,0.00000000
BCD_r0041_c0034,T1/BCD_r0041_c0034.png,T2/BCD_r0041_c0034.png,0,masks/BCD_r0041_c0034.png,0.00000000
BCD_r0041_c0035,T1/BCD_r0041_c0035.png,T2/BCD_r0041_c0035.png,0,masks/BCD_r0041_c0035.png,0.00000000
BCD_r0041_c0036,T1/BCD_r0041_c0036.png,T2/BCD_r0041_c0036.png,0,masks/BCD_r0041_c0036.png,0.00000000
BCD_r0041_c0037,T1/BCD_r0041_c0037.png,T2/BCD_r0041_c0037.png,0,masks/BCD_r0041_c0037.png,0.00000000
BCD_r0041_c0038,T1/BCD_r0041_c0038.png,T2/BCD_r0041_c0038.png,0,masks/BCD_r0041_c0038.png,0.00000000
BCD_r0041_c0039,T1/BCD_r0041_c0039.png,T2/BCD_r0041_c0039.png,0,masks/BCD_r0041_c0039.png,0.00000000
BCD_r0041_c0040,T1/BCD_r0041_c0040.png,T2/BCD_r0041_c0040.png,0,masks/BCD_r0041_c0040.png,0.00000000
BCD_r0041_c0041,T1/BCD_r0041_c0041.png,T2/BCD_r0041_c0041.png,0,masks/BCD_r0041_c0041.png,0.00000000
BCD_r0041_c0042,T1/BCD_r0041_c0042.png,T2/BCD_r0041_c0042.png,0,masks/BCD_r0041_c0042.png,0.00000000
BCD_r0041_c0043,T1/BCD_r0041_c0043.png,T2/BCD_r0041_c0043.png,0,masks/BCD_r0041_c0043.png,0.00000000
BCD_r0041_c0044,T1/BCD_r0041_c0044.png,T2/BCD_r0041_c0044.png,0,masks/BCD_r0041_c0044.png,0.00000000
BCD_r0041_c0045,T1/BCD_r0041_c0045.png,T2/BCD_r0041_c0045.png,0,masks/BCD_r0041_c0045.png,0.00000000
BCD_r0041_c0046,T1/BCD_r0041_c0046.png,T2/BCD_r0041_c0046.png,0,masks/BCD_r0041_c0046.png,0.00000000
BCD_r0041_c0047,T1/BCD_r0041_c0047.png,T2/BCD_r0041_c0047.png,0,masks/BCD_r0041_c0047.png,0.00000000
BCD_r0041_c0048,T1/BCD_r0041_c0048.png,T2/BCD_r0041_c0048.png,0,masks/BCD_r0041_c0048.png,0.00000000
BCD_r0041_c0049,T1/BCD_r0041_c0049.png,T2/BCD_r0041_c0049.png,0,masks/BCD_r0041_c0049.png,0.00000000
BCD_r0041_c0050,T1/BCD_r0041_c0050.png,T2/BCD_r0041_c0050.png,0,masks/BCD_r0041_c0050.png,0.00000000
BCD_r0041_c0051,T1/BCD_r0041_c0051.png,T2/BCD_r0041_c0051.png,0,masks/BCD_r0041_c0051.png,0.00000000
BCD_r0041_c0052,T1/BCD_r0041_c0052.png,T2/BCD_r0041_c0052.png,0,masks/BCD_r0041_c0052.png,0.00000000
BCD_r0041_c0053,T1/BCD_r0041_c0053.png,T2/BCD_r0041_c0053.png,0,masks/BCD_r0041_c0053.png,0.00000000
BCD_r0041_c0054,T1/BCD_r0041_c0054.png,T2/BCD_r0041_c0054.png,0,masks/BCD_r0041_c0054.png,0.00000000
BCD_r0041_c0055,T1/BCD_r0041_c0055.png,T2/BCD_r0041_c0055.png,0,masks/BCD_r0041_c0055.png,0.00000000
BCD_r0041_c0056,T1/BCD_r0041_c0056.png,T2/BCD_r0041_c0056.png,0,masks/BCD_r0041_c0056.png,0.00000000
BCD_r0041_c0057,T1/BCD_r0041_c0057.png,T2/BCD_r0041_c0057.png,0,masks/BCD_r0041_c0057.png,0.00000000
BCD_r0041_c0058,T1/BCD_r0041_c0058.png,T2/BCD_r0041_c0058.png,0,masks/BCD_r0041_c0058.png,0.00000000
BCD_r0041_c0059,T1/BCD_r0041_c0059.png,T2/BCD_r0041_c0059.png,0,masks/BCD_r0041_c0059.png,0.00000000
BCD_r0041_c0060,T1/BCD_r0041_c0060.png,T2/BCD_r0041_c0060.png,0,masks/BCD_r0041_c0060.png,0.00000000
BCD_r0041_c0061,T1/BCD_r0041_c0061.png,T2/BCD_r0041_c0061.png,0,masks/BCD_r0041_c0061.png,0.00000000
BCD_r0041_c0062,T1/BCD_r0041_c0062.png,T2/BCD_r0041_c0062.png,0,masks/BCD_r0041_c0062.png,0.00000000
BCD_r0041_c0063,T1/BCD_r0041_c0063.png,T2/BCD_r0041_c0063.png,1,masks/BCD_r0041_c0063.png,0.18905453
BCD_r0041_c0064,T1/BCD_r0041_c0064.png,T2/BCD_r0041_c0064.png,1,masks/BCD_r0041_c0064.png,0.34703842
BCD_r0041_c0065,T1/BCD_r0041_c0065.png,T2/BCD_r0041_c0065.png,1,masks/BCD_r0041_c0065.png,0.23877950
BCD_r0041_c0066,T1/BCD_r0041_c0066.png,T2/BCD_r0041_c0066.png,1,masks/BCD_r0041_c0066.png,0.45388233
BCD_r0041_c0067,T1/BCD_r0041_c0067.png,T2/BCD_r0041_c0067.png,1,masks/BCD_r0041_c0067.png,0.28778699
BCD_r0041_c0068,T1/BCD_r0041_c0068.png,T2/BCD_r0041_c0068.png,1,masks/BCD_r0041_c0068.png,0.39311623
BCD_r0041_c0069,T1/BCD_r0041_c0069.png,T2/BCD_r0041_c0069.png,1,masks/BCD_r0041_c0069.png,0.06696429
BCD_r0041_c0070,T1/BCD_r0041_c0070.png,T2/BCD_r0041_c0070.png,1,masks/BCD_r0041_c0070.png,0.12460140
BCD_r0041_c0071,T1/BCD_r0041_c0071.png,T2/BCD_r0041_c0071.png,1,masks/BCD_r0041_c0071.png,0.20178970
BCD_r0041_c0072,T1/BCD_r0041_c0072.png,T2/BCD_r0041_c0072.png,1,masks/BCD_r0041_c0072.png,0.46892937
BCD_r0041_c0073,T1/BCD_r0041_c0073.png,T2/BCD_r0041_c0073.png,1,masks/BCD_r0041_c0073.png,0.19862085
BCD_r0041_c0074,T1/BCD_r0041_c0074.png,T2/BCD_r0041_c0074.png,1,masks/BCD_r0041_c0074.png,0.49818638
BCD_r0041_c0075,T1/BCD_r0041_c0075.png,T2/BCD_r0041_c0075.png,1,masks/BCD_r0041_c0075.png,0.27541055
BCD_r0041_c0076,T1/BCD_r0041_c0076.png,T2/BCD_r0041_c0076.png,1,masks/BCD_r0041_c0076.png,0.19011081
BCD_r0041_c0077,T1/BCD_r0041_c0077.png,T2/BCD_r0041_c0077.png,0,masks/BCD_r0041_c0077.png,0.00000000
BCD_r0041_c0078,T1/BCD_r0041_c0078.png,T2/BCD_r0041_c0078.png,0,masks/BCD_r0041_c0078.png,0.00000000
BCD_r0041_c0079,T1/BCD_r0041_c0079.png,T2/BCD_r0041_c0079.png,0,masks/BCD_r0041_c0079.png,0.00000000
BCD_r0041_c0080,T1/BCD_r0041_c0080.png,T2/BCD_r0041_c0080.png,0,masks/BCD_r0041_c0080.png,0.00000000
BCD_r0041_c0081,T1/BCD_r0041_c0081.png,T2/BCD_r0041_c0081.png,0,masks/BCD_r0041_c0081.png,0.00000000
BCD_r0041_c0082,T1/BCD_r0041_c0082.png,T2/BCD_r0041_c0082.png,0,masks/BCD_r0041_c0082.png,0.00000000
BCD_r0041_c0083,T1/BCD_r0041_c0083.png,T2/BCD_r0041_c0083.png,1,masks/BCD_r0041_c0083.png,0.00053811
BCD_r0041_c0084,T1/BCD_r0041_c0084.png,T2/BCD_r0041_c0084.png,1,masks/BCD_r0041_c0084.png,0.19443559
BCD_r0041_c0085,T1/BCD_r0041_c0085.png,T2/BCD_r0041_c0085.png,1,masks/BCD_r0041_c0085.png,0.39389349
BCD_r0041_c0086,T1/BCD_r0041_c0086.png,T2/BCD_r0041_c0086.png,1,masks/BCD_r0041_c0086.png,0.38139748
BCD_r0041_c0087,T1/BCD_r0041_c0087.png,T2/BCD_r0041_c0087.png,1,masks/BCD_r0041_c0087.png,0.31704401
BCD_r0041_c0088,T1/BCD_r0041_c0088.png,T2/BCD_r0041_c0088.png,1,masks/BCD_r0041_c0088.png,0.12007733
BCD_r0041_c0089,T1/BCD_r0041_c0089.png,T2/BCD_r0041_c0089.png,0,masks/BCD_r0041_c0089.png,0.00000000
BCD_r0041_c0090,T1/BCD_r0041_c0090.png,T2/BCD_r0041_c0090.png,1,masks/BCD_r0041_c0090.png,0.34711814
BCD_r0041_c0091,T1/BCD_r0041_c0091.png,T2/BCD_r0041_c0091.png,1,masks/BCD_r0041_c0091.png,0.51201770
BCD_r0041_c0092,T1/BCD_r0041_c0092.png,T2/BCD_r0041_c0092.png,1,masks/BCD_r0041_c0092.png,0.46914860
BCD_r0041_c0093,T1/BCD_r0041_c0093.png,T2/BCD_r0041_c0093.png,1,masks/BCD_r0041_c0093.png,0.20597497
BCD_r0041_c0094,T1/BCD_r0041_c0094.png,T2/BCD_r0041_c0094.png,1,masks/BCD_r0041_c0094.png,0.18112245
BCD_r0041_c0095,T1/BCD_r0041_c0095.png,T2/BCD_r0041_c0095.png,1,masks/BCD_r0041_c0095.png,0.14377392
BCD_r0041_c0096,T1/BCD_r0041_c0096.png,T2/BCD_r0041_c0096.png,1,masks/BCD_r0041_c0096.png,0.34526467
BCD_r0041_c0097,T1/BCD_r0041_c0097.png,T2/BCD_r0041_c0097.png,1,masks/BCD_r0041_c0097.png,0.17235332
BCD_r0041_c0098,T1/BCD_r0041_c0098.png,T2/BCD_r0041_c0098.png,1,masks/BCD_r0041_c0098.png,0.03354193
BCD_r0041_c0099,T1/BCD_r0041_c0099.png,T2/BCD_r0041_c0099.png,1,masks/BCD_r0041_c0099.png,0.30564413
BCD_r0041_c0100,T1/BCD_r0041_c0100.png,T2/BCD_r0041_c0100.png,1,masks/BCD_r0041_c0100.png,0.30486687
BCD_r0041_c0101,T1/BCD_r0041_c0101.png,T2/BCD_r0041_c0101.png,1,masks/BCD_r0041_c0101.png,0.27762277
BCD_r0041_c0102,T1/BCD_r0041_c0102.png,T2/BCD_r0041_c0102.png,1,masks/BCD_r0041_c0102.png,0.40792411
BCD_r0041_c0103,T1/BCD_r0041_c0103.png,T2/BCD_r0041_c0103.png,1,masks/BCD_r0041_c0103.png,0.01255580
BCD_r0041_c0104,T1/BCD_r0041_c0104.png,T2/BCD_r0041_c0104.png,0,masks/BCD_r0041_c0104.png,0.00000000
BCD_r0041_c0105,T1/BCD_r0041_c0105.png,T2/BCD_r0041_c0105.png,0,masks/BCD_r0041_c0105.png,0.00000000
BCD_r0041_c0106,T1/BCD_r0041_c0106.png,T2/BCD_r0041_c0106.png,0,masks/BCD_r0041_c0106.png,0.00000000
BCD_r0041_c0107,T1/BCD_r0041_c0107.png,T2/BCD_r0041_c0107.png,0,masks/BCD_r0041_c0107.png,0.00000000
BCD_r0041_c0108,T1/BCD_r0041_c0108.png,T2/BCD_r0041_c0108.png,0,masks/BCD_r0041_c0108.png,0.00000000
BCD_r0041_c0109,T1/BCD_r0041_c0109.png,T2/BCD_r0041_c0109.png,0,masks/BCD_r0041_c0109.png,0.00000000
BCD_r0041_c0110,T1/BCD_r0041_c0110.png,T2/BCD_r0041_c0110.png,0,masks/BCD_r0041_c0110.png,0.00000000
BCD_r0041_c0111,T1/BCD_r0041_c0111.png,T2/BCD_r0041_c0111.png,0,masks/BCD_r0041_c0111.png,0.00000000
BCD_r0041_c0112,T1/BCD_r0041_c0112.png,T2/BCD_r0041_c0112.png,0,masks/BCD_r0041_c0112.png,0.00000000
BCD_r0041_c0113,T1/BCD_r0041_c0113.png,T2/BCD_r0041_c0113.png,0,masks/BCD_r0041_c0113.png,0.00000000
BCD_r0041_c0114,T1/BCD_r0041_c0114.png,T2/BCD_r0041_c0114.png,0,masks/BCD_r0041_c0114.png,0.00000000
BCD_r0041_c0115,T1/BCD_r0041_c0115.png,T2/BCD_r0041_c0115.png,0,masks/BCD_r0041_c0115.png,0.00000000
BCD_r0041_c0116,T1/BCD_r0041_c0116.png,T2/BCD_r0041_c0116.png,0,masks/BCD_r0041_c0116.png,0.00000000
BCD_r0041_c0117,T1/BCD_r0041_c0117.png,T2/BCD_r0041_c0117.png,0,masks/BCD_r0041_c0117.png,0.00000000
BCD_r0041_c0118,T1/BCD_r0041_c0118.png,T2/BCD_r0041_c0118.png,0,masks/BCD_r0041_c0118.png,0.00000000
BCD_r0041_c0119,T1/BCD_r0041_c0119.png,T2/BCD_r0041_c0119.png,0,masks/BCD_r0041_c0119.png,0.00000000
BCD_r0041_c0120,T1/BCD_r0041_c0120.png,T2/BCD_r0041_c0120.png,0,masks/BCD_r0041_c0120.png,0.00000000
BCD_r0041_c0121,T1/BCD_r0041_c0121.png,T2/BCD_r0041_c0121.png,0,masks/BCD_r0041_c0121.png,0.00000000
BCD_r0041_c0122,T1/BCD_r0041_c0122.png,T2/BCD_r0041_c0122.png,0,masks/BCD_r0041_c0122.png,0.00000000
BCD_r0041_c0123,T1/BCD_r0041_c0123.png,T2/BCD_r0041_c0123.png,0,masks/BCD_r0041_c0123.png,0.00000000
BCD_r0041_c0124,T1/BCD_r0041_c0124.png,T2/BCD_r0041_c0124.png,0,masks/BCD_r0041_c0124.png,0.00000000
BCD_r0041_c0125,T1/BCD_r0041_c0125.png,T2/BCD_r0041_c0125.png,0,masks/BCD_r0041_c0125.png,0.00000000
BCD_r0041_c0126,T1/BCD_r0041_c0126.png,T2/BCD_r0041_c0126.png,0,masks/BCD_r0041_c0126.png,0.00000000
BCD_r0041_c0127,T1/BCD_r0041_c0127.png,T2/BCD_r0041_c0127.png,0,masks/BCD_r0041_c0127.png,0.00000000
BCD_r0041_c0128,T1/BCD_r0041_c0128.png,T2/BCD_r0041_c0128.png,0,masks/BCD_r0041_c0128.png,0.00000000
BCD_r0041_c0129,T1/BCD_r0041_c0129.png,T2/BCD_r0041_c0129.png,0,masks/BCD_r0041_c0129.png,0.00000000
BCD_r0041_c0130,T1/BCD_r0041_c0130.png,T2/BCD_r0041_c0130.png,0,masks/BCD_r0041_c0130.png,0.00000000
BCD_r0041_c0131,T1/BCD_r0041_c0131.png,T2/BCD_r0041_c0131.png,0,masks/BCD_r0041_c0131.png,0.00000000
BCD_r0041_c0132,T1/BCD_r0041_c0132.png,T2/BCD_r0041_c0132.png,0,masks/BCD_r0041_c0132.png,0.00000000
BCD_r0041_c0133,T1/BCD_r0041_c0133.png,T2/BCD_r0041_c0133.png,0,masks/BCD_r0041_c0133.png,0.00000000
BCD_r0041_c0134,T1/BCD_r0041_c0134.png,T2/BCD_r0041_c0134.png,0,masks/BCD_r0041_c0134.png,0.00000000
BCD_r0041_c0135,T1/BCD_r0041_c0135.png,T2/BCD_r0041_c0135.png,0,masks/BCD_r0041_c0135.png,0.00000000
BCD_r0041_c0136,T1/BCD_r0041_c0136.png,T2/BCD_r0041_c0136.png,0,masks/BCD_r0041_c0136.png,0.00000000
BCD_r0041_c0137,T1/BCD_r0041_c0137.png,T2/BCD_r0041_c0137.png,0,masks/BCD_r0041_c0137.png,0.00000000
BCD_r0041_c0138,T1/BCD_r0041_c0138.png,T2/BCD_r0041_c0138.png,0,masks/BCD_r0041_c0138.png,0.00000000
BCD_r0041_c0139,T1/BCD_r0041_c0139.png,T2/BCD_r0041_c0139.png,0,masks/BCD_r0041_c0139.png,0.00000000
BCD_r0041_c0140,T1/BCD_r0041_c0140.png,T2/BCD_r0041_c0140.png,0,masks/BCD_r0041_c0140.png,0.00000000
BCD_r0041_c0141,T1/BCD_r0041_c0141.png,T2/BCD_r0041_c0141.png,0,masks/BCD_r0041_c0141.png,0.00000000
BCD_r0041_c0142,T1/BCD_r0041_c0142.png,T2/BCD_r0041_c0142.png,0,masks/BCD_r0041_c0142.png,0.00000000
BCD_r0041_c0143,T1/BCD_r0041_c0143.png,T2/BCD_r0041_c0143.png,0,masks/BCD_r0041_c0143.png,0.00000000
BCD_r0041_c0144,T1/BCD_r0041_c0144.png,T2/BCD_r0041_c0144.png,0,masks/BCD_r0041_c0144.png,0.00000000
BCD_r0042_c0000,T1/BCD_r0042_c0000.png,T2/BCD_r0042_c0000.png,0,masks/BCD_r0042_c0000.png,0.00000000
BCD_r0042_c0001,T1/BCD_r0042_c0001.png,T2/BCD_r0042_c0001.png,0,masks/BCD_r0042_c0001.png,0.00000000
BCD_r0042_c0002,T1/BCD_r0042_c0002.png,T2/BCD_r0042_c0002.png,0,masks/BCD_r0042_c0002.png,0.00000000
BCD_r0042_c0003,T1/BCD_r0042_c0003.png,T2/BCD_r0042_c0003.png,0,masks/BCD_r0042_c0003.png,0.00000000
BCD_r0042_c0004,T1/BCD_r0042_c0004.png,T2/BCD_r0042_c0004.png,0,masks/BCD_r0042_c0004.png,0.00000000
BCD_r0042_c0005,T1/BCD_r0042_c0005.png,T2/BCD_r0042_c0005.png,0,masks/BCD_r0042_c0005.png,0.00000000
BCD_r0042_c0006,T1/BCD_r0042_c0006.png,T2/BCD_r0042_c0006.png,0,masks/BCD_r0042_c0006.png,0.00000000
BCD_r0042_c0007,T1/BCD_r0042_c0007.png,T2/BCD_r0042_c0007.png,0,masks/BCD_r0042_c0007.png,0.00000000
BCD_r0042_c0008,T1/BCD_r0042_c0008.png,T2/BCD_r0042_c0008.png,0,masks/BCD_r0042_c0008.png,0.00000000
BCD_r0042_c0009,T1/BCD_r0042_c0009.png,T2/BCD_r0042_c0009.png,0,masks/BCD_r0042_c0009.png,0.00000000
BCD_r0042_c0010,T1/BCD_r0042_c0010.png,T2/BCD_r0042_c0010.png,0,masks/BCD_r0042_c0010.png,0.00000000
BCD_r0042_c0011,T1/BCD_r0042_c0011.png,T2/BCD_r0042_c0011.png,0,masks/BCD_r0042_c0011.png,0.00000000
BCD_r0042_c0012,T1/BCD_r0042_c0012.png,T2/BCD_r0042_c0012.png,0,masks/BCD_r0042_c0012.png,0.00000000
BCD_r0042_c0013,T1/BCD_r0042_c0013.png,T2/BCD_r0042_c0013.png,0,masks/BCD_r0042_c0013.png,0.00000000
BCD_r0042_c0014,T1/BCD_r0042_c0014.png,T2/BCD_r0042_c0014.png,0,masks/BCD_r0042_c0014.png,0.00000000
BCD_r0042_c0015,T1/BCD_r0042_c0015.png,T2/BCD_r0042_c0015.png,0,masks/BCD_r0042_c0015.png,0.00000000
BCD_r0042_c0016,T1/BCD_r0042_c0016.png,T2/BCD_r0042_c0016.png,0,masks/BCD_r0042_c0016.png,0.00000000
BCD_r0042_c0017,T1/BCD_r0042_c0017.png,T2/BCD_r0042_c0017.png,0,masks/BCD_r0042_c0017.png,0.00000000
BCD_r0042_c0018,T1/BCD_r0042_c0018.png,T2/BCD_r0042_c0018.png,1,masks/BCD_r0042_c0018.png,0.04272959
BCD_r0042_c0019,T1/BCD_r0042_c0019.png,T2/BCD_r0042_c0019.png,0,masks/BCD_r0042_c0019.png,0.00000000
BCD_r0042_c0020,T1/BCD_r0042_c0020.png,T2/BCD_r0042_c0020.png,0,masks/BCD_r0042_c0020.png,0.00000000
BCD_r0042_c0021,T1/BCD_r0042_c0021.png,T2/BCD_r0042_c0021.png,0,masks/BCD_r0042_c0021.png,0.00000000
BCD_r0042_c0022,T1/BCD_r0042_c0022.png,T2/BCD_r0042_c0022.png,0,masks/BCD_r0042_c0022.png,0.00000000
BCD_r0042_c0023,T1/BCD_r0042_c0023.png,T2/BCD_r0042_c0023.png,0,masks/BCD_r0042_c0023.png,0.00000000
BCD_r0042_c0024,T1/BCD_r0042_c0024.png,T2/BCD_r0042_c0024.png,0,masks/BCD_r0042_c0024.png,0.00000000
BCD_r0042_c0025,T1/BCD_r0042_c0025.png,T2/BCD_r0042_c0025.png,1,masks/BCD_r0042_c0025.png,0.25432478
BCD_r0042_c0026,T1/BCD_r0042_c0026.png,T2/BCD_r0042_c0026.png,0,masks/BCD_r0042_c0026.png,0.00000000
BCD_r0042_c0027,T1/BCD_r0042_c0027.png,T2/BCD_r0042_c0027.png,0,masks/BCD_r0042_c0027.png,0.00000000
BCD_r0042_c0028,T1/BCD_r0042_c0028.png,T2/BCD_r0042_c0028.png,0,masks/BCD_r0042_c0028.png,0.00000000
BCD_r0042_c0029,T1/BCD_r0042_c0029.png,T2/BCD_r0042_c0029.png,0,masks/BCD_r0042_c0029.png,0.00000000
BCD_r0042_c0030,T1/BCD_r0042_c0030.png,T2/BCD_r0042_c0030.png,0,masks/BCD_r0042_c0030.png,0.00000000
BCD_r0042_c0031,T1/BCD_r0042_c0031.png,T2/BCD_r0042_c0031.png,1,masks/BCD_r0042_c0031.png,0.08685427
BCD_r0042_c0032,T1/BCD_r0042_c0032.png,T2/BCD_r0042_c0032.png,1,masks/BCD_r0042_c0032.png,0.11286272
BCD_r0042_c0033,T1/BCD_r0042_c0033.png,T2/BCD_r0042_c0033.png,1,masks/BCD_r0042_c0033.png,0.02505182
BCD_r0042_c0034,T1/BCD_r0042_c0034.png,T2/BCD_r0042_c0034.png,1,masks/BCD_r0042_c0034.png,0.02250080
BCD_r0042_c0035,T1/BCD_r0042_c0035.png,T2/BCD_r0042_c0035.png,1,masks/BCD_r0042_c0035.png,0.00075733
BCD_r0042_c0036,T1/BCD_r0042_c0036.png,T2/BCD_r0042_c0036.png,0,masks/BCD_r0042_c0036.png,0.00000000
BCD_r0042_c0037,T1/BCD_r0042_c0037.png,T2/BCD_r0042_c0037.png,0,masks/BCD_r0042_c0037.png,0.00000000
BCD_r0042_c0038,T1/BCD_r0042_c0038.png,T2/BCD_r0042_c0038.png,0,masks/BCD_r0042_c0038.png,0.00000000
BCD_r0042_c0039,T1/BCD_r0042_c0039.png,T2/BCD_r0042_c0039.png,1,masks/BCD_r0042_c0039.png,0.01949139
BCD_r0042_c0040,T1/BCD_r0042_c0040.png,T2/BCD_r0042_c0040.png,0,masks/BCD_r0042_c0040.png,0.00000000
BCD_r0042_c0041,T1/BCD_r0042_c0041.png,T2/BCD_r0042_c0041.png,1,masks/BCD_r0042_c0041.png,0.02305883
BCD_r0042_c0042,T1/BCD_r0042_c0042.png,T2/BCD_r0042_c0042.png,0,masks/BCD_r0042_c0042.png,0.00000000
BCD_r0042_c0043,T1/BCD_r0042_c0043.png,T2/BCD_r0042_c0043.png,0,masks/BCD_r0042_c0043.png,0.00000000
BCD_r0042_c0044,T1/BCD_r0042_c0044.png,T2/BCD_r0042_c0044.png,0,masks/BCD_r0042_c0044.png,0.00000000
BCD_r0042_c0045,T1/BCD_r0042_c0045.png,T2/BCD_r0042_c0045.png,0,masks/BCD_r0042_c0045.png,0.00000000
BCD_r0042_c0046,T1/BCD_r0042_c0046.png,T2/BCD_r0042_c0046.png,0,masks/BCD_r0042_c0046.png,0.00000000
BCD_r0042_c0047,T1/BCD_r0042_c0047.png,T2/BCD_r0042_c0047.png,0,masks/BCD_r0042_c0047.png,0.00000000
BCD_r0042_c0048,T1/BCD_r0042_c0048.png,T2/BCD_r0042_c0048.png,0,masks/BCD_r0042_c0048.png,0.00000000
BCD_r0042_c0049,T1/BCD_r0042_c0049.png,T2/BCD_r0042_c0049.png,0,masks/BCD_r0042_c0049.png,0.00000000
BCD_r0042_c0050,T1/BCD_r0042_c0050.png,T2/BCD_r0042_c0050.png,0,masks/BCD_r0042_c0050.png,0.00000000
BCD_r0042_c0051,T1/BCD_r0042_c0051.png,T2/BCD_r0042_c0051.png,0,masks/BCD_r0042_c0051.png,0.00000000
BCD_r0042_c0052,T1/BCD_r0042_c0052.png,T2/BCD_r0042_c0052.png,0,masks/BCD_r0042_c0052.png,0.00000000
BCD_r0042_c0053,T1/BCD_r0042_c0053.png,T2/BCD_r0042_c0053.png,0,masks/BCD_r0042_c0053.png,0.00000000
BCD_r0042_c0054,T1/BCD_r0042_c0054.png,T2/BCD_r0042_c0054.png,0,masks/BCD_r0042_c0054.png,0.00000000
BCD_r0042_c0055,T1/BCD_r0042_c0055.png,T2/BCD_r0042_c0055.png,0,masks/BCD_r0042_c0055.png,0.00000000
BCD_r0042_c0056,T1/BCD_r0042_c0056.png,T2/BCD_r0042_c0056.png,0,masks/BCD_r0042_c0056.png,0.00000000
BCD_r0042_c0057,T1/BCD_r0042_c0057.png,T2/BCD_r0042_c0057.png,0,masks/BCD_r0042_c0057.png,0.00000000
BCD_r0042_c0058,T1/BCD_r0042_c0058.png,T2/BCD_r0042_c0058.png,0,masks/BCD_r0042_c0058.png,0.00000000
BCD_r0042_c0059,T1/BCD_r0042_c0059.png,T2/BCD_r0042_c0059.png,0,masks/BCD_r0042_c0059.png,0.00000000
BCD_r0042_c0060,T1/BCD_r0042_c0060.png,T2/BCD_r0042_c0060.png,0,masks/BCD_r0042_c0060.png,0.00000000
BCD_r0042_c0061,T1/BCD_r0042_c0061.png,T2/BCD_r0042_c0061.png,0,masks/BCD_r0042_c0061.png,0.00000000
BCD_r0042_c0062,T1/BCD_r0042_c0062.png,T2/BCD_r0042_c0062.png,0,masks/BCD_r0042_c0062.png,0.00000000
BCD_r0042_c0063,T1/BCD_r0042_c0063.png,T2/BCD_r0042_c0063.png,1,masks/BCD_r0042_c0063.png,0.06433355
BCD_r0042_c0064,T1/BCD_r0042_c0064.png,T2/BCD_r0042_c0064.png,1,masks/BCD_r0042_c0064.png,0.11750638
BCD_r0042_c0065,T1/BCD_r0042_c0065.png,T2/BCD_r0042_c0065.png,1,masks/BCD_r0042_c0065.png,0.28685029
BCD_r0042_c0066,T1/BCD_r0042_c0066.png,T2/BCD_r0042_c0066.png,1,masks/BCD_r0042_c0066.png,0.33157286
BCD_r0042_c0067,T1/BCD_r0042_c0067.png,T2/BCD_r0042_c0067.png,1,masks/BCD_r0042_c0067.png,0.23698581
BCD_r0042_c0068,T1/BCD_r0042_c0068.png,T2/BCD_r0042_c0068.png,1,masks/BCD_r0042_c0068.png,0.36312181
BCD_r0042_c0069,T1/BCD_r0042_c0069.png,T2/BCD_r0042_c0069.png,1,masks/BCD_r0042_c0069.png,0.00261081
BCD_r0042_c0070,T1/BCD_r0042_c0070.png,T2/BCD_r0042_c0070.png,1,masks/BCD_r0042_c0070.png,0.37175143
BCD_r0042_c0071,T1/BCD_r0042_c0071.png,T2/BCD_r0042_c0071.png,1,masks/BCD_r0042_c0071.png,0.30476722
BCD_r0042_c0072,T1/BCD_r0042_c0072.png,T2/BCD_r0042_c0072.png,1,masks/BCD_r0042_c0072.png,0.36005261
BCD_r0042_c0073,T1/BCD_r0042_c0073.png,T2/BCD_r0042_c0073.png,1,masks/BCD_r0042_c0073.png,0.09644053
BCD_r0042_c0074,T1/BCD_r0042_c0074.png,T2/BCD_r0042_c0074.png,1,masks/BCD_r0042_c0074.png,0.21394691
BCD_r0042_c0075,T1/BCD_r0042_c0075.png,T2/BCD_r0042_c0075.png,1,masks/BCD_r0042_c0075.png,0.03479751
BCD_r0042_c0076,T1/BCD_r0042_c0076.png,T2/BCD_r0042_c0076.png,0,masks/BCD_r0042_c0076.png,0.00000000
BCD_r0042_c0077,T1/BCD_r0042_c0077.png,T2/BCD_r0042_c0077.png,0,masks/BCD_r0042_c0077.png,0.00000000
BCD_r0042_c0078,T1/BCD_r0042_c0078.png,T2/BCD_r0042_c0078.png,0,masks/BCD_r0042_c0078.png,0.00000000
BCD_r0042_c0079,T1/BCD_r0042_c0079.png,T2/BCD_r0042_c0079.png,0,masks/BCD_r0042_c0079.png,0.00000000
BCD_r0042_c0080,T1/BCD_r0042_c0080.png,T2/BCD_r0042_c0080.png,0,masks/BCD_r0042_c0080.png,0.00000000
BCD_r0042_c0081,T1/BCD_r0042_c0081.png,T2/BCD_r0042_c0081.png,0,masks/BCD_r0042_c0081.png,0.00000000
BCD_r0042_c0082,T1/BCD_r0042_c0082.png,T2/BCD_r0042_c0082.png,1,masks/BCD_r0042_c0082.png,0.04488202
BCD_r0042_c0083,T1/BCD_r0042_c0083.png,T2/BCD_r0042_c0083.png,1,masks/BCD_r0042_c0083.png,0.37037628
BCD_r0042_c0084,T1/BCD_r0042_c0084.png,T2/BCD_r0042_c0084.png,1,masks/BCD_r0042_c0084.png,0.18813776
BCD_r0042_c0085,T1/BCD_r0042_c0085.png,T2/BCD_r0042_c0085.png,1,masks/BCD_r0042_c0085.png,0.35648517
BCD_r0042_c0086,T1/BCD_r0042_c0086.png,T2/BCD_r0042_c0086.png,1,masks/BCD_r0042_c0086.png,0.26030373
BCD_r0042_c0087,T1/BCD_r0042_c0087.png,T2/BCD_r0042_c0087.png,1,masks/BCD_r0042_c0087.png,0.38215482
BCD_r0042_c0088,T1/BCD_r0042_c0088.png,T2/BCD_r0042_c0088.png,1,masks/BCD_r0042_c0088.png,0.42727599
BCD_r0042_c0089,T1/BCD_r0042_c0089.png,T2/BCD_r0042_c0089.png,1,masks/BCD_r0042_c0089.png,0.23100686
BCD_r0042_c0090,T1/BCD_r0042_c0090.png,T2/BCD_r0042_c0090.png,1,masks/BCD_r0042_c0090.png,0.22060348
BCD_r0042_c0091,T1/BCD_r0042_c0091.png,T2/BCD_r0042_c0091.png,1,masks/BCD_r0042_c0091.png,0.37914541
BCD_r0042_c0092,T1/BCD_r0042_c0092.png,T2/BCD_r0042_c0092.png,1,masks/BCD_r0042_c0092.png,0.36656967
BCD_r0042_c0093,T1/BCD_r0042_c0093.png,T2/BCD_r0042_c0093.png,1,masks/BCD_r0042_c0093.png,0.31279895
BCD_r0042_c0094,T1/BCD_r0042_c0094.png,T2/BCD_r0042_c0094.png,1,masks/BCD_r0042_c0094.png,0.25105628
BCD_r0042_c0095,T1/BCD_r0042_c0095.png,T2/BCD_r0042_c0095.png,1,masks/BCD_r0042_c0095.png,0.06026786
BCD_r0042_c0096,T1/BCD_r0042_c0096.png,T2/BCD_r0042_c0096.png,1,masks/BCD_r0042_c0096.png,0.15692761
BCD_r0042_c0097,T1/BCD_r0042_c0097.png,T2/BCD_r0042_c0097.png,1,masks/BCD_r0042_c0097.png,0.09060108
BCD_r0042_c0098,T1/BCD_r0042_c0098.png,T2/BCD_r0042_c0098.png,1,masks/BCD_r0042_c0098.png,0.33049665
BCD_r0042_c0099,T1/BCD_r0042_c0099.png,T2/BCD_r0042_c0099.png,1,masks/BCD_r0042_c0099.png,0.21470424
BCD_r0042_c0100,T1/BCD_r0042_c0100.png,T2/BCD_r0042_c0100.png,1,masks/BCD_r0042_c0100.png,0.20196907
BCD_r0042_c0101,T1/BCD_r0042_c0101.png,T2/BCD_r0042_c0101.png,1,masks/BCD_r0042_c0101.png,0.54245057
BCD_r0042_c0102,T1/BCD_r0042_c0102.png,T2/BCD_r0042_c0102.png,1,masks/BCD_r0042_c0102.png,0.52648677
BCD_r0042_c0103,T1/BCD_r0042_c0103.png,T2/BCD_r0042_c0103.png,1,masks/BCD_r0042_c0103.png,0.00159439
BCD_r0042_c0104,T1/BCD_r0042_c0104.png,T2/BCD_r0042_c0104.png,0,masks/BCD_r0042_c0104.png,0.00000000
BCD_r0042_c0105,T1/BCD_r0042_c0105.png,T2/BCD_r0042_c0105.png,0,masks/BCD_r0042_c0105.png,0.00000000
BCD_r0042_c0106,T1/BCD_r0042_c0106.png,T2/BCD_r0042_c0106.png,0,masks/BCD_r0042_c0106.png,0.00000000
BCD_r0042_c0107,T1/BCD_r0042_c0107.png,T2/BCD_r0042_c0107.png,0,masks/BCD_r0042_c0107.png,0.00000000
BCD_r0042_c0108,T1/BCD_r0042_c0108.png,T2/BCD_r0042_c0108.png,0,masks/BCD_r0042_c0108.png,0.00000000
BCD_r0042_c0109,T1/BCD_r0042_c0109.png,T2/BCD_r0042_c0109.png,0,masks/BCD_r0042_c0109.png,0.00000000
BCD_r0042_c0110,T1/BCD_r0042_c0110.png,T2/BCD_r0042_c0110.png,0,masks/BCD_r0042_c0110.png,0.00000000
BCD_r0042_c0111,T1/BCD_r0042_c0111.png,T2/BCD_r0042_c0111.png,0,masks/BCD_r0042_c0111.png,0.00000000
BCD_r0042_c0112,T1/BCD_r0042_c0112.png,T2/BCD_r0042_c0112.png,0,masks/BCD_r0042_c0112.png,0.00000000
BCD_r0042_c0113,T1/BCD_r0042_c0113.png,T2/BCD_r0042_c0113.png,0,masks/BCD_r0042_c0113.png,0.00000000
BCD_r0042_c0114,T1/BCD_r0042_c0114.png,T2/BCD_r0042_c0114.png,0,masks/BCD_r0042_c0114.png,0.00000000
BCD_r0042_c0115,T1/BCD_r0042_c0115.png,T2/BCD_r0042_c0115.png,0,masks/BCD_r0042_c0115.png,0.00000000
BCD_r0042_c0116,T1/BCD_r0042_c0116.png,T2/BCD_r0042_c0116.png,0,masks/BCD_r0042_c0116.png,0.00000000
BCD_r0042_c0117,T1/BCD_r0042_c0117.png,T2/BCD_r0042_c0117.png,0,masks/BCD_r0042_c0117.png,0.00000000
BCD_r0042_c0118,T1/BCD_r0042_c0118.png,T2/BCD_r0042_c0118.png,0,masks/BCD_r0042_c0118.png,0.00000000
BCD_r0042_c0119,T1/BCD_r0042_c0119.png,T2/BCD_r0042_c0119.png,0,masks/BCD_r0042_c0119.png,0.00000000
BCD_r0042_c0120,T1/BCD_r0042_c0120.png,T2/BCD_r0042_c0120.png,0,masks/BCD_r0042_c0120.png,0.00000000
BCD_r0042_c0121,T1/BCD_r0042_c0121.png,T2/BCD_r0042_c0121.png,0,masks/BCD_r0042_c0121.png,0.00000000
BCD_r0042_c0122,T1/BCD_r0042_c0122.png,T2/BCD_r0042_c0122.png,0,masks/BCD_r0042_c0122.png,0.00000000
BCD_r0042_c0123,T1/BCD_r0042_c0123.png,T2/BCD_r0042_c0123.png,0,masks/BCD_r0042_c0123.png,0.00000000
BCD_r0042_c0124,T1/BCD_r0042_c0124.png,T2/BCD_r0042_c0124.png,0,masks/BCD_r0042_c0124.png,0.00000000
BCD_r0042_c0125,T1/BCD_r0042_c0125.png,T2/BCD_r0042_c0125.png,0,masks/BCD_r0042_c0125.png,0.00000000
BCD_r0042_c0126,T1/BCD_r0042_c0126.png,T2/BCD_r0042_c0126.png,0,masks/BCD_r0042_c0126.png,0.00000000
BCD_r0042_c0127,T1/BCD_r0042_c0127.png,T2/BCD_r0042_c0127.png,0,masks/BCD_r0042_c0127.png,0.00000000
BCD_r0042_c0128,T1/BCD_r0042_c0128.png,T2/BCD_r0042_c0128.png,0,masks/BCD_r0042_c0128.png,0.00000000
BCD_r0042_c0129,T1/BCD_r0042_c0129.png,T2/BCD_r0042_c0129.png,0,masks/BCD_r0042_c0129.png,0.00000000
BCD_r0042_c0130,T1/BCD_r0042_c0130.png,T2/BCD_r0042_c0130.png,0,masks/BCD_r0042_c0130.png,0.00000000
BCD_r0042_c0131,T1/BCD_r0042_c0131.png,T2/BCD_r0042_c0131.png,0,masks/BCD_r0042_c0131.png,0.00000000
BCD_r0042_c0132,T1/BCD_r0042_c0132.png,T2/BCD_r0042_c0132.png,0,masks/BCD_r0042_c0132.png,0.00000000
BCD_r0042_c0133,T1/BCD_r0042_c0133.png,T2/BCD_r0042_c0133.png,0,masks/BCD_r0042_c0133.png,0.00000000
BCD_r0042_c0134,T1/BCD_r0042_c0134.png,T2/BCD_r0042_c0134.png,0,masks/BCD_r0042_c0134.png,0.00000000
BCD_r0042_c0135,T1/BCD_r0042_c0135.png,T2/BCD_r0042_c0135.png,0,masks/BCD_r0042_c0135.png,0.00000000
BCD_r0042_c0136,T1/BCD_r0042_c0136.png,T2/BCD_r0042_c0136.png,0,masks/BCD_r0042_c0136.png,0.00000000
BCD_r0042_c0137,T1/BCD_r0042_c0137.png,T2/BCD_r0042_c0137.png,0,masks/BCD_r0042_c0137.png,0.00000000
BCD_r0042_c0138,T1/BCD_r0042_c0138.png,T2/BCD_r0042_c0138.png,0,masks/BCD_r0042_c0138.png,0.00000000
BCD_r0042_c0139,T1/BCD_r0042_c0139.png,T2/BCD_r0042_c0139.png,0,masks/BCD_r0042_c0139.png,0.00000000
BCD_r0042_c0140,T1/BCD_r0042_c0140.png,T2/BCD_r0042_c0140.png,0,masks/BCD_r0042_c0140.png,0.00000000
BCD_r0042_c0141,T1/BCD_r0042_c0141.png,T2/BCD_r0042_c0141.png,0,masks/BCD_r0042_c0141.png,0.00000000
BCD_r0042_c0142,T1/BCD_r0042_c0142.png,T2/BCD_r0042_c0142.png,0,masks/BCD_r0042_c0142.png,0.00000000
BCD_r0042_c0143,T1/BCD_r0042_c0143.png,T2/BCD_r0042_c0143.png,0,masks/BCD_r0042_c0143.png,0.00000000
BCD_r0042_c0144,T1/BCD_r0042_c0144.png,T2/BCD_r0042_c0144.png,0,masks/BCD_r0042_c0144.png,0.00000000
BCD_r0043_c0000,T1/BCD_r0043_c0000.png,T2/BCD_r0043_c0000.png,0,masks/BCD_r0043_c0000.png,0.00000000
BCD_r0043_c0001,T1/BCD_r0043_c0001.png,T2/BCD_r0043_c0001.png,0,masks/BCD_r0043_c0001.png,0.00000000
BCD_r0043_c0002,T1/BCD_r0043_c0002.png,T2/BCD_r0043_c0002.png,0,masks/BCD_r0043_c0002.png,0.00000000
BCD_r0043_c0003,T1/BCD_r0043_c0003.png,T2/BCD_r0043_c0003.png,0,masks/BCD_r0043_c0003.png,0.00000000
BCD_r0043_c0004,T1/BCD_r0043_c0004.png,T2/BCD_r0043_c0004.png,0,masks/BCD_r0043_c0004.png,0.00000000
BCD_r0043_c0005,T1/BCD_r0043_c0005.png,T2/BCD_r0043_c0005.png,0,masks/BCD_r0043_c0005.png,0.00000000
BCD_r0043_c0006,T1/BCD_r0043_c0006.png,T2/BCD_r0043_c0006.png,0,masks/BCD_r0043_c0006.png,0.00000000
BCD_r0043_c0007,T1/BCD_r0043_c0007.png,T2/BCD_r0043_c0007.png,0,masks/BCD_r0043_c0007.png,0.00000000
BCD_r0043_c0008,T1/BCD_r0043_c0008.png,T2/BCD_r0043_c0008.png,0,masks/BCD_r0043_c0008.png,0.00000000
BCD_r0043_c0009,T1/BCD_r0043_c0009.png,T2/BCD_r0043_c0009.png,0,masks/BCD_r0043_c0009.png,0.00000000
BCD_r0043_c0010,T1/BCD_r0043_c0010.png,T2/BCD_r0043_c0010.png,0,masks/BCD_r0043_c0010.png,0.00000000
BCD_r0043_c0011,T1/BCD_r0043_c0011.png,T2/BCD_r0043_c0011.png,0,masks/BCD_r0043_c0011.png,0.00000000
BCD_r0043_c0012,T1/BCD_r0043_c0012.png,T2/BCD_r0043_c0012.png,0,masks/BCD_r0043_c0012.png,0.00000000
BCD_r0043_c0013,T1/BCD_r0043_c0013.png,T2/BCD_r0043_c0013.png,0,masks/BCD_r0043_c0013.png,0.00000000
BCD_r0043_c0014,T1/BCD_r0043_c0014.png,T2/BCD_r0043_c0014.png,0,masks/BCD_r0043_c0014.png,0.00000000
BCD_r0043_c0015,T1/BCD_r0043_c0015.png,T2/BCD_r0043_c0015.png,0,masks/BCD_r0043_c0015.png,0.00000000
BCD_r0043_c0016,T1/BCD_r0043_c0016.png,T2/BCD_r0043_c0016.png,0,masks/BCD_r0043_c0016.png,0.00000000
BCD_r0043_c0017,T1/BCD_r0043_c0017.png,T2/BCD_r0043_c0017.png,0,masks/BCD_r0043_c0017.png,0.00000000
BCD_r0043_c0018,T1/BCD_r0043_c0018.png,T2/BCD_r0043_c0018.png,0,masks/BCD_r0043_c0018.png,0.00000000
BCD_r0043_c0019,T1/BCD_r0043_c0019.png,T2/BCD_r0043_c0019.png,0,masks/BCD_r0043_c0019.png,0.00000000
BCD_r0043_c0020,T1/BCD_r0043_c0020.png,T2/BCD_r0043_c0020.png,0,masks/BCD_r0043_c0020.png,0.00000000
BCD_r0043_c0021,T1/BCD_r0043_c0021.png,T2/BCD_r0043_c0021.png,0,masks/BCD_r0043_c0021.png,0.00000000
BCD_r0043_c0022,T1/BCD_r0043_c0022.png,T2/BCD_r0043_c0022.png,0,masks/BCD_r0043_c0022.png,0.00000000
BCD_r0043_c0023,T1/BCD_r0043_c0023.png,T2/BCD_r0043_c0023.png,0,masks/BCD_r0043_c0023.png,0.00000000
BCD_r0043_c0024,T1/BCD_r0043_c0024.png,T2/BCD_r0043_c0024.png,1,masks/BCD_r0043_c0024.png,0.00566008
BCD_r0043_c0025,T1/BCD_r0043_c0025.png,T2/BCD_r0043_c0025.png,1,masks/BCD_r0043_c0025.png,0.04962532
BCD_r0043_c0026,T1/BCD_r0043_c0026.png,T2/BCD_r0043_c0026.png,0,masks/BCD_r0043_c0026.png,0.00000000
BCD_r0043_c0027,T1/BCD_r0043_c0027.png,T2/BCD_r0043_c0027.png,0,masks/BCD_r0043_c0027.png,0.00000000
BCD_r0043_c0028,T1/BCD_r0043_c0028.png,T2/BCD_r0043_c0028.png,0,masks/BCD_r0043_c0028.png,0.00000000
BCD_r0043_c0029,T1/BCD_r0043_c0029.png,T2/BCD_r0043_c0029.png,0,masks/BCD_r0043_c0029.png,0.00000000
BCD_r0043_c0030,T1/BCD_r0043_c0030.png,T2/BCD_r0043_c0030.png,0,masks/BCD_r0043_c0030.png,0.00000000
BCD_r0043_c0031,T1/BCD_r0043_c0031.png,T2/BCD_r0043_c0031.png,0,masks/BCD_r0043_c0031.png,0.00000000
BCD_r0043_c0032,T1/BCD_r0043_c0032.png,T2/BCD_r0043_c0032.png,0,masks/BCD_r0043_c0032.png,0.00000000
BCD_r0043_c0033,T1/BCD_r0043_c0033.png,T2/BCD_r0043_c0033.png,0,masks/BCD_r0043_c0033.png,0.00000000
BCD_r0043_c0034,T1/BCD_r0043_c0034.png,T2/BCD_r0043_c0034.png,0,masks/BCD_r0043_c0034.png,0.00000000
BCD_r0043_c0035,T1/BCD_r0043_c0035.png,T2/BCD_r0043_c0035.png,0,masks/BCD_r0043_c0035.png,0.00000000
BCD_r0043_c0036,T1/BCD_r0043_c0036.png,T2/BCD_r0043_c0036.png,0,masks/BCD_r0043_c0036.png,0.00000000
BCD_r0043_c0037,T1/BCD_r0043_c0037.png,T2/BCD_r0043_c0037.png,0,masks/BCD_r0043_c0037.png,0.00000000
BCD_r0043_c0038,T1/BCD_r0043_c0038.png,T2/BCD_r0043_c0038.png,0,masks/BCD_r0043_c0038.png,0.00000000
BCD_r0043_c0039,T1/BCD_r0043_c0039.png,T2/BCD_r0043_c0039.png,0,masks/BCD_r0043_c0039.png,0.00000000
BCD_r0043_c0040,T1/BCD_r0043_c0040.png,T2/BCD_r0043_c0040.png,0,masks/BCD_r0043_c0040.png,0.00000000
BCD_r0043_c0041,T1/BCD_r0043_c0041.png,T2/BCD_r0043_c0041.png,1,masks/BCD_r0043_c0041.png,0.00707510
BCD_r0043_c0042,T1/BCD_r0043_c0042.png,T2/BCD_r0043_c0042.png,0,masks/BCD_r0043_c0042.png,0.00000000
BCD_r0043_c0043,T1/BCD_r0043_c0043.png,T2/BCD_r0043_c0043.png,0,masks/BCD_r0043_c0043.png,0.00000000
BCD_r0043_c0044,T1/BCD_r0043_c0044.png,T2/BCD_r0043_c0044.png,0,masks/BCD_r0043_c0044.png,0.00000000
BCD_r0043_c0045,T1/BCD_r0043_c0045.png,T2/BCD_r0043_c0045.png,0,masks/BCD_r0043_c0045.png,0.00000000
BCD_r0043_c0046,T1/BCD_r0043_c0046.png,T2/BCD_r0043_c0046.png,0,masks/BCD_r0043_c0046.png,0.00000000
BCD_r0043_c0047,T1/BCD_r0043_c0047.png,T2/BCD_r0043_c0047.png,0,masks/BCD_r0043_c0047.png,0.00000000
BCD_r0043_c0048,T1/BCD_r0043_c0048.png,T2/BCD_r0043_c0048.png,0,masks/BCD_r0043_c0048.png,0.00000000
BCD_r0043_c0049,T1/BCD_r0043_c0049.png,T2/BCD_r0043_c0049.png,1,masks/BCD_r0043_c0049.png,0.00637755
BCD_r0043_c0050,T1/BCD_r0043_c0050.png,T2/BCD_r0043_c0050.png,0,masks/BCD_r0043_c0050.png,0.00000000
BCD_r0043_c0051,T1/BCD_r0043_c0051.png,T2/BCD_r0043_c0051.png,0,masks/BCD_r0043_c0051.png,0.00000000
BCD_r0043_c0052,T1/BCD_r0043_c0052.png,T2/BCD_r0043_c0052.png,1,masks/BCD_r0043_c0052.png,0.04097577
BCD_r0043_c0053,T1/BCD_r0043_c0053.png,T2/BCD_r0043_c0053.png,1,masks/BCD_r0043_c0053.png,0.01301419
BCD_r0043_c0054,T1/BCD_r0043_c0054.png,T2/BCD_r0043_c0054.png,0,masks/BCD_r0043_c0054.png,0.00000000
BCD_r0043_c0055,T1/BCD_r0043_c0055.png,T2/BCD_r0043_c0055.png,0,masks/BCD_r0043_c0055.png,0.00000000
BCD_r0043_c0056,T1/BCD_r0043_c0056.png,T2/BCD_r0043_c0056.png,0,masks/BCD_r0043_c0056.png,0.00000000
BCD_r0043_c0057,T1/BCD_r0043_c0057.png,T2/BCD_r0043_c0057.png,0,masks/BCD_r0043_c0057.png,0.00000000
BCD_r0043_c0058,T1/BCD_r0043_c0058.png,T2/BCD_r0043_c0058.png,0,masks/BCD_r0043_c0058.png,0.00000000
BCD_r0043_c0059,T1/BCD_r0043_c0059.png,T2/BCD_r0043_c0059.png,0,masks/BCD_r0043_c0059.png,0.00000000
BCD_r0043_c0060,T1/BCD_r0043_c0060.png,T2/BCD_r0043_c0060.png,0,masks/BCD_r0043_c0060.png,0.00000000
BCD_r0043_c0061,T1/BCD_r0043_c0061.png,T2/BCD_r0043_c0061.png,0,masks/BCD_r0043_c0061.png,0.00000000
BCD_r0043_c0062,T1/BCD_r0043_c0062.png,T2/BCD_r0043_c0062.png,0,masks/BCD_r0043_c0062.png,0.00000000
BCD_r0043_c0063,T1/BCD_r0043_c0063.png,T2/BCD_r0043_c0063.png,0,masks/BCD_r0043_c0063.png,0.00000000
BCD_r0043_c0064,T1/BCD_r0043_c0064.png,T2/BCD_r0043_c0064.png,0,masks/BCD_r0043_c0064.png,0.00000000
BCD_r0043_c0065,T1/BCD_r0043_c0065.png,T2/BCD_r0043_c0065.png,0,masks/BCD_r0043_c0065.png,0.00000000
BCD_r0043_c0066,T1/BCD_r0043_c0066.png,T2/BCD_r0043_c0066.png,1,masks/BCD_r0043_c0066.png,0.05994898
BCD_r0043_c0067,T1/BCD_r0043_c0067.png,T2/BCD_r0043_c0067.png,1,masks/BCD_r0043_c0067.png,0.20920360
BCD_r0043_c0068,T1/BCD_r0043_c0068.png,T2/BCD_r0043_c0068.png,1,masks/BCD_r0043_c0068.png,0.05440848
BCD_r0043_c0069,T1/BCD_r0043_c0069.png,T2/BCD_r0043_c0069.png,1,masks/BCD_r0043_c0069.png,0.33133371
BCD_r0043_c0070,T1/BCD_r0043_c0070.png,T2/BCD_r0043_c0070.png,1,masks/BCD_r0043_c0070.png,0.08221062
BCD_r0043_c0071,T1/BCD_r0043_c0071.png,T2/BCD_r0043_c0071.png,1,masks/BCD_r0043_c0071.png,0.40411751
BCD_r0043_c0072,T1/BCD_r0043_c0072.png,T2/BCD_r0043_c0072.png,1,masks/BCD_r0043_c0072.png,0.24196827
BCD_r0043_c0073,T1/BCD_r0043_c0073.png,T2/BCD_r0043_c0073.png,1,masks/BCD_r0043_c0073.png,0.44557159
BCD_r0043_c0074,T1/BCD_r0043_c0074.png,T2/BCD_r0043_c0074.png,1,masks/BCD_r0043_c0074.png,0.02319834
BCD_r0043_c0075,T1/BCD_r0043_c0075.png,T2/BCD_r0043_c0075.png,0,masks/BCD_r0043_c0075.png,0.00000000
BCD_r0043_c0076,T1/BCD_r0043_c0076.png,T2/BCD_r0043_c0076.png,0,masks/BCD_r0043_c0076.png,0.00000000
BCD_r0043_c0077,T1/BCD_r0043_c0077.png,T2/BCD_r0043_c0077.png,0,masks/BCD_r0043_c0077.png,0.00000000
BCD_r0043_c0078,T1/BCD_r0043_c0078.png,T2/BCD_r0043_c0078.png,0,masks/BCD_r0043_c0078.png,0.00000000
BCD_r0043_c0079,T1/BCD_r0043_c0079.png,T2/BCD_r0043_c0079.png,0,masks/BCD_r0043_c0079.png,0.00000000
BCD_r0043_c0080,T1/BCD_r0043_c0080.png,T2/BCD_r0043_c0080.png,0,masks/BCD_r0043_c0080.png,0.00000000
BCD_r0043_c0081,T1/BCD_r0043_c0081.png,T2/BCD_r0043_c0081.png,1,masks/BCD_r0043_c0081.png,0.17129703
BCD_r0043_c0082,T1/BCD_r0043_c0082.png,T2/BCD_r0043_c0082.png,1,masks/BCD_r0043_c0082.png,0.44118702
BCD_r0043_c0083,T1/BCD_r0043_c0083.png,T2/BCD_r0043_c0083.png,1,masks/BCD_r0043_c0083.png,0.41880580
BCD_r0043_c0084,T1/BCD_r0043_c0084.png,T2/BCD_r0043_c0084.png,1,masks/BCD_r0043_c0084.png,0.21693638
BCD_r0043_c0085,T1/BCD_r0043_c0085.png,T2/BCD_r0043_c0085.png,1,masks/BCD_r0043_c0085.png,0.22712054
BCD_r0043_c0086,T1/BCD_r0043_c0086.png,T2/BCD_r0043_c0086.png,1,masks/BCD_r0043_c0086.png,0.41808833
BCD_r0043_c0087,T1/BCD_r0043_c0087.png,T2/BCD_r0043_c0087.png,1,masks/BCD_r0043_c0087.png,0.08372529
BCD_r0043_c0088,T1/BCD_r0043_c0088.png,T2/BCD_r0043_c0088.png,1,masks/BCD_r0043_c0088.png,0.39140226
BCD_r0043_c0089,T1/BCD_r0043_c0089.png,T2/BCD_r0043_c0089.png,1,masks/BCD_r0043_c0089.png,0.31897720
BCD_r0043_c0090,T1/BCD_r0043_c0090.png,T2/BCD_r0043_c0090.png,1,masks/BCD_r0043_c0090.png,0.24904337
BCD_r0043_c0091,T1/BCD_r0043_c0091.png,T2/BCD_r0043_c0091.png,1,masks/BCD_r0043_c0091.png,0.33306760
BCD_r0043_c0092,T1/BCD_r0043_c0092.png,T2/BCD_r0043_c0092.png,1,masks/BCD_r0043_c0092.png,0.33607701
BCD_r0043_c0093,T1/BCD_r0043_c0093.png,T2/BCD_r0043_c0093.png,1,masks/BCD_r0043_c0093.png,0.25597895
BCD_r0043_c0094,T1/BCD_r0043_c0094.png,T2/BCD_r0043_c0094.png,1,masks/BCD_r0043_c0094.png,0.18174027
BCD_r0043_c0095,T1/BCD_r0043_c0095.png,T2/BCD_r0043_c0095.png,1,masks/BCD_r0043_c0095.png,0.29300861
BCD_r0043_c0096,T1/BCD_r0043_c0096.png,T2/BCD_r0043_c0096.png,1,masks/BCD_r0043_c0096.png,0.00167411
BCD_r0043_c0097,T1/BCD_r0043_c0097.png,T2/BCD_r0043_c0097.png,1,masks/BCD_r0043_c0097.png,0.33852838
BCD_r0043_c0098,T1/BCD_r0043_c0098.png,T2/BCD_r0043_c0098.png,1,masks/BCD_r0043_c0098.png,0.27682557
BCD_r0043_c0099,T1/BCD_r0043_c0099.png,T2/BCD_r0043_c0099.png,1,masks/BCD_r0043_c0099.png,0.38271285
BCD_r0043_c0100,T1/BCD_r0043_c0100.png,T2/BCD_r0043_c0100.png,1,masks/BCD_r0043_c0100.png,0.40509407
BCD_r0043_c0101,T1/BCD_r0043_c0101.png,T2/BCD_r0043_c0101.png,1,masks/BCD_r0043_c0101.png,0.29673549
BCD_r0043_c0102,T1/BCD_r0043_c0102.png,T2/BCD_r0043_c0102.png,1,masks/BCD_r0043_c0102.png,0.34604193
BCD_r0043_c0103,T1/BCD_r0043_c0103.png,T2/BCD_r0043_c0103.png,0,masks/BCD_r0043_c0103.png,0.00000000
BCD_r0043_c0104,T1/BCD_r0043_c0104.png,T2/BCD_r0043_c0104.png,0,masks/BCD_r0043_c0104.png,0.00000000
BCD_r0043_c0105,T1/BCD_r0043_c0105.png,T2/BCD_r0043_c0105.png,0,masks/BCD_r0043_c0105.png,0.00000000
BCD_r0043_c0106,T1/BCD_r0043_c0106.png,T2/BCD_r0043_c0106.png,0,masks/BCD_r0043_c0106.png,0.00000000
BCD_r0043_c0107,T1/BCD_r0043_c0107.png,T2/BCD_r0043_c0107.png,0,masks/BCD_r0043_c0107.png,0.00000000
BCD_r0043_c0108,T1/BCD_r0043_c0108.png,T2/BCD_r0043_c0108.png,0,masks/BCD_r0043_c0108.png,0.00000000
BCD_r0043_c0109,T1/BCD_r0043_c0109.png,T2/BCD_r0043_c0109.png,0,masks/BCD_r0043_c0109.png,0.00000000
BCD_r0043_c0110,T1/BCD_r0043_c0110.png,T2/BCD_r0043_c0110.png,0,masks/BCD_r0043_c0110.png,0.00000000
BCD_r0043_c0111,T1/BCD_r0043_c0111.png,T2/BCD_r0043_c0111.png,0,masks/BCD_r0043_c0111.png,0.00000000
BCD_r0043_c0112,T1/BCD_r0043_c0112.png,T2/BCD_r0043_c0112.png,0,masks/BCD_r0043_c0112.png,0.00000000
BCD_r0043_c0113,T1/BCD_r0043_c0113.png,T2/BCD_r0043_c0113.png,0,masks/BCD_r0043_c0113.png,0.00000000
BCD_r0043_c0114,T1/BCD_r0043_c0114.png,T2/BCD_r0043_c0114.png,0,masks/BCD_r0043_c0114.png,0.00000000
BCD_r0043_c0115,T1/BCD_r0043_c0115.png,T2/BCD_r0043_c0115.png,0,masks/BCD_r0043_c0115.png,0.00000000
BCD_r0043_c0116,T1/BCD_r0043_c0116.png,T2/BCD_r0043_c0116.png,0,masks/BCD_r0043_c0116.png,0.00000000
BCD_r0043_c0117,T1/BCD_r0043_c0117.png,T2/BCD_r0043_c0117.png,0,masks/BCD_r0043_c0117.png,0.00000000
BCD_r0043_c0118,T1/BCD_r0043_c0118.png,T2/BCD_r0043_c0118.png,0,masks/BCD_r0043_c0118.png,0.00000000
BCD_r0043_c0119,T1/BCD_r0043_c0119.png,T2/BCD_r0043_c0119.png,0,masks/BCD_r0043_c0119.png,0.00000000
BCD_r0043_c0120,T1/BCD_r0043_c0120.png,T2/BCD_r0043_c0120.png,0,masks/BCD_r0043_c0120.png,0.00000000
BCD_r0043_c0121,T1/BCD_r0043_c0121.png,T2/BCD_r0043_c0121.png,0,masks/BCD_r0043_c0121.png,0.00000000
BCD_r0043_c0122,T1/BCD_r0043_c0122.png,T2/BCD_r0043_c0122.png,0,masks/BCD_r0043_c0122.png,0.00000000
BCD_r0043_c0123,T1/BCD_r0043_c0123.png,T2/BCD_r0043_c0123.png,0,masks/BCD_r0043_c0123.png,0.00000000
BCD_r0043_c0124,T1/BCD_r0043_c0124.png,T2/BCD_r0043_c0124.png,0,masks/BCD_r0043_c0124.png,0.00000000
BCD_r0043_c0125,T1/BCD_r0043_c0125.png,T2/BCD_r0043_c0125.png,0,masks/BCD_r0043_c0125.png,0.00000000
BCD_r0043_c0126,T1/BCD_r0043_c0126.png,T2/BCD_r0043_c0126.png,0,masks/BCD_r0043_c0126.png,0.00000000
BCD_r0043_c0127,T1/BCD_r0043_c0127.png,T2/BCD_r0043_c0127.png,0,masks/BCD_r0043_c0127.png,0.00000000
BCD_r0043_c0128,T1/BCD_r0043_c0128.png,T2/BCD_r0043_c0128.png,0,masks/BCD_r0043_c0128.png,0.00000000
BCD_r0043_c0129,T1/BCD_r0043_c0129.png,T2/BCD_r0043_c0129.png,0,masks/BCD_r0043_c0129.png,0.00000000
BCD_r0043_c0130,T1/BCD_r0043_c0130.png,T2/BCD_r0043_c0130.png,0,masks/BCD_r0043_c0130.png,0.00000000
BCD_r0043_c0131,T1/BCD_r0043_c0131.png,T2/BCD_r0043_c0131.png,0,masks/BCD_r0043_c0131.png,0.00000000
BCD_r0043_c0132,T1/BCD_r0043_c0132.png,T2/BCD_r0043_c0132.png,0,masks/BCD_r0043_c0132.png,0.00000000
BCD_r0043_c0133,T1/BCD_r0043_c0133.png,T2/BCD_r0043_c0133.png,0,masks/BCD_r0043_c0133.png,0.00000000
BCD_r0043_c0134,T1/BCD_r0043_c0134.png,T2/BCD_r0043_c0134.png,0,masks/BCD_r0043_c0134.png,0.00000000
BCD_r0043_c0135,T1/BCD_r0043_c0135.png,T2/BCD_r0043_c0135.png,1,masks/BCD_r0043_c0135.png,0.03435906
BCD_r0043_c0136,T1/BCD_r0043_c0136.png,T2/BCD_r0043_c0136.png,0,masks/BCD_r0043_c0136.png,0.00000000
BCD_r0043_c0137,T1/BCD_r0043_c0137.png,T2/BCD_r0043_c0137.png,0,masks/BCD_r0043_c0137.png,0.00000000
BCD_r0043_c0138,T1/BCD_r0043_c0138.png,T2/BCD_r0043_c0138.png,0,masks/BCD_r0043_c0138.png,0.00000000
BCD_r0043_c0139,T1/BCD_r0043_c0139.png,T2/BCD_r0043_c0139.png,0,masks/BCD_r0043_c0139.png,0.00000000
BCD_r0043_c0140,T1/BCD_r0043_c0140.png,T2/BCD_r0043_c0140.png,0,masks/BCD_r0043_c0140.png,0.00000000
BCD_r0043_c0141,T1/BCD_r0043_c0141.png,T2/BCD_r0043_c0141.png,0,masks/BCD_r0043_c0141.png,0.00000000
BCD_r0043_c0142,T1/BCD_r0043_c0142.png,T2/BCD_r0043_c0142.png,0,masks/BCD_r0043_c0142.png,0.00000000
BCD_r0043_c0143,T1/BCD_r0043_c0143.png,T2/BCD_r0043_c0143.png,0,masks/BCD_r0043_c0143.png,0.00000000
BCD_r0043_c0144,T1/BCD_r0043_c0144.png,T2/BCD_r0043_c0144.png,0,masks/BCD_r0043_c0144.png,0.00000000
BCD_r0044_c0000,T1/BCD_r0044_c0000.png,T2/BCD_r0044_c0000.png,0,masks/BCD_r0044_c0000.png,0.00000000
BCD_r0044_c0001,T1/BCD_r0044_c0001.png,T2/BCD_r0044_c0001.png,0,masks/BCD_r0044_c0001.png,0.00000000
BCD_r0044_c0002,T1/BCD_r0044_c0002.png,T2/BCD_r0044_c0002.png,0,masks/BCD_r0044_c0002.png,0.00000000
BCD_r0044_c0003,T1/BCD_r0044_c0003.png,T2/BCD_r0044_c0003.png,0,masks/BCD_r0044_c0003.png,0.00000000
BCD_r0044_c0004,T1/BCD_r0044_c0004.png,T2/BCD_r0044_c0004.png,0,masks/BCD_r0044_c0004.png,0.00000000
BCD_r0044_c0005,T1/BCD_r0044_c0005.png,T2/BCD_r0044_c0005.png,0,masks/BCD_r0044_c0005.png,0.00000000
BCD_r0044_c0006,T1/BCD_r0044_c0006.png,T2/BCD_r0044_c0006.png,0,masks/BCD_r0044_c0006.png,0.00000000
BCD_r0044_c0007,T1/BCD_r0044_c0007.png,T2/BCD_r0044_c0007.png,0,masks/BCD_r0044_c0007.png,0.00000000
BCD_r0044_c0008,T1/BCD_r0044_c0008.png,T2/BCD_r0044_c0008.png,0,masks/BCD_r0044_c0008.png,0.00000000
BCD_r0044_c0009,T1/BCD_r0044_c0009.png,T2/BCD_r0044_c0009.png,0,masks/BCD_r0044_c0009.png,0.00000000
BCD_r0044_c0010,T1/BCD_r0044_c0010.png,T2/BCD_r0044_c0010.png,0,masks/BCD_r0044_c0010.png,0.00000000
BCD_r0044_c0011,T1/BCD_r0044_c0011.png,T2/BCD_r0044_c0011.png,0,masks/BCD_r0044_c0011.png,0.00000000
BCD_r0044_c0012,T1/BCD_r0044_c0012.png,T2/BCD_r0044_c0012.png,0,masks/BCD_r0044_c0012.png,0.00000000
BCD_r0044_c0013,T1/BCD_r0044_c0013.png,T2/BCD_r0044_c0013.png,0,masks/BCD_r0044_c0013.png,0.00000000
BCD_r0044_c0014,T1/BCD_r0044_c0014.png,T2/BCD_r0044_c0014.png,0,masks/BCD_r0044_c0014.png,0.00000000
BCD_r0044_c0015,T1/BCD_r0044_c0015.png,T2/BCD_r0044_c0015.png,0,masks/BCD_r0044_c0015.png,0.00000000
BCD_r0044_c0016,T1/BCD_r0044_c0016.png,T2/BCD_r0044_c0016.png,0,masks/BCD_r0044_c0016.png,0.00000000
BCD_r0044_c0017,T1/BCD_r0044_c0017.png,T2/BCD_r0044_c0017.png,0,masks/BCD_r0044_c0017.png,0.00000000
BCD_r0044_c0018,T1/BCD_r0044_c0018.png,T2/BCD_r0044_c0018.png,0,masks/BCD_r0044_c0018.png,0.00000000
BCD_r0044_c0019,T1/BCD_r0044_c0019.png,T2/BCD_r0044_c0019.png,0,masks/BCD_r0044_c0019.png,0.00000000
BCD_r0044_c0020,T1/BCD_r0044_c0020.png,T2/BCD_r0044_c0020.png,0,masks/BCD_r0044_c0020.png,0.00000000
BCD_r0044_c0021,T1/BCD_r0044_c0021.png,T2/BCD_r0044_c0021.png,0,masks/BCD_r0044_c0021.png,0.00000000
BCD_r0044_c0022,T1/BCD_r0044_c0022.png,T2/BCD_r0044_c0022.png,0,masks/BCD_r0044_c0022.png,0.00000000
BCD_r0044_c0023,T1/BCD_r0044_c0023.png,T2/BCD_r0044_c0023.png,0,masks/BCD_r0044_c0023.png,0.00000000
BCD_r0044_c0024,T1/BCD_r0044_c0024.png,T2/BCD_r0044_c0024.png,0,masks/BCD_r0044_c0024.png,0.00000000
BCD_r0044_c0025,T1/BCD_r0044_c0025.png,T2/BCD_r0044_c0025.png,1,masks/BCD_r0044_c0025.png,0.01801658
BCD_r0044_c0026,T1/BCD_r0044_c0026.png,T2/BCD_r0044_c0026.png,0,masks/BCD_r0044_c0026.png,0.00000000
BCD_r0044_c0027,T1/BCD_r0044_c0027.png,T2/BCD_r0044_c0027.png,0,masks/BCD_r0044_c0027.png,0.00000000
BCD_r0044_c0028,T1/BCD_r0044_c0028.png,T2/BCD_r0044_c0028.png,0,masks/BCD_r0044_c0028.png,0.00000000
BCD_r0044_c0029,T1/BCD_r0044_c0029.png,T2/BCD_r0044_c0029.png,0,masks/BCD_r0044_c0029.png,0.00000000
BCD_r0044_c0030,T1/BCD_r0044_c0030.png,T2/BCD_r0044_c0030.png,0,masks/BCD_r0044_c0030.png,0.00000000
BCD_r0044_c0031,T1/BCD_r0044_c0031.png,T2/BCD_r0044_c0031.png,0,masks/BCD_r0044_c0031.png,0.00000000
BCD_r0044_c0032,T1/BCD_r0044_c0032.png,T2/BCD_r0044_c0032.png,0,masks/BCD_r0044_c0032.png,0.00000000
BCD_r0044_c0033,T1/BCD_r0044_c0033.png,T2/BCD_r0044_c0033.png,1,masks/BCD_r0044_c0033.png,0.03924187
BCD_r0044_c0034,T1/BCD_r0044_c0034.png,T2/BCD_r0044_c0034.png,1,masks/BCD_r0044_c0034.png,0.08057637
BCD_r0044_c0035,T1/BCD_r0044_c0035.png,T2/BCD_r0044_c0035.png,0,masks/BCD_r0044_c0035.png,0.00000000
BCD_r0044_c0036,T1/BCD_r0044_c0036.png,T2/BCD_r0044_c0036.png,0,masks/BCD_r0044_c0036.png,0.00000000
BCD_r0044_c0037,T1/BCD_r0044_c0037.png,T2/BCD_r0044_c0037.png,0,masks/BCD_r0044_c0037.png,0.00000000
BCD_r0044_c0038,T1/BCD_r0044_c0038.png,T2/BCD_r0044_c0038.png,0,masks/BCD_r0044_c0038.png,0.00000000
BCD_r0044_c0039,T1/BCD_r0044_c0039.png,T2/BCD_r0044_c0039.png,0,masks/BCD_r0044_c0039.png,0.00000000
BCD_r0044_c0040,T1/BCD_r0044_c0040.png,T2/BCD_r0044_c0040.png,0,masks/BCD_r0044_c0040.png,0.00000000
BCD_r0044_c0041,T1/BCD_r0044_c0041.png,T2/BCD_r0044_c0041.png,1,masks/BCD_r0044_c0041.png,0.02822066
BCD_r0044_c0042,T1/BCD_r0044_c0042.png,T2/BCD_r0044_c0042.png,1,masks/BCD_r0044_c0042.png,0.01638233
BCD_r0044_c0043,T1/BCD_r0044_c0043.png,T2/BCD_r0044_c0043.png,0,masks/BCD_r0044_c0043.png,0.00000000
BCD_r0044_c0044,T1/BCD_r0044_c0044.png,T2/BCD_r0044_c0044.png,0,masks/BCD_r0044_c0044.png,0.00000000
BCD_r0044_c0045,T1/BCD_r0044_c0045.png,T2/BCD_r0044_c0045.png,0,masks/BCD_r0044_c0045.png,0.00000000
BCD_r0044_c0046,T1/BCD_r0044_c0046.png,T2/BCD_r0044_c0046.png,0,masks/BCD_r0044_c0046.png,0.00000000
BCD_r0044_c0047,T1/BCD_r0044_c0047.png,T2/BCD_r0044_c0047.png,0,masks/BCD_r0044_c0047.png,0.00000000
BCD_r0044_c0048,T1/BCD_r0044_c0048.png,T2/BCD_r0044_c0048.png,0,masks/BCD_r0044_c0048.png,0.00000000
BCD_r0044_c0049,T1/BCD_r0044_c0049.png,T2/BCD_r0044_c0049.png,1,masks/BCD_r0044_c0049.png,0.11535395
BCD_r0044_c0050,T1/BCD_r0044_c0050.png,T2/BCD_r0044_c0050.png,0,masks/BCD_r0044_c0050.png,0.00000000
BCD_r0044_c0051,T1/BCD_r0044_c0051.png,T2/BCD_r0044_c0051.png,0,masks/BCD_r0044_c0051.png,0.00000000
BCD_r0044_c0052,T1/BCD_r0044_c0052.png,T2/BCD_r0044_c0052.png,0,masks/BCD_r0044_c0052.png,0.00000000
BCD_r0044_c0053,T1/BCD_r0044_c0053.png,T2/BCD_r0044_c0053.png,0,masks/BCD_r0044_c0053.png,0.00000000
BCD_r0044_c0054,T1/BCD_r0044_c0054.png,T2/BCD_r0044_c0054.png,0,masks/BCD_r0044_c0054.png,0.00000000
BCD_r0044_c0055,T1/BCD_r0044_c0055.png,T2/BCD_r0044_c0055.png,0,masks/BCD_r0044_c0055.png,0.00000000
BCD_r0044_c0056,T1/BCD_r0044_c0056.png,T2/BCD_r0044_c0056.png,0,masks/BCD_r0044_c0056.png,0.00000000
BCD_r0044_c0057,T1/BCD_r0044_c0057.png,T2/BCD_r0044_c0057.png,1,masks/BCD_r0044_c0057.png,0.00083705
BCD_r0044_c0058,T1/BCD_r0044_c0058.png,T2/BCD_r0044_c0058.png,1,masks/BCD_r0044_c0058.png,0.23824139
BCD_r0044_c0059,T1/BCD_r0044_c0059.png,T2/BCD_r0044_c0059.png,1,masks/BCD_r0044_c0059.png,0.00996492
BCD_r0044_c0060,T1/BCD_r0044_c0060.png,T2/BCD_r0044_c0060.png,0,masks/BCD_r0044_c0060.png,0.00000000
BCD_r0044_c0061,T1/BCD_r0044_c0061.png,T2/BCD_r0044_c0061.png,0,masks/BCD_r0044_c0061.png,0.00000000
BCD_r0044_c0062,T1/BCD_r0044_c0062.png,T2/BCD_r0044_c0062.png,0,masks/BCD_r0044_c0062.png,0.00000000
BCD_r0044_c0063,T1/BCD_r0044_c0063.png,T2/BCD_r0044_c0063.png,0,masks/BCD_r0044_c0063.png,0.00000000
BCD_r0044_c0064,T1/BCD_r0044_c0064.png,T2/BCD_r0044_c0064.png,0,masks/BCD_r0044_c0064.png,0.00000000
BCD_r0044_c0065,T1/BCD_r0044_c0065.png,T2/BCD_r0044_c0065.png,0,masks/BCD_r0044_c0065.png,0.00000000
BCD_r0044_c0066,T1/BCD_r0044_c0066.png,T2/BCD_r0044_c0066.png,0,masks/BCD_r0044_c0066.png,0.00000000
BCD_r0044_c0067,T1/BCD_r0044_c0067.png,T2/BCD_r0044_c0067.png,0,masks/BCD_r0044_c0067.png,0.00000000
BCD_r0044_c0068,T1/BCD_r0044_c0068.png,T2/BCD_r0044_c0068.png,1,masks/BCD_r0044_c0068.png,0.00101642
BCD_r0044_c0069,T1/BCD_r0044_c0069.png,T2/BCD_r0044_c0069.png,1,masks/BCD_r0044_c0069.png,0.25611846
BCD_r0044_c0070,T1/BCD_r0044_c0070.png,T2/BCD_r0044_c0070.png,1,masks/BCD_r0044_c0070.png,0.39329560
BCD_r0044_c0071,T1/BCD_r0044_c0071.png,T2/BCD_r0044_c0071.png,1,masks/BCD_r0044_c0071.png,0.34719786
BCD_r0044_c0072,T1/BCD_r0044_c0072.png,T2/BCD_r0044_c0072.png,1,masks/BCD_r0044_c0072.png,0.20190928
BCD_r0044_c0073,T1/BCD_r0044_c0073.png,T2/BCD_r0044_c0073.png,1,masks/BCD_r0044_c0073.png,0.43490912
BCD_r0044_c0074,T1/BCD_r0044_c0074.png,T2/BCD_r0044_c0074.png,1,masks/BCD_r0044_c0074.png,0.24579480
BCD_r0044_c0075,T1/BCD_r0044_c0075.png,T2/BCD_r0044_c0075.png,0,masks/BCD_r0044_c0075.png,0.00000000
BCD_r0044_c0076,T1/BCD_r0044_c0076.png,T2/BCD_r0044_c0076.png,0,masks/BCD_r0044_c0076.png,0.00000000
BCD_r0044_c0077,T1/BCD_r0044_c0077.png,T2/BCD_r0044_c0077.png,0,masks/BCD_r0044_c0077.png,0.00000000
BCD_r0044_c0078,T1/BCD_r0044_c0078.png,T2/BCD_r0044_c0078.png,1,masks/BCD_r0044_c0078.png,0.09510523
BCD_r0044_c0079,T1/BCD_r0044_c0079.png,T2/BCD_r0044_c0079.png,1,masks/BCD_r0044_c0079.png,0.02495217
BCD_r0044_c0080,T1/BCD_r0044_c0080.png,T2/BCD_r0044_c0080.png,1,masks/BCD_r0044_c0080.png,0.31943559
BCD_r0044_c0081,T1/BCD_r0044_c0081.png,T2/BCD_r0044_c0081.png,1,masks/BCD_r0044_c0081.png,0.46940768
BCD_r0044_c0082,T1/BCD_r0044_c0082.png,T2/BCD_r0044_c0082.png,1,masks/BCD_r0044_c0082.png,0.29157366
BCD_r0044_c0083,T1/BCD_r0044_c0083.png,T2/BCD_r0044_c0083.png,1,masks/BCD_r0044_c0083.png,0.18863600
BCD_r0044_c0084,T1/BCD_r0044_c0084.png,T2/BCD_r0044_c0084.png,1,masks/BCD_r0044_c0084.png,0.42330995
BCD_r0044_c0085,T1/BCD_r0044_c0085.png,T2/BCD_r0044_c0085.png,1,masks/BCD_r0044_c0085.png,0.32326212
BCD_r0044_c0086,T1/BCD_r0044_c0086.png,T2/BCD_r0044_c0086.png,1,masks/BCD_r0044_c0086.png,0.28995934
BCD_r0044_c0087,T1/BCD_r0044_c0087.png,T2/BCD_r0044_c0087.png,1,masks/BCD_r0044_c0087.png,0.50972577
BCD_r0044_c0088,T1/BCD_r0044_c0088.png,T2/BCD_r0044_c0088.png,1,masks/BCD_r0044_c0088.png,0.21777344
BCD_r0044_c0089,T1/BCD_r0044_c0089.png,T2/BCD_r0044_c0089.png,1,masks/BCD_r0044_c0089.png,0.33139349
BCD_r0044_c0090,T1/BCD_r0044_c0090.png,T2/BCD_r0044_c0090.png,1,masks/BCD_r0044_c0090.png,0.34464684
BCD_r0044_c0091,T1/BCD_r0044_c0091.png,T2/BCD_r0044_c0091.png,1,masks/BCD_r0044_c0091.png,0.20288584
BCD_r0044_c0092,T1/BCD_r0044_c0092.png,T2/BCD_r0044_c0092.png,1,masks/BCD_r0044_c0092.png,0.40599091
BCD_r0044_c0093,T1/BCD_r0044_c0093.png,T2/BCD_r0044_c0093.png,1,masks/BCD_r0044_c0093.png,0.48172433
BCD_r0044_c0094,T1/BCD_r0044_c0094.png,T2/BCD_r0044_c0094.png,1,masks/BCD_r0044_c0094.png,0.03906250
BCD_r0044_c0095,T1/BCD_r0044_c0095.png,T2/BCD_r0044_c0095.png,1,masks/BCD_r0044_c0095.png,0.27198262
BCD_r0044_c0096,T1/BCD_r0044_c0096.png,T2/BCD_r0044_c0096.png,1,masks/BCD_r0044_c0096.png,0.36082988
BCD_r0044_c0097,T1/BCD_r0044_c0097.png,T2/BCD_r0044_c0097.png,1,masks/BCD_r0044_c0097.png,0.01544563
BCD_r0044_c0098,T1/BCD_r0044_c0098.png,T2/BCD_r0044_c0098.png,1,masks/BCD_r0044_c0098.png,0.14805883
BCD_r0044_c0099,T1/BCD_r0044_c0099.png,T2/BCD_r0044_c0099.png,1,masks/BCD_r0044_c0099.png,0.46745456
BCD_r0044_c0100,T1/BCD_r0044_c0100.png,T2/BCD_r0044_c0100.png,1,masks/BCD_r0044_c0100.png,0.26329321
BCD_r0044_c0101,T1/BCD_r0044_c0101.png,T2/BCD_r0044_c0101.png,1,masks/BCD_r0044_c0101.png,0.30229592
BCD_r0044_c0102,T1/BCD_r0044_c0102.png,T2/BCD_r0044_c0102.png,1,masks/BCD_r0044_c0102.png,0.05865354
BCD_r0044_c0103,T1/BCD_r0044_c0103.png,T2/BCD_r0044_c0103.png,0,masks/BCD_r0044_c0103.png,0.00000000
BCD_r0044_c0104,T1/BCD_r0044_c0104.png,T2/BCD_r0044_c0104.png,0,masks/BCD_r0044_c0104.png,0.00000000
BCD_r0044_c0105,T1/BCD_r0044_c0105.png,T2/BCD_r0044_c0105.png,0,masks/BCD_r0044_c0105.png,0.00000000
BCD_r0044_c0106,T1/BCD_r0044_c0106.png,T2/BCD_r0044_c0106.png,0,masks/BCD_r0044_c0106.png,0.00000000
BCD_r0044_c0107,T1/BCD_r0044_c0107.png,T2/BCD_r0044_c0107.png,0,masks/BCD_r0044_c0107.png,0.00000000
BCD_r0044_c0108,T1/BCD_r0044_c0108.png,T2/BCD_r0044_c0108.png,0,masks/BCD_r0044_c0108.png,0.00000000
BCD_r0044_c0109,T1/BCD_r0044_c0109.png,T2/BCD_r0044_c0109.png,0,masks/BCD_r0044_c0109.png,0.00000000
BCD_r0044_c0110,T1/BCD_r0044_c0110.png,T2/BCD_r0044_c0110.png,0,masks/BCD_r0044_c0110.png,0.00000000
BCD_r0044_c0111,T1/BCD_r0044_c0111.png,T2/BCD_r0044_c0111.png,0,masks/BCD_r0044_c0111.png,0.00000000
BCD_r0044_c0112,T1/BCD_r0044_c0112.png,T2/BCD_r0044_c0112.png,0,masks/BCD_r0044_c0112.png,0.00000000
BCD_r0044_c0113,T1/BCD_r0044_c0113.png,T2/BCD_r0044_c0113.png,0,masks/BCD_r0044_c0113.png,0.00000000
BCD_r0044_c0114,T1/BCD_r0044_c0114.png,T2/BCD_r0044_c0114.png,0,masks/BCD_r0044_c0114.png,0.00000000
BCD_r0044_c0115,T1/BCD_r0044_c0115.png,T2/BCD_r0044_c0115.png,0,masks/BCD_r0044_c0115.png,0.00000000
BCD_r0044_c0116,T1/BCD_r0044_c0116.png,T2/BCD_r0044_c0116.png,0,masks/BCD_r0044_c0116.png,0.00000000
BCD_r0044_c0117,T1/BCD_r0044_c0117.png,T2/BCD_r0044_c0117.png,0,masks/BCD_r0044_c0117.png,0.00000000
BCD_r0044_c0118,T1/BCD_r0044_c0118.png,T2/BCD_r0044_c0118.png,0,masks/BCD_r0044_c0118.png,0.00000000
BCD_r0044_c0119,T1/BCD_r0044_c0119.png,T2/BCD_r0044_c0119.png,0,masks/BCD_r0044_c0119.png,0.00000000
BCD_r0044_c0120,T1/BCD_r0044_c0120.png,T2/BCD_r0044_c0120.png,0,masks/BCD_r0044_c0120.png,0.00000000
BCD_r0044_c0121,T1/BCD_r0044_c0121.png,T2/BCD_r0044_c0121.png,0,masks/BCD_r0044_c0121.png,0.00000000
BCD_r0044_c0122,T1/BCD_r0044_c0122.png,T2/BCD_r0044_c0122.png,0,masks/BCD_r0044_c0122.png,0.00000000
BCD_r0044_c0123,T1/BCD_r0044_c0123.png,T2/BCD_r0044_c0123.png,0,masks/BCD_r0044_c0123.png,0.00000000
BCD_r0044_c0124,T1/BCD_r0044_c0124.png,T2/BCD_r0044_c0124.png,0,masks/BCD_r0044_c0124.png,0.00000000
BCD_r0044_c0125,T1/BCD_r0044_c0125.png,T2/BCD_r0044_c0125.png,0,masks/BCD_r0044_c0125.png,0.00000000
BCD_r0044_c0126,T1/BCD_r0044_c0126.png,T2/BCD_r0044_c0126.png,0,masks/BCD_r0044_c0126.png,0.00000000
BCD_r0044_c0127,T1/BCD_r0044_c0127.png,T2/BCD_r0044_c0127.png,0,masks/BCD_r0044_c0127.png,0.00000000
BCD_r0044_c0128,T1/BCD_r0044_c0128.png,T2/BCD_r0044_c0128.png,0,masks/BCD_r0044_c0128.png,0.00000000
BCD_r0044_c0129,T1/BCD_r0044_c0129.png,T2/BCD_r0044_c0129.png,0,masks/BCD_r0044_c0129.png,0.00000000
BCD_r0044_c0130,T1/BCD_r0044_c0130.png,T2/BCD_r0044_c0130.png,0,masks/BCD_r0044_c0130.png,0.00000000
BCD_r0044_c0131,T1/BCD_r0044_c0131.png,T2/BCD_r0044_c0131.png,0,masks/BCD_r0044_c0131.png,0.00000000
BCD_r0044_c0132,T1/BCD_r0044_c0132.png,T2/BCD_r0044_c0132.png,0,masks/BCD_r0044_c0132.png,0.00000000
BCD_r0044_c0133,T1/BCD_r0044_c0133.png,T2/BCD_r0044_c0133.png,0,masks/BCD_r0044_c0133.png,0.00000000
BCD_r0044_c0134,T1/BCD_r0044_c0134.png,T2/BCD_r0044_c0134.png,0,masks/BCD_r0044_c0134.png,0.00000000
BCD_r0044_c0135,T1/BCD_r0044_c0135.png,T2/BCD_r0044_c0135.png,0,masks/BCD_r0044_c0135.png,0.00000000
BCD_r0044_c0136,T1/BCD_r0044_c0136.png,T2/BCD_r0044_c0136.png,0,masks/BCD_r0044_c0136.png,0.00000000
BCD_r0044_c0137,T1/BCD_r0044_c0137.png,T2/BCD_r0044_c0137.png,0,masks/BCD_r0044_c0137.png,0.00000000
BCD_r0044_c0138,T1/BCD_r0044_c0138.png,T2/BCD_r0044_c0138.png,0,masks/BCD_r0044_c0138.png,0.00000000
BCD_r0044_c0139,T1/BCD_r0044_c0139.png,T2/BCD_r0044_c0139.png,0,masks/BCD_r0044_c0139.png,0.00000000
BCD_r0044_c0140,T1/BCD_r0044_c0140.png,T2/BCD_r0044_c0140.png,0,masks/BCD_r0044_c0140.png,0.00000000
BCD_r0044_c0141,T1/BCD_r0044_c0141.png,T2/BCD_r0044_c0141.png,0,masks/BCD_r0044_c0141.png,0.00000000
BCD_r0044_c0142,T1/BCD_r0044_c0142.png,T2/BCD_r0044_c0142.png,0,masks/BCD_r0044_c0142.png,0.00000000
BCD_r0044_c0143,T1/BCD_r0044_c0143.png,T2/BCD_r0044_c0143.png,1,masks/BCD_r0044_c0143.png,0.00005979
BCD_r0044_c0144,T1/BCD_r0044_c0144.png,T2/BCD_r0044_c0144.png,1,masks/BCD_r0044_c0144.png,0.00583945
BCD_r0045_c0000,T1/BCD_r0045_c0000.png,T2/BCD_r0045_c0000.png,0,masks/BCD_r0045_c0000.png,0.00000000
BCD_r0045_c0001,T1/BCD_r0045_c0001.png,T2/BCD_r0045_c0001.png,0,masks/BCD_r0045_c0001.png,0.00000000
BCD_r0045_c0002,T1/BCD_r0045_c0002.png,T2/BCD_r0045_c0002.png,0,masks/BCD_r0045_c0002.png,0.00000000
BCD_r0045_c0003,T1/BCD_r0045_c0003.png,T2/BCD_r0045_c0003.png,0,masks/BCD_r0045_c0003.png,0.00000000
BCD_r0045_c0004,T1/BCD_r0045_c0004.png,T2/BCD_r0045_c0004.png,0,masks/BCD_r0045_c0004.png,0.00000000
BCD_r0045_c0005,T1/BCD_r0045_c0005.png,T2/BCD_r0045_c0005.png,0,masks/BCD_r0045_c0005.png,0.00000000
BCD_r0045_c0006,T1/BCD_r0045_c0006.png,T2/BCD_r0045_c0006.png,0,masks/BCD_r0045_c0006.png,0.00000000
BCD_r0045_c0007,T1/BCD_r0045_c0007.png,T2/BCD_r0045_c0007.png,0,masks/BCD_r0045_c0007.png,0.00000000
BCD_r0045_c0008,T1/BCD_r0045_c0008.png,T2/BCD_r0045_c0008.png,0,masks/BCD_r0045_c0008.png,0.00000000
BCD_r0045_c0009,T1/BCD_r0045_c0009.png,T2/BCD_r0045_c0009.png,0,masks/BCD_r0045_c0009.png,0.00000000
BCD_r0045_c0010,T1/BCD_r0045_c0010.png,T2/BCD_r0045_c0010.png,0,masks/BCD_r0045_c0010.png,0.00000000
BCD_r0045_c0011,T1/BCD_r0045_c0011.png,T2/BCD_r0045_c0011.png,0,masks/BCD_r0045_c0011.png,0.00000000
BCD_r0045_c0012,T1/BCD_r0045_c0012.png,T2/BCD_r0045_c0012.png,0,masks/BCD_r0045_c0012.png,0.00000000
BCD_r0045_c0013,T1/BCD_r0045_c0013.png,T2/BCD_r0045_c0013.png,0,masks/BCD_r0045_c0013.png,0.00000000
BCD_r0045_c0014,T1/BCD_r0045_c0014.png,T2/BCD_r0045_c0014.png,1,masks/BCD_r0045_c0014.png,0.05110013
BCD_r0045_c0015,T1/BCD_r0045_c0015.png,T2/BCD_r0045_c0015.png,1,masks/BCD_r0045_c0015.png,0.00611846
BCD_r0045_c0016,T1/BCD_r0045_c0016.png,T2/BCD_r0045_c0016.png,0,masks/BCD_r0045_c0016.png,0.00000000
BCD_r0045_c0017,T1/BCD_r0045_c0017.png,T2/BCD_r0045_c0017.png,0,masks/BCD_r0045_c0017.png,0.00000000
BCD_r0045_c0018,T1/BCD_r0045_c0018.png,T2/BCD_r0045_c0018.png,1,masks/BCD_r0045_c0018.png,0.12456154
BCD_r0045_c0019,T1/BCD_r0045_c0019.png,T2/BCD_r0045_c0019.png,1,masks/BCD_r0045_c0019.png,0.07106983
BCD_r0045_c0020,T1/BCD_r0045_c0020.png,T2/BCD_r0045_c0020.png,0,masks/BCD_r0045_c0020.png,0.00000000
BCD_r0045_c0021,T1/BCD_r0045_c0021.png,T2/BCD_r0045_c0021.png,0,masks/BCD_r0045_c0021.png,0.00000000
BCD_r0045_c0022,T1/BCD_r0045_c0022.png,T2/BCD_r0045_c0022.png,0,masks/BCD_r0045_c0022.png,0.00000000
BCD_r0045_c0023,T1/BCD_r0045_c0023.png,T2/BCD_r0045_c0023.png,0,masks/BCD_r0045_c0023.png,0.00000000
BCD_r0045_c0024,T1/BCD_r0045_c0024.png,T2/BCD_r0045_c0024.png,0,masks/BCD_r0045_c0024.png,0.00000000
BCD_r0045_c0025,T1/BCD_r0045_c0025.png,T2/BCD_r0045_c0025.png,0,masks/BCD_r0045_c0025.png,0.00000000
BCD_r0045_c0026,T1/BCD_r0045_c0026.png,T2/BCD_r0045_c0026.png,0,masks/BCD_r0045_c0026.png,0.00000000
BCD_r0045_c0027,T1/BCD_r0045_c0027.png,T2/BCD_r0045_c0027.png,0,masks/BCD_r0045_c0027.png,0.00000000
BCD_r0045_c0028,T1/BCD_r0045_c0028.png,T2/BCD_r0045_c0028.png,1,masks/BCD_r0045_c0028.png,0.01664142
BCD_r0045_c0029,T1/BCD_r0045_c0029.png,T2/BCD_r0045_c0029.png,1,masks/BCD_r0045_c0029.png,0.03394053
BCD_r0045_c0030,T1/BCD_r0045_c0030.png,T2/BCD_r0045_c0030.png,0,masks/BCD_r0045_c0030.png,0.00000000
BCD_r0045_c0031,T1/BCD_r0045_c0031.png,T2/BCD_r0045_c0031.png,0,masks/BCD_r0045_c0031.png,0.00000000
BCD_r0045_c0032,T1/BCD_r0045_c0032.png,T2/BCD_r0045_c0032.png,0,masks/BCD_r0045_c0032.png,0.00000000
BCD_r0045_c0033,T1/BCD_r0045_c0033.png,T2/BCD_r0045_c0033.png,0,masks/BCD_r0045_c0033.png,0.00000000
BCD_r0045_c0034,T1/BCD_r0045_c0034.png,T2/BCD_r0045_c0034.png,1,masks/BCD_r0045_c0034.png,0.02672592
BCD_r0045_c0035,T1/BCD_r0045_c0035.png,T2/BCD_r0045_c0035.png,0,masks/BCD_r0045_c0035.png,0.00000000
BCD_r0045_c0036,T1/BCD_r0045_c0036.png,T2/BCD_r0045_c0036.png,0,masks/BCD_r0045_c0036.png,0.00000000
BCD_r0045_c0037,T1/BCD_r0045_c0037.png,T2/BCD_r0045_c0037.png,0,masks/BCD_r0045_c0037.png,0.00000000
BCD_r0045_c0038,T1/BCD_r0045_c0038.png,T2/BCD_r0045_c0038.png,0,masks/BCD_r0045_c0038.png,0.00000000
BCD_r0045_c0039,T1/BCD_r0045_c0039.png,T2/BCD_r0045_c0039.png,0,masks/BCD_r0045_c0039.png,0.00000000
BCD_r0045_c0040,T1/BCD_r0045_c0040.png,T2/BCD_r0045_c0040.png,0,masks/BCD_r0045_c0040.png,0.00000000
BCD_r0045_c0041,T1/BCD_r0045_c0041.png,T2/BCD_r0045_c0041.png,0,masks/BCD_r0045_c0041.png,0.00000000
BCD_r0045_c0042,T1/BCD_r0045_c0042.png,T2/BCD_r0045_c0042.png,0,masks/BCD_r0045_c0042.png,0.00000000
BCD_r0045_c0043,T1/BCD_r0045_c0043.png,T2/BCD_r0045_c0043.png,0,masks/BCD_r0045_c0043.png,0.00000000
BCD_r0045_c0044,T1/BCD_r0045_c0044.png,T2/BCD_r0045_c0044.png,0,masks/BCD_r0045_c0044.png,0.00000000
BCD_r0045_c0045,T1/BCD_r0045_c0045.png,T2/BCD_r0045_c0045.png,0,masks/BCD_r0045_c0045.png,0.00000000
BCD_r0045_c0046,T1/BCD_r0045_c0046.png,T2/BCD_r0045_c0046.png,0,masks/BCD_r0045_c0046.png,0.00000000
BCD_r0045_c0047,T1/BCD_r0045_c0047.png,T2/BCD_r0045_c0047.png,0,masks/BCD_r0045_c0047.png,0.00000000
BCD_r0045_c0048,T1/BCD_r0045_c0048.png,T2/BCD_r0045_c0048.png,0,masks/BCD_r0045_c0048.png,0.00000000
BCD_r0045_c0049,T1/BCD_r0045_c0049.png,T2/BCD_r0045_c0049.png,0,masks/BCD_r0045_c0049.png,0.00000000
BCD_r0045_c0050,T1/BCD_r0045_c0050.png,T2/BCD_r0045_c0050.png,0,masks/BCD_r0045_c0050.png,0.00000000
BCD_r0045_c0051,T1/BCD_r0045_c0051.png,T2/BCD_r0045_c0051.png,0,masks/BCD_r0045_c0051.png,0.00000000
BCD_r0045_c0052,T1/BCD_r0045_c0052.png,T2/BCD_r0045_c0052.png,0,masks/BCD_r0045_c0052.png,0.00000000
BCD_r0045_c0053,T1/BCD_r0045_c0053.png,T2/BCD_r0045_c0053.png,0,masks/BCD_r0045_c0053.png,0.00000000
BCD_r0045_c0054,T1/BCD_r0045_c0054.png,T2/BCD_r0045_c0054.png,0,masks/BCD_r0045_c0054.png,0.00000000
BCD_r0045_c0055,T1/BCD_r0045_c0055.png,T2/BCD_r0045_c0055.png,0,masks/BCD_r0045_c0055.png,0.00000000
BCD_r0045_c0056,T1/BCD_r0045_c0056.png,T2/BCD_r0045_c0056.png,0,masks/BCD_r0045_c0056.png,0.00000000
BCD_r0045_c0057,T1/BCD_r0045_c0057.png,T2/BCD_r0045_c0057.png,0,masks/BCD_r0045_c0057.png,0.00000000
BCD_r0045_c0058,T1/BCD_r0045_c0058.png,T2/BCD_r0045_c0058.png,1,masks/BCD_r0045_c0058.png,0.01953125
BCD_r0045_c0059,T1/BCD_r0045_c0059.png,T2/BCD_r0045_c0059.png,0,masks/BCD_r0045_c0059.png,0.00000000
BCD_r0045_c0060,T1/BCD_r0045_c0060.png,T2/BCD_r0045_c0060.png,0,masks/BCD_r0045_c0060.png,0.00000000
BCD_r0045_c0061,T1/BCD_r0045_c0061.png,T2/BCD_r0045_c0061.png,0,masks/BCD_r0045_c0061.png,0.00000000
BCD_r0045_c0062,T1/BCD_r0045_c0062.png,T2/BCD_r0045_c0062.png,0,masks/BCD_r0045_c0062.png,0.00000000
BCD_r0045_c0063,T1/BCD_r0045_c0063.png,T2/BCD_r0045_c0063.png,0,masks/BCD_r0045_c0063.png,0.00000000
BCD_r0045_c0064,T1/BCD_r0045_c0064.png,T2/BCD_r0045_c0064.png,0,masks/BCD_r0045_c0064.png,0.00000000
BCD_r0045_c0065,T1/BCD_r0045_c0065.png,T2/BCD_r0045_c0065.png,0,masks/BCD_r0045_c0065.png,0.00000000
BCD_r0045_c0066,T1/BCD_r0045_c0066.png,T2/BCD_r0045_c0066.png,0,masks/BCD_r0045_c0066.png,0.00000000
BCD_r0045_c0067,T1/BCD_r0045_c0067.png,T2/BCD_r0045_c0067.png,0,masks/BCD_r0045_c0067.png,0.00000000
BCD_r0045_c0068,T1/BCD_r0045_c0068.png,T2/BCD_r0045_c0068.png,0,masks/BCD_r0045_c0068.png,0.00000000
BCD_r0045_c0069,T1/BCD_r0045_c0069.png,T2/BCD_r0045_c0069.png,1,masks/BCD_r0045_c0069.png,0.06688457
BCD_r0045_c0070,T1/BCD_r0045_c0070.png,T2/BCD_r0045_c0070.png,1,masks/BCD_r0045_c0070.png,0.31762197
BCD_r0045_c0071,T1/BCD_r0045_c0071.png,T2/BCD_r0045_c0071.png,1,masks/BCD_r0045_c0071.png,0.23702567
BCD_r0045_c0072,T1/BCD_r0045_c0072.png,T2/BCD_r0045_c0072.png,1,masks/BCD_r0045_c0072.png,0.49752870
BCD_r0045_c0073,T1/BCD_r0045_c0073.png,T2/BCD_r0045_c0073.png,1,masks/BCD_r0045_c0073.png,0.28276467
BCD_r0045_c0074,T1/BCD_r0045_c0074.png,T2/BCD_r0045_c0074.png,1,masks/BCD_r0045_c0074.png,0.45782844
BCD_r0045_c0075,T1/BCD_r0045_c0075.png,T2/BCD_r0045_c0075.png,1,masks/BCD_r0045_c0075.png,0.00119579
BCD_r0045_c0076,T1/BCD_r0045_c0076.png,T2/BCD_r0045_c0076.png,0,masks/BCD_r0045_c0076.png,0.00000000
BCD_r0045_c0077,T1/BCD_r0045_c0077.png,T2/BCD_r0045_c0077.png,0,masks/BCD_r0045_c0077.png,0.00000000
BCD_r0045_c0078,T1/BCD_r0045_c0078.png,T2/BCD_r0045_c0078.png,1,masks/BCD_r0045_c0078.png,0.07104990
BCD_r0045_c0079,T1/BCD_r0045_c0079.png,T2/BCD_r0045_c0079.png,1,masks/BCD_r0045_c0079.png,0.28812580
BCD_r0045_c0080,T1/BCD_r0045_c0080.png,T2/BCD_r0045_c0080.png,1,masks/BCD_r0045_c0080.png,0.46045918
BCD_r0045_c0081,T1/BCD_r0045_c0081.png,T2/BCD_r0045_c0081.png,1,masks/BCD_r0045_c0081.png,0.23690609
BCD_r0045_c0082,T1/BCD_r0045_c0082.png,T2/BCD_r0045_c0082.png,1,masks/BCD_r0045_c0082.png,0.25587930
BCD_r0045_c0083,T1/BCD_r0045_c0083.png,T2/BCD_r0045_c0083.png,1,masks/BCD_r0045_c0083.png,0.46711575
BCD_r0045_c0084,T1/BCD_r0045_c0084.png,T2/BCD_r0045_c0084.png,1,masks/BCD_r0045_c0084.png,0.25053811
BCD_r0045_c0085,T1/BCD_r0045_c0085.png,T2/BCD_r0045_c0085.png,1,masks/BCD_r0045_c0085.png,0.50713489
BCD_r0045_c0086,T1/BCD_r0045_c0086.png,T2/BCD_r0045_c0086.png,1,masks/BCD_r0045_c0086.png,0.17087851
BCD_r0045_c0087,T1/BCD_r0045_c0087.png,T2/BCD_r0045_c0087.png,1,masks/BCD_r0045_c0087.png,0.24681122
BCD_r0045_c0088,T1/BCD_r0045_c0088.png,T2/BCD_r0045_c0088.png,1,masks/BCD_r0045_c0088.png,0.07009327
BCD_r0045_c0089,T1/BCD_r0045_c0089.png,T2/BCD_r0045_c0089.png,1,masks/BCD_r0045_c0089.png,0.13733658
BCD_r0045_c0090,T1/BCD_r0045_c0090.png,T2/BCD_r0045_c0090.png,1,masks/BCD_r0045_c0090.png,0.14628508
BCD_r0045_c0091,T1/BCD_r0045_c0091.png,T2/BCD_r0045_c0091.png,1,masks/BCD_r0045_c0091.png,0.19515306
BCD_r0045_c0092,T1/BCD_r0045_c0092.png,T2/BCD_r0045_c0092.png,1,masks/BCD_r0045_c0092.png,0.16573661
BCD_r0045_c0093,T1/BCD_r0045_c0093.png,T2/BCD_r0045_c0093.png,1,masks/BCD_r0045_c0093.png,0.16900510
BCD_r0045_c0094,T1/BCD_r0045_c0094.png,T2/BCD_r0045_c0094.png,1,masks/BCD_r0045_c0094.png,0.49475845
BCD_r0045_c0095,T1/BCD_r0045_c0095.png,T2/BCD_r0045_c0095.png,1,masks/BCD_r0045_c0095.png,0.35917570
BCD_r0045_c0096,T1/BCD_r0045_c0096.png,T2/BCD_r0045_c0096.png,1,masks/BCD_r0045_c0096.png,0.38809391
BCD_r0045_c0097,T1/BCD_r0045_c0097.png,T2/BCD_r0045_c0097.png,1,masks/BCD_r0045_c0097.png,0.43211894
BCD_r0045_c0098,T1/BCD_r0045_c0098.png,T2/BCD_r0045_c0098.png,1,masks/BCD_r0045_c0098.png,0.03288425
BCD_r0045_c0099,T1/BCD_r0045_c0099.png,T2/BCD_r0045_c0099.png,1,masks/BCD_r0045_c0099.png,0.42125717
BCD_r0045_c0100,T1/BCD_r0045_c0100.png,T2/BCD_r0045_c0100.png,1,masks/BCD_r0045_c0100.png,0.01622290
BCD_r0045_c0101,T1/BCD_r0045_c0101.png,T2/BCD_r0045_c0101.png,1,masks/BCD_r0045_c0101.png,0.05110013
BCD_r0045_c0102,T1/BCD_r0045_c0102.png,T2/BCD_r0045_c0102.png,0,masks/BCD_r0045_c0102.png,0.00000000
BCD_r0045_c0103,T1/BCD_r0045_c0103.png,T2/BCD_r0045_c0103.png,0,masks/BCD_r0045_c0103.png,0.00000000
BCD_r0045_c0104,T1/BCD_r0045_c0104.png,T2/BCD_r0045_c0104.png,0,masks/BCD_r0045_c0104.png,0.00000000
BCD_r0045_c0105,T1/BCD_r0045_c0105.png,T2/BCD_r0045_c0105.png,0,masks/BCD_r0045_c0105.png,0.00000000
BCD_r0045_c0106,T1/BCD_r0045_c0106.png,T2/BCD_r0045_c0106.png,0,masks/BCD_r0045_c0106.png,0.00000000
BCD_r0045_c0107,T1/BCD_r0045_c0107.png,T2/BCD_r0045_c0107.png,0,masks/BCD_r0045_c0107.png,0.00000000
BCD_r0045_c0108,T1/BCD_r0045_c0108.png,T2/BCD_r0045_c0108.png,0,masks/BCD_r0045_c0108.png,0.00000000
BCD_r0045_c0109,T1/BCD_r0045_c0109.png,T2/BCD_r0045_c0109.png,0,masks/BCD_r0045_c0109.png,0.00000000
BCD_r0045_c0110,T1/BCD_r0045_c0110.png,T2/BCD_r0045_c0110.png,0,masks/BCD_r0045_c0110.png,0.00000000
BCD_r0045_c0111,T1/BCD_r0045_c0111.png,T2/BCD_r0045_c0111.png,0,masks/BCD_r0045_c0111.png,0.00000000
BCD_r0045_c0112,T1/BCD_r0045_c0112.png,T2/BCD_r0045_c0112.png,0,masks/BCD_r0045_c0112.png,0.00000000
BCD_r0045_c0113,T1/BCD_r0045_c0113.png,T2/BCD_r0045_c0113.png,0,masks/BCD_r0045_c0113.png,0.00000000
BCD_r0045_c0114,T1/BCD_r0045_c0114.png,T2/BCD_r0045_c0114.png,0,masks/BCD_r0045_c0114.png,0.00000000
BCD_r0045_c0115,T1/BCD_r0045_c0115.png,T2/BCD_r0045_c0115.png,0,masks/BCD_r0045_c0115.png,0.00000000
BCD_r0045_c0116,T1/BCD_r0045_c0116.png,T2/BCD_r0045_c0116.png,0,masks/BCD_r0045_c0116.png,0.00000000
BCD_r0045_c0117,T1/BCD_r0045_c0117.png,T2/BCD_r0045_c0117.png,0,masks/BCD_r0045_c0117.png,0.00000000
BCD_r0045_c0118,T1/BCD_r0045_c0118.png,T2/BCD_r0045_c0118.png,0,masks/BCD_r0045_c0118.png,0.00000000
BCD_r0045_c0119,T1/BCD_r0045_c0119.png,T2/BCD_r0045_c0119.png,0,masks/BCD_r0045_c0119.png,0.00000000
BCD_r0045_c0120,T1/BCD_r0045_c0120.png,T2/BCD_r0045_c0120.png,0,masks/BCD_r0045_c0120.png,0.00000000
BCD_r0045_c0121,T1/BCD_r0045_c0121.png,T2/BCD_r0045_c0121.png,0,masks/BCD_r0045_c0121.png,0.00000000
BCD_r0045_c0122,T1/BCD_r0045_c0122.png,T2/BCD_r0045_c0122.png,0,masks/BCD_r0045_c0122.png,0.00000000
BCD_r0045_c0123,T1/BCD_r0045_c0123.png,T2/BCD_r0045_c0123.png,0,masks/BCD_r0045_c0123.png,0.00000000
BCD_r0045_c0124,T1/BCD_r0045_c0124.png,T2/BCD_r0045_c0124.png,0,masks/BCD_r0045_c0124.png,0.00000000
BCD_r0045_c0125,T1/BCD_r0045_c0125.png,T2/BCD_r0045_c0125.png,0,masks/BCD_r0045_c0125.png,0.00000000
BCD_r0045_c0126,T1/BCD_r0045_c0126.png,T2/BCD_r0045_c0126.png,0,masks/BCD_r0045_c0126.png,0.00000000
BCD_r0045_c0127,T1/BCD_r0045_c0127.png,T2/BCD_r0045_c0127.png,0,masks/BCD_r0045_c0127.png,0.00000000
BCD_r0045_c0128,T1/BCD_r0045_c0128.png,T2/BCD_r0045_c0128.png,0,masks/BCD_r0045_c0128.png,0.00000000
BCD_r0045_c0129,T1/BCD_r0045_c0129.png,T2/BCD_r0045_c0129.png,0,masks/BCD_r0045_c0129.png,0.00000000
BCD_r0045_c0130,T1/BCD_r0045_c0130.png,T2/BCD_r0045_c0130.png,0,masks/BCD_r0045_c0130.png,0.00000000
BCD_r0045_c0131,T1/BCD_r0045_c0131.png,T2/BCD_r0045_c0131.png,0,masks/BCD_r0045_c0131.png,0.00000000
BCD_r0045_c0132,T1/BCD_r0045_c0132.png,T2/BCD_r0045_c0132.png,0,masks/BCD_r0045_c0132.png,0.00000000
BCD_r0045_c0133,T1/BCD_r0045_c0133.png,T2/BCD_r0045_c0133.png,0,masks/BCD_r0045_c0133.png,0.00000000
BCD_r0045_c0134,T1/BCD_r0045_c0134.png,T2/BCD_r0045_c0134.png,0,masks/BCD_r0045_c0134.png,0.00000000
BCD_r0045_c0135,T1/BCD_r0045_c0135.png,T2/BCD_r0045_c0135.png,0,masks/BCD_r0045_c0135.png,0.00000000
BCD_r0045_c0136,T1/BCD_r0045_c0136.png,T2/BCD_r0045_c0136.png,0,masks/BCD_r0045_c0136.png,0.00000000
BCD_r0045_c0137,T1/BCD_r0045_c0137.png,T2/BCD_r0045_c0137.png,0,masks/BCD_r0045_c0137.png,0.00000000
BCD_r0045_c0138,T1/BCD_r0045_c0138.png,T2/BCD_r0045_c0138.png,1,masks/BCD_r0045_c0138.png,0.02897800
BCD_r0045_c0139,T1/BCD_r0045_c0139.png,T2/BCD_r0045_c0139.png,0,masks/BCD_r0045_c0139.png,0.00000000
BCD_r0045_c0140,T1/BCD_r0045_c0140.png,T2/BCD_r0045_c0140.png,0,masks/BCD_r0045_c0140.png,0.00000000
BCD_r0045_c0141,T1/BCD_r0045_c0141.png,T2/BCD_r0045_c0141.png,0,masks/BCD_r0045_c0141.png,0.00000000
BCD_r0045_c0142,T1/BCD_r0045_c0142.png,T2/BCD_r0045_c0142.png,0,masks/BCD_r0045_c0142.png,0.00000000
BCD_r0045_c0143,T1/BCD_r0045_c0143.png,T2/BCD_r0045_c0143.png,1,masks/BCD_r0045_c0143.png,0.04203205
BCD_r0045_c0144,T1/BCD_r0045_c0144.png,T2/BCD_r0045_c0144.png,1,masks/BCD_r0045_c0144.png,0.01028380
BCD_r0046_c0000,T1/BCD_r0046_c0000.png,T2/BCD_r0046_c0000.png,0,masks/BCD_r0046_c0000.png,0.00000000
BCD_r0046_c0001,T1/BCD_r0046_c0001.png,T2/BCD_r0046_c0001.png,0,masks/BCD_r0046_c0001.png,0.00000000
BCD_r0046_c0002,T1/BCD_r0046_c0002.png,T2/BCD_r0046_c0002.png,0,masks/BCD_r0046_c0002.png,0.00000000
BCD_r0046_c0003,T1/BCD_r0046_c0003.png,T2/BCD_r0046_c0003.png,0,masks/BCD_r0046_c0003.png,0.00000000
BCD_r0046_c0004,T1/BCD_r0046_c0004.png,T2/BCD_r0046_c0004.png,0,masks/BCD_r0046_c0004.png,0.00000000
BCD_r0046_c0005,T1/BCD_r0046_c0005.png,T2/BCD_r0046_c0005.png,0,masks/BCD_r0046_c0005.png,0.00000000
BCD_r0046_c0006,T1/BCD_r0046_c0006.png,T2/BCD_r0046_c0006.png,0,masks/BCD_r0046_c0006.png,0.00000000
BCD_r0046_c0007,T1/BCD_r0046_c0007.png,T2/BCD_r0046_c0007.png,0,masks/BCD_r0046_c0007.png,0.00000000
BCD_r0046_c0008,T1/BCD_r0046_c0008.png,T2/BCD_r0046_c0008.png,0,masks/BCD_r0046_c0008.png,0.00000000
BCD_r0046_c0009,T1/BCD_r0046_c0009.png,T2/BCD_r0046_c0009.png,0,masks/BCD_r0046_c0009.png,0.00000000
BCD_r0046_c0010,T1/BCD_r0046_c0010.png,T2/BCD_r0046_c0010.png,0,masks/BCD_r0046_c0010.png,0.00000000
BCD_r0046_c0011,T1/BCD_r0046_c0011.png,T2/BCD_r0046_c0011.png,0,masks/BCD_r0046_c0011.png,0.00000000
BCD_r0046_c0012,T1/BCD_r0046_c0012.png,T2/BCD_r0046_c0012.png,0,masks/BCD_r0046_c0012.png,0.00000000
BCD_r0046_c0013,T1/BCD_r0046_c0013.png,T2/BCD_r0046_c0013.png,0,masks/BCD_r0046_c0013.png,0.00000000
BCD_r0046_c0014,T1/BCD_r0046_c0014.png,T2/BCD_r0046_c0014.png,1,masks/BCD_r0046_c0014.png,0.00033881
BCD_r0046_c0015,T1/BCD_r0046_c0015.png,T2/BCD_r0046_c0015.png,0,masks/BCD_r0046_c0015.png,0.00000000
BCD_r0046_c0016,T1/BCD_r0046_c0016.png,T2/BCD_r0046_c0016.png,0,masks/BCD_r0046_c0016.png,0.00000000
BCD_r0046_c0017,T1/BCD_r0046_c0017.png,T2/BCD_r0046_c0017.png,0,masks/BCD_r0046_c0017.png,0.00000000
BCD_r0046_c0018,T1/BCD_r0046_c0018.png,T2/BCD_r0046_c0018.png,1,masks/BCD_r0046_c0018.png,0.04346700
BCD_r0046_c0019,T1/BCD_r0046_c0019.png,T2/BCD_r0046_c0019.png,1,masks/BCD_r0046_c0019.png,0.16940370
BCD_r0046_c0020,T1/BCD_r0046_c0020.png,T2/BCD_r0046_c0020.png,1,masks/BCD_r0046_c0020.png,0.04924665
BCD_r0046_c0021,T1/BCD_r0046_c0021.png,T2/BCD_r0046_c0021.png,0,masks/BCD_r0046_c0021.png,0.00000000
BCD_r0046_c0022,T1/BCD_r0046_c0022.png,T2/BCD_r0046_c0022.png,0,masks/BCD_r0046_c0022.png,0.00000000
BCD_r0046_c0023,T1/BCD_r0046_c0023.png,T2/BCD_r0046_c0023.png,0,masks/BCD_r0046_c0023.png,0.00000000
BCD_r0046_c0024,T1/BCD_r0046_c0024.png,T2/BCD_r0046_c0024.png,0,masks/BCD_r0046_c0024.png,0.00000000
BCD_r0046_c0025,T1/BCD_r0046_c0025.png,T2/BCD_r0046_c0025.png,0,masks/BCD_r0046_c0025.png,0.00000000
BCD_r0046_c0026,T1/BCD_r0046_c0026.png,T2/BCD_r0046_c0026.png,0,masks/BCD_r0046_c0026.png,0.00000000
BCD_r0046_c0027,T1/BCD_r0046_c0027.png,T2/BCD_r0046_c0027.png,0,masks/BCD_r0046_c0027.png,0.00000000
BCD_r0046_c0028,T1/BCD_r0046_c0028.png,T2/BCD_r0046_c0028.png,0,masks/BCD_r0046_c0028.png,0.00000000
BCD_r0046_c0029,T1/BCD_r0046_c0029.png,T2/BCD_r0046_c0029.png,1,masks/BCD_r0046_c0029.png,0.03170839
BCD_r0046_c0030,T1/BCD_r0046_c0030.png,T2/BCD_r0046_c0030.png,0,masks/BCD_r0046_c0030.png,0.00000000
BCD_r0046_c0031,T1/BCD_r0046_c0031.png,T2/BCD_r0046_c0031.png,0,masks/BCD_r0046_c0031.png,0.00000000
BCD_r0046_c0032,T1/BCD_r0046_c0032.png,T2/BCD_r0046_c0032.png,1,masks/BCD_r0046_c0032.png,0.00003986
BCD_r0046_c0033,T1/BCD_r0046_c0033.png,T2/BCD_r0046_c0033.png,0,masks/BCD_r0046_c0033.png,0.00000000
BCD_r0046_c0034,T1/BCD_r0046_c0034.png,T2/BCD_r0046_c0034.png,0,masks/BCD_r0046_c0034.png,0.00000000
BCD_r0046_c0035,T1/BCD_r0046_c0035.png,T2/BCD_r0046_c0035.png,0,masks/BCD_r0046_c0035.png,0.00000000
BCD_r0046_c0036,T1/BCD_r0046_c0036.png,T2/BCD_r0046_c0036.png,0,masks/BCD_r0046_c0036.png,0.00000000
BCD_r0046_c0037,T1/BCD_r0046_c0037.png,T2/BCD_r0046_c0037.png,0,masks/BCD_r0046_c0037.png,0.00000000
BCD_r0046_c0038,T1/BCD_r0046_c0038.png,T2/BCD_r0046_c0038.png,0,masks/BCD_r0046_c0038.png,0.00000000
BCD_r0046_c0039,T1/BCD_r0046_c0039.png,T2/BCD_r0046_c0039.png,0,masks/BCD_r0046_c0039.png,0.00000000
BCD_r0046_c0040,T1/BCD_r0046_c0040.png,T2/BCD_r0046_c0040.png,0,masks/BCD_r0046_c0040.png,0.00000000
BCD_r0046_c0041,T1/BCD_r0046_c0041.png,T2/BCD_r0046_c0041.png,0,masks/BCD_r0046_c0041.png,0.00000000
BCD_r0046_c0042,T1/BCD_r0046_c0042.png,T2/BCD_r0046_c0042.png,0,masks/BCD_r0046_c0042.png,0.00000000
BCD_r0046_c0043,T1/BCD_r0046_c0043.png,T2/BCD_r0046_c0043.png,0,masks/BCD_r0046_c0043.png,0.00000000
BCD_r0046_c0044,T1/BCD_r0046_c0044.png,T2/BCD_r0046_c0044.png,0,masks/BCD_r0046_c0044.png,0.00000000
BCD_r0046_c0045,T1/BCD_r0046_c0045.png,T2/BCD_r0046_c0045.png,0,masks/BCD_r0046_c0045.png,0.00000000
BCD_r0046_c0046,T1/BCD_r0046_c0046.png,T2/BCD_r0046_c0046.png,0,masks/BCD_r0046_c0046.png,0.00000000
BCD_r0046_c0047,T1/BCD_r0046_c0047.png,T2/BCD_r0046_c0047.png,0,masks/BCD_r0046_c0047.png,0.00000000
BCD_r0046_c0048,T1/BCD_r0046_c0048.png,T2/BCD_r0046_c0048.png,0,masks/BCD_r0046_c0048.png,0.00000000
BCD_r0046_c0049,T1/BCD_r0046_c0049.png,T2/BCD_r0046_c0049.png,0,masks/BCD_r0046_c0049.png,0.00000000
BCD_r0046_c0050,T1/BCD_r0046_c0050.png,T2/BCD_r0046_c0050.png,0,masks/BCD_r0046_c0050.png,0.00000000
BCD_r0046_c0051,T1/BCD_r0046_c0051.png,T2/BCD_r0046_c0051.png,0,masks/BCD_r0046_c0051.png,0.00000000
BCD_r0046_c0052,T1/BCD_r0046_c0052.png,T2/BCD_r0046_c0052.png,0,masks/BCD_r0046_c0052.png,0.00000000
BCD_r0046_c0053,T1/BCD_r0046_c0053.png,T2/BCD_r0046_c0053.png,0,masks/BCD_r0046_c0053.png,0.00000000
BCD_r0046_c0054,T1/BCD_r0046_c0054.png,T2/BCD_r0046_c0054.png,0,masks/BCD_r0046_c0054.png,0.00000000
BCD_r0046_c0055,T1/BCD_r0046_c0055.png,T2/BCD_r0046_c0055.png,0,masks/BCD_r0046_c0055.png,0.00000000
BCD_r0046_c0056,T1/BCD_r0046_c0056.png,T2/BCD_r0046_c0056.png,0,masks/BCD_r0046_c0056.png,0.00000000
BCD_r0046_c0057,T1/BCD_r0046_c0057.png,T2/BCD_r0046_c0057.png,0,masks/BCD_r0046_c0057.png,0.00000000
BCD_r0046_c0058,T1/BCD_r0046_c0058.png,T2/BCD_r0046_c0058.png,0,masks/BCD_r0046_c0058.png,0.00000000
BCD_r0046_c0059,T1/BCD_r0046_c0059.png,T2/BCD_r0046_c0059.png,0,masks/BCD_r0046_c0059.png,0.00000000
BCD_r0046_c0060,T1/BCD_r0046_c0060.png,T2/BCD_r0046_c0060.png,0,masks/BCD_r0046_c0060.png,0.00000000
BCD_r0046_c0061,T1/BCD_r0046_c0061.png,T2/BCD_r0046_c0061.png,0,masks/BCD_r0046_c0061.png,0.00000000
BCD_r0046_c0062,T1/BCD_r0046_c0062.png,T2/BCD_r0046_c0062.png,0,masks/BCD_r0046_c0062.png,0.00000000
BCD_r0046_c0063,T1/BCD_r0046_c0063.png,T2/BCD_r0046_c0063.png,0,masks/BCD_r0046_c0063.png,0.00000000
BCD_r0046_c0064,T1/BCD_r0046_c0064.png,T2/BCD_r0046_c0064.png,0,masks/BCD_r0046_c0064.png,0.00000000
BCD_r0046_c0065,T1/BCD_r0046_c0065.png,T2/BCD_r0046_c0065.png,0,masks/BCD_r0046_c0065.png,0.00000000
BCD_r0046_c0066,T1/BCD_r0046_c0066.png,T2/BCD_r0046_c0066.png,0,masks/BCD_r0046_c0066.png,0.00000000
BCD_r0046_c0067,T1/BCD_r0046_c0067.png,T2/BCD_r0046_c0067.png,0,masks/BCD_r0046_c0067.png,0.00000000
BCD_r0046_c0068,T1/BCD_r0046_c0068.png,T2/BCD_r0046_c0068.png,0,masks/BCD_r0046_c0068.png,0.00000000
BCD_r0046_c0069,T1/BCD_r0046_c0069.png,T2/BCD_r0046_c0069.png,0,masks/BCD_r0046_c0069.png,0.00000000
BCD_r0046_c0070,T1/BCD_r0046_c0070.png,T2/BCD_r0046_c0070.png,1,masks/BCD_r0046_c0070.png,0.28599330
BCD_r0046_c0071,T1/BCD_r0046_c0071.png,T2/BCD_r0046_c0071.png,1,masks/BCD_r0046_c0071.png,0.40611049
BCD_r0046_c0072,T1/BCD_r0046_c0072.png,T2/BCD_r0046_c0072.png,1,masks/BCD_r0046_c0072.png,0.27535077
BCD_r0046_c0073,T1/BCD_r0046_c0073.png,T2/BCD_r0046_c0073.png,1,masks/BCD_r0046_c0073.png,0.27210220
BCD_r0046_c0074,T1/BCD_r0046_c0074.png,T2/BCD_r0046_c0074.png,1,masks/BCD_r0046_c0074.png,0.29436384
BCD_r0046_c0075,T1/BCD_r0046_c0075.png,T2/BCD_r0046_c0075.png,1,masks/BCD_r0046_c0075.png,0.19321987
BCD_r0046_c0076,T1/BCD_r0046_c0076.png,T2/BCD_r0046_c0076.png,1,masks/BCD_r0046_c0076.png,0.02134487
BCD_r0046_c0077,T1/BCD_r0046_c0077.png,T2/BCD_r0046_c0077.png,1,masks/BCD_r0046_c0077.png,0.19481425
BCD_r0046_c0078,T1/BCD_r0046_c0078.png,T2/BCD_r0046_c0078.png,1,masks/BCD_r0046_c0078.png,0.35909598
BCD_r0046_c0079,T1/BCD_r0046_c0079.png,T2/BCD_r0046_c0079.png,1,masks/BCD_r0046_c0079.png,0.12703284
BCD_r0046_c0080,T1/BCD_r0046_c0080.png,T2/BCD_r0046_c0080.png,1,masks/BCD_r0046_c0080.png,0.18353396
BCD_r0046_c0081,T1/BCD_r0046_c0081.png,T2/BCD_r0046_c0081.png,1,masks/BCD_r0046_c0081.png,0.47167969
BCD_r0046_c0082,T1/BCD_r0046_c0082.png,T2/BCD_r0046_c0082.png,1,masks/BCD_r0046_c0082.png,0.27533084
BCD_r0046_c0083,T1/BCD_r0046_c0083.png,T2/BCD_r0046_c0083.png,1,masks/BCD_r0046_c0083.png,0.37252870
BCD_r0046_c0084,T1/BCD_r0046_c0084.png,T2/BCD_r0046_c0084.png,1,masks/BCD_r0046_c0084.png,0.42871094
BCD_r0046_c0085,T1/BCD_r0046_c0085.png,T2/BCD_r0046_c0085.png,1,masks/BCD_r0046_c0085.png,0.23865992
BCD_r0046_c0086,T1/BCD_r0046_c0086.png,T2/BCD_r0046_c0086.png,1,masks/BCD_r0046_c0086.png,0.31883769
BCD_r0046_c0087,T1/BCD_r0046_c0087.png,T2/BCD_r0046_c0087.png,1,masks/BCD_r0046_c0087.png,0.51791693
BCD_r0046_c0088,T1/BCD_r0046_c0088.png,T2/BCD_r0046_c0088.png,1,masks/BCD_r0046_c0088.png,0.19090800
BCD_r0046_c0089,T1/BCD_r0046_c0089.png,T2/BCD_r0046_c0089.png,0,masks/BCD_r0046_c0089.png,0.00000000
BCD_r0046_c0090,T1/BCD_r0046_c0090.png,T2/BCD_r0046_c0090.png,1,masks/BCD_r0046_c0090.png,0.32053173
BCD_r0046_c0091,T1/BCD_r0046_c0091.png,T2/BCD_r0046_c0091.png,1,masks/BCD_r0046_c0091.png,0.33486129
BCD_r0046_c0092,T1/BCD_r0046_c0092.png,T2/BCD_r0046_c0092.png,1,masks/BCD_r0046_c0092.png,0.40531330
BCD_r0046_c0093,T1/BCD_r0046_c0093.png,T2/BCD_r0046_c0093.png,1,masks/BCD_r0046_c0093.png,0.28298390
BCD_r0046_c0094,T1/BCD_r0046_c0094.png,T2/BCD_r0046_c0094.png,1,masks/BCD_r0046_c0094.png,0.41458068
BCD_r0046_c0095,T1/BCD_r0046_c0095.png,T2/BCD_r0046_c0095.png,1,masks/BCD_r0046_c0095.png,0.28067203
BCD_r0046_c0096,T1/BCD_r0046_c0096.png,T2/BCD_r0046_c0096.png,1,masks/BCD_r0046_c0096.png,0.29677535
BCD_r0046_c0097,T1/BCD_r0046_c0097.png,T2/BCD_r0046_c0097.png,1,masks/BCD_r0046_c0097.png,0.38464605
BCD_r0046_c0098,T1/BCD_r0046_c0098.png,T2/BCD_r0046_c0098.png,1,masks/BCD_r0046_c0098.png,0.03087133
BCD_r0046_c0099,T1/BCD_r0046_c0099.png,T2/BCD_r0046_c0099.png,1,masks/BCD_r0046_c0099.png,0.15696747
BCD_r0046_c0100,T1/BCD_r0046_c0100.png,T2/BCD_r0046_c0100.png,1,masks/BCD_r0046_c0100.png,0.00255102
BCD_r0046_c0101,T1/BCD_r0046_c0101.png,T2/BCD_r0046_c0101.png,0,masks/BCD_r0046_c0101.png,0.00000000
BCD_r0046_c0102,T1/BCD_r0046_c0102.png,T2/BCD_r0046_c0102.png,1,masks/BCD_r0046_c0102.png,0.10379464
BCD_r0046_c0103,T1/BCD_r0046_c0103.png,T2/BCD_r0046_c0103.png,1,masks/BCD_r0046_c0103.png,0.68287628
BCD_r0046_c0104,T1/BCD_r0046_c0104.png,T2/BCD_r0046_c0104.png,1,masks/BCD_r0046_c0104.png,0.13167650
BCD_r0046_c0105,T1/BCD_r0046_c0105.png,T2/BCD_r0046_c0105.png,1,masks/BCD_r0046_c0105.png,0.12647481
BCD_r0046_c0106,T1/BCD_r0046_c0106.png,T2/BCD_r0046_c0106.png,0,masks/BCD_r0046_c0106.png,0.00000000
BCD_r0046_c0107,T1/BCD_r0046_c0107.png,T2/BCD_r0046_c0107.png,0,masks/BCD_r0046_c0107.png,0.00000000
BCD_r0046_c0108,T1/BCD_r0046_c0108.png,T2/BCD_r0046_c0108.png,0,masks/BCD_r0046_c0108.png,0.00000000
BCD_r0046_c0109,T1/BCD_r0046_c0109.png,T2/BCD_r0046_c0109.png,0,masks/BCD_r0046_c0109.png,0.00000000
BCD_r0046_c0110,T1/BCD_r0046_c0110.png,T2/BCD_r0046_c0110.png,0,masks/BCD_r0046_c0110.png,0.00000000
BCD_r0046_c0111,T1/BCD_r0046_c0111.png,T2/BCD_r0046_c0111.png,0,masks/BCD_r0046_c0111.png,0.00000000
BCD_r0046_c0112,T1/BCD_r0046_c0112.png,T2/BCD_r0046_c0112.png,0,masks/BCD_r0046_c0112.png,0.00000000
BCD_r0046_c0113,T1/BCD_r0046_c0113.png,T2/BCD_r0046_c0113.png,0,masks/BCD_r0046_c0113.png,0.00000000
BCD_r0046_c0114,T1/BCD_r0046_c0114.png,T2/BCD_r0046_c0114.png,0,masks/BCD_r0046_c0114.png,0.00000000
BCD_r0046_c0115,T1/BCD_r0046_c0115.png,T2/BCD_r0046_c0115.png,0,masks/BCD_r0046_c0115.png,0.00000000
BCD_r0046_c0116,T1/BCD_r0046_c0116.png,T2/BCD_r0046_c0116.png,0,masks/BCD_r0046_c0116.png,0.00000000
BCD_r0046_c0117,T1/BCD_r0046_c0117.png,T2/BCD_r0046_c0117.png,0,masks/BCD_r0046_c0117.png,0.00000000
BCD_r0046_c0118,T1/BCD_r0046_c0118.png,T2/BCD_r0046_c0118.png,0,masks/BCD_r0046_c0118.png,0.00000000
BCD_r0046_c0119,T1/BCD_r0046_c0119.png,T2/BCD_r0046_c0119.png,0,masks/BCD_r0046_c0119.png,0.00000000
BCD_r0046_c0120,T1/BCD_r0046_c0120.png,T2/BCD_r0046_c0120.png,0,masks/BCD_r0046_c0120.png,0.00000000
BCD_r0046_c0121,T1/BCD_r0046_c0121.png,T2/BCD_r0046_c0121.png,0,masks/BCD_r0046_c0121.png,0.00000000
BCD_r0046_c0122,T1/BCD_r0046_c0122.png,T2/BCD_r0046_c0122.png,0,masks/BCD_r0046_c0122.png,0.00000000
BCD_r0046_c0123,T1/BCD_r0046_c0123.png,T2/BCD_r0046_c0123.png,0,masks/BCD_r0046_c0123.png,0.00000000
BCD_r0046_c0124,T1/BCD_r0046_c0124.png,T2/BCD_r0046_c0124.png,0,masks/BCD_r0046_c0124.png,0.00000000
BCD_r0046_c0125,T1/BCD_r0046_c0125.png,T2/BCD_r0046_c0125.png,0,masks/BCD_r0046_c0125.png,0.00000000
BCD_r0046_c0126,T1/BCD_r0046_c0126.png,T2/BCD_r0046_c0126.png,0,masks/BCD_r0046_c0126.png,0.00000000
BCD_r0046_c0127,T1/BCD_r0046_c0127.png,T2/BCD_r0046_c0127.png,0,masks/BCD_r0046_c0127.png,0.00000000
BCD_r0046_c0128,T1/BCD_r0046_c0128.png,T2/BCD_r0046_c0128.png,0,masks/BCD_r0046_c0128.png,0.00000000
BCD_r0046_c0129,T1/BCD_r0046_c0129.png,T2/BCD_r0046_c0129.png,0,masks/BCD_r0046_c0129.png,0.00000000
BCD_r0046_c0130,T1/BCD_r0046_c0130.png,T2/BCD_r0046_c0130.png,0,masks/BCD_r0046_c0130.png,0.00000000
BCD_r0046_c0131,T1/BCD_r0046_c0131.png,T2/BCD_r0046_c0131.png,0,masks/BCD_r0046_c0131.png,0.00000000
BCD_r0046_c0132,T1/BCD_r0046_c0132.png,T2/BCD_r0046_c0132.png,0,masks/BCD_r0046_c0132.png,0.00000000
BCD_r0046_c0133,T1/BCD_r0046_c0133.png,T2/BCD_r0046_c0133.png,0,masks/BCD_r0046_c0133.png,0.00000000
BCD_r0046_c0134,T1/BCD_r0046_c0134.png,T2/BCD_r0046_c0134.png,0,masks/BCD_r0046_c0134.png,0.00000000
BCD_r0046_c0135,T1/BCD_r0046_c0135.png,T2/BCD_r0046_c0135.png,0,masks/BCD_r0046_c0135.png,0.00000000
BCD_r0046_c0136,T1/BCD_r0046_c0136.png,T2/BCD_r0046_c0136.png,0,masks/BCD_r0046_c0136.png,0.00000000
BCD_r0046_c0137,T1/BCD_r0046_c0137.png,T2/BCD_r0046_c0137.png,0,masks/BCD_r0046_c0137.png,0.00000000
BCD_r0046_c0138,T1/BCD_r0046_c0138.png,T2/BCD_r0046_c0138.png,0,masks/BCD_r0046_c0138.png,0.00000000
BCD_r0046_c0139,T1/BCD_r0046_c0139.png,T2/BCD_r0046_c0139.png,0,masks/BCD_r0046_c0139.png,0.00000000
BCD_r0046_c0140,T1/BCD_r0046_c0140.png,T2/BCD_r0046_c0140.png,0,masks/BCD_r0046_c0140.png,0.00000000
BCD_r0046_c0141,T1/BCD_r0046_c0141.png,T2/BCD_r0046_c0141.png,0,masks/BCD_r0046_c0141.png,0.00000000
BCD_r0046_c0142,T1/BCD_r0046_c0142.png,T2/BCD_r0046_c0142.png,1,masks/BCD_r0046_c0142.png,0.00994499
BCD_r0046_c0143,T1/BCD_r0046_c0143.png,T2/BCD_r0046_c0143.png,1,masks/BCD_r0046_c0143.png,0.11166693
BCD_r0046_c0144,T1/BCD_r0046_c0144.png,T2/BCD_r0046_c0144.png,1,masks/BCD_r0046_c0144.png,0.00500239
BCD_r0047_c0000,T1/BCD_r0047_c0000.png,T2/BCD_r0047_c0000.png,0,masks/BCD_r0047_c0000.png,0.00000000
BCD_r0047_c0001,T1/BCD_r0047_c0001.png,T2/BCD_r0047_c0001.png,0,masks/BCD_r0047_c0001.png,0.00000000
BCD_r0047_c0002,T1/BCD_r0047_c0002.png,T2/BCD_r0047_c0002.png,0,masks/BCD_r0047_c0002.png,0.00000000
BCD_r0047_c0003,T1/BCD_r0047_c0003.png,T2/BCD_r0047_c0003.png,0,masks/BCD_r0047_c0003.png,0.00000000
BCD_r0047_c0004,T1/BCD_r0047_c0004.png,T2/BCD_r0047_c0004.png,0,masks/BCD_r0047_c0004.png,0.00000000
BCD_r0047_c0005,T1/BCD_r0047_c0005.png,T2/BCD_r0047_c0005.png,0,masks/BCD_r0047_c0005.png,0.00000000
BCD_r0047_c0006,T1/BCD_r0047_c0006.png,T2/BCD_r0047_c0006.png,0,masks/BCD_r0047_c0006.png,0.00000000
BCD_r0047_c0007,T1/BCD_r0047_c0007.png,T2/BCD_r0047_c0007.png,0,masks/BCD_r0047_c0007.png,0.00000000
BCD_r0047_c0008,T1/BCD_r0047_c0008.png,T2/BCD_r0047_c0008.png,0,masks/BCD_r0047_c0008.png,0.00000000
BCD_r0047_c0009,T1/BCD_r0047_c0009.png,T2/BCD_r0047_c0009.png,0,masks/BCD_r0047_c0009.png,0.00000000
BCD_r0047_c0010,T1/BCD_r0047_c0010.png,T2/BCD_r0047_c0010.png,0,masks/BCD_r0047_c0010.png,0.00000000
BCD_r0047_c0011,T1/BCD_r0047_c0011.png,T2/BCD_r0047_c0011.png,0,masks/BCD_r0047_c0011.png,0.00000000
BCD_r0047_c0012,T1/BCD_r0047_c0012.png,T2/BCD_r0047_c0012.png,0,masks/BCD_r0047_c0012.png,0.00000000
BCD_r0047_c0013,T1/BCD_r0047_c0013.png,T2/BCD_r0047_c0013.png,0,masks/BCD_r0047_c0013.png,0.00000000
BCD_r0047_c0014,T1/BCD_r0047_c0014.png,T2/BCD_r0047_c0014.png,0,masks/BCD_r0047_c0014.png,0.00000000
BCD_r0047_c0015,T1/BCD_r0047_c0015.png,T2/BCD_r0047_c0015.png,0,masks/BCD_r0047_c0015.png,0.00000000
BCD_r0047_c0016,T1/BCD_r0047_c0016.png,T2/BCD_r0047_c0016.png,0,masks/BCD_r0047_c0016.png,0.00000000
BCD_r0047_c0017,T1/BCD_r0047_c0017.png,T2/BCD_r0047_c0017.png,0,masks/BCD_r0047_c0017.png,0.00000000
BCD_r0047_c0018,T1/BCD_r0047_c0018.png,T2/BCD_r0047_c0018.png,0,masks/BCD_r0047_c0018.png,0.00000000
BCD_r0047_c0019,T1/BCD_r0047_c0019.png,T2/BCD_r0047_c0019.png,1,masks/BCD_r0047_c0019.png,0.02670599
BCD_r0047_c0020,T1/BCD_r0047_c0020.png,T2/BCD_r0047_c0020.png,1,masks/BCD_r0047_c0020.png,0.20691167
BCD_r0047_c0021,T1/BCD_r0047_c0021.png,T2/BCD_r0047_c0021.png,1,masks/BCD_r0047_c0021.png,0.01546556
BCD_r0047_c0022,T1/BCD_r0047_c0022.png,T2/BCD_r0047_c0022.png,0,masks/BCD_r0047_c0022.png,0.00000000
BCD_r0047_c0023,T1/BCD_r0047_c0023.png,T2/BCD_r0047_c0023.png,0,masks/BCD_r0047_c0023.png,0.00000000
BCD_r0047_c0024,T1/BCD_r0047_c0024.png,T2/BCD_r0047_c0024.png,0,masks/BCD_r0047_c0024.png,0.00000000
BCD_r0047_c0025,T1/BCD_r0047_c0025.png,T2/BCD_r0047_c0025.png,0,masks/BCD_r0047_c0025.png,0.00000000
BCD_r0047_c0026,T1/BCD_r0047_c0026.png,T2/BCD_r0047_c0026.png,0,masks/BCD_r0047_c0026.png,0.00000000
BCD_r0047_c0027,T1/BCD_r0047_c0027.png,T2/BCD_r0047_c0027.png,0,masks/BCD_r0047_c0027.png,0.00000000
BCD_r0047_c0028,T1/BCD_r0047_c0028.png,T2/BCD_r0047_c0028.png,0,masks/BCD_r0047_c0028.png,0.00000000
BCD_r0047_c0029,T1/BCD_r0047_c0029.png,T2/BCD_r0047_c0029.png,0,masks/BCD_r0047_c0029.png,0.00000000
BCD_r0047_c0030,T1/BCD_r0047_c0030.png,T2/BCD_r0047_c0030.png,0,masks/BCD_r0047_c0030.png,0.00000000
BCD_r0047_c0031,T1/BCD_r0047_c0031.png,T2/BCD_r0047_c0031.png,0,masks/BCD_r0047_c0031.png,0.00000000
BCD_r0047_c0032,T1/BCD_r0047_c0032.png,T2/BCD_r0047_c0032.png,1,masks/BCD_r0047_c0032.png,0.10897640
BCD_r0047_c0033,T1/BCD_r0047_c0033.png,T2/BCD_r0047_c0033.png,0,masks/BCD_r0047_c0033.png,0.00000000
BCD_r0047_c0034,T1/BCD_r0047_c0034.png,T2/BCD_r0047_c0034.png,0,masks/BCD_r0047_c0034.png,0.00000000
BCD_r0047_c0035,T1/BCD_r0047_c0035.png,T2/BCD_r0047_c0035.png,0,masks/BCD_r0047_c0035.png,0.00000000
BCD_r0047_c0036,T1/BCD_r0047_c0036.png,T2/BCD_r0047_c0036.png,0,masks/BCD_r0047_c0036.png,0.00000000
BCD_r0047_c0037,T1/BCD_r0047_c0037.png,T2/BCD_r0047_c0037.png,0,masks/BCD_r0047_c0037.png,0.00000000
BCD_r0047_c0038,T1/BCD_r0047_c0038.png,T2/BCD_r0047_c0038.png,0,masks/BCD_r0047_c0038.png,0.00000000
BCD_r0047_c0039,T1/BCD_r0047_c0039.png,T2/BCD_r0047_c0039.png,0,masks/BCD_r0047_c0039.png,0.00000000
BCD_r0047_c0040,T1/BCD_r0047_c0040.png,T2/BCD_r0047_c0040.png,0,masks/BCD_r0047_c0040.png,0.00000000
BCD_r0047_c0041,T1/BCD_r0047_c0041.png,T2/BCD_r0047_c0041.png,0,masks/BCD_r0047_c0041.png,0.00000000
BCD_r0047_c0042,T1/BCD_r0047_c0042.png,T2/BCD_r0047_c0042.png,0,masks/BCD_r0047_c0042.png,0.00000000
BCD_r0047_c0043,T1/BCD_r0047_c0043.png,T2/BCD_r0047_c0043.png,0,masks/BCD_r0047_c0043.png,0.00000000
BCD_r0047_c0044,T1/BCD_r0047_c0044.png,T2/BCD_r0047_c0044.png,0,masks/BCD_r0047_c0044.png,0.00000000
BCD_r0047_c0045,T1/BCD_r0047_c0045.png,T2/BCD_r0047_c0045.png,0,masks/BCD_r0047_c0045.png,0.00000000
BCD_r0047_c0046,T1/BCD_r0047_c0046.png,T2/BCD_r0047_c0046.png,0,masks/BCD_r0047_c0046.png,0.00000000
BCD_r0047_c0047,T1/BCD_r0047_c0047.png,T2/BCD_r0047_c0047.png,0,masks/BCD_r0047_c0047.png,0.00000000
BCD_r0047_c0048,T1/BCD_r0047_c0048.png,T2/BCD_r0047_c0048.png,0,masks/BCD_r0047_c0048.png,0.00000000
BCD_r0047_c0049,T1/BCD_r0047_c0049.png,T2/BCD_r0047_c0049.png,0,masks/BCD_r0047_c0049.png,0.00000000
BCD_r0047_c0050,T1/BCD_r0047_c0050.png,T2/BCD_r0047_c0050.png,0,masks/BCD_r0047_c0050.png,0.00000000
BCD_r0047_c0051,T1/BCD_r0047_c0051.png,T2/BCD_r0047_c0051.png,0,masks/BCD_r0047_c0051.png,0.00000000
BCD_r0047_c0052,T1/BCD_r0047_c0052.png,T2/BCD_r0047_c0052.png,0,masks/BCD_r0047_c0052.png,0.00000000
BCD_r0047_c0053,T1/BCD_r0047_c0053.png,T2/BCD_r0047_c0053.png,0,masks/BCD_r0047_c0053.png,0.00000000
BCD_r0047_c0054,T1/BCD_r0047_c0054.png,T2/BCD_r0047_c0054.png,0,masks/BCD_r0047_c0054.png,0.00000000
BCD_r0047_c0055,T1/BCD_r0047_c0055.png,T2/BCD_r0047_c0055.png,0,masks/BCD_r0047_c0055.png,0.00000000
BCD_r0047_c0056,T1/BCD_r0047_c0056.png,T2/BCD_r0047_c0056.png,0,masks/BCD_r0047_c0056.png,0.00000000
BCD_r0047_c0057,T1/BCD_r0047_c0057.png,T2/BCD_r0047_c0057.png,1,masks/BCD_r0047_c0057.png,0.02662628
BCD_r0047_c0058,T1/BCD_r0047_c0058.png,T2/BCD_r0047_c0058.png,1,masks/BCD_r0047_c0058.png,0.23011001
BCD_r0047_c0059,T1/BCD_r0047_c0059.png,T2/BCD_r0047_c0059.png,0,masks/BCD_r0047_c0059.png,0.00000000
BCD_r0047_c0060,T1/BCD_r0047_c0060.png,T2/BCD_r0047_c0060.png,0,masks/BCD_r0047_c0060.png,0.00000000
BCD_r0047_c0061,T1/BCD_r0047_c0061.png,T2/BCD_r0047_c0061.png,0,masks/BCD_r0047_c0061.png,0.00000000
BCD_r0047_c0062,T1/BCD_r0047_c0062.png,T2/BCD_r0047_c0062.png,0,masks/BCD_r0047_c0062.png,0.00000000
BCD_r0047_c0063,T1/BCD_r0047_c0063.png,T2/BCD_r0047_c0063.png,1,masks/BCD_r0047_c0063.png,0.01387117
BCD_r0047_c0064,T1/BCD_r0047_c0064.png,T2/BCD_r0047_c0064.png,0,masks/BCD_r0047_c0064.png,0.00000000
BCD_r0047_c0065,T1/BCD_r0047_c0065.png,T2/BCD_r0047_c0065.png,0,masks/BCD_r0047_c0065.png,0.00000000
BCD_r0047_c0066,T1/BCD_r0047_c0066.png,T2/BCD_r0047_c0066.png,0,masks/BCD_r0047_c0066.png,0.00000000
BCD_r0047_c0067,T1/BCD_r0047_c0067.png,T2/BCD_r0047_c0067.png,0,masks/BCD_r0047_c0067.png,0.00000000
BCD_r0047_c0068,T1/BCD_r0047_c0068.png,T2/BCD_r0047_c0068.png,0,masks/BCD_r0047_c0068.png,0.00000000
BCD_r0047_c0069,T1/BCD_r0047_c0069.png,T2/BCD_r0047_c0069.png,0,masks/BCD_r0047_c0069.png,0.00000000
BCD_r0047_c0070,T1/BCD_r0047_c0070.png,T2/BCD_r0047_c0070.png,1,masks/BCD_r0047_c0070.png,0.01913265
BCD_r0047_c0071,T1/BCD_r0047_c0071.png,T2/BCD_r0047_c0071.png,1,masks/BCD_r0047_c0071.png,0.34480628
BCD_r0047_c0072,T1/BCD_r0047_c0072.png,T2/BCD_r0047_c0072.png,1,masks/BCD_r0047_c0072.png,0.26638233
BCD_r0047_c0073,T1/BCD_r0047_c0073.png,T2/BCD_r0047_c0073.png,1,masks/BCD_r0047_c0073.png,0.38079959
BCD_r0047_c0074,T1/BCD_r0047_c0074.png,T2/BCD_r0047_c0074.png,1,masks/BCD_r0047_c0074.png,0.06100526
BCD_r0047_c0075,T1/BCD_r0047_c0075.png,T2/BCD_r0047_c0075.png,1,masks/BCD_r0047_c0075.png,0.13837293
BCD_r0047_c0076,T1/BCD_r0047_c0076.png,T2/BCD_r0047_c0076.png,1,masks/BCD_r0047_c0076.png,0.42988680
BCD_r0047_c0077,T1/BCD_r0047_c0077.png,T2/BCD_r0047_c0077.png,1,masks/BCD_r0047_c0077.png,0.36589206
BCD_r0047_c0078,T1/BCD_r0047_c0078.png,T2/BCD_r0047_c0078.png,1,masks/BCD_r0047_c0078.png,0.36284279
BCD_r0047_c0079,T1/BCD_r0047_c0079.png,T2/BCD_r0047_c0079.png,1,masks/BCD_r0047_c0079.png,0.26000478
BCD_r0047_c0080,T1/BCD_r0047_c0080.png,T2/BCD_r0047_c0080.png,1,masks/BCD_r0047_c0080.png,0.27078683
BCD_r0047_c0081,T1/BCD_r0047_c0081.png,T2/BCD_r0047_c0081.png,1,masks/BCD_r0047_c0081.png,0.35080517
BCD_r0047_c0082,T1/BCD_r0047_c0082.png,T2/BCD_r0047_c0082.png,1,masks/BCD_r0047_c0082.png,0.52947624
BCD_r0047_c0083,T1/BCD_r0047_c0083.png,T2/BCD_r0047_c0083.png,1,masks/BCD_r0047_c0083.png,0.28274474
BCD_r0047_c0084,T1/BCD_r0047_c0084.png,T2/BCD_r0047_c0084.png,1,masks/BCD_r0047_c0084.png,0.45448023
BCD_r0047_c0085,T1/BCD_r0047_c0085.png,T2/BCD_r0047_c0085.png,1,masks/BCD_r0047_c0085.png,0.24286511
BCD_r0047_c0086,T1/BCD_r0047_c0086.png,T2/BCD_r0047_c0086.png,1,masks/BCD_r0047_c0086.png,0.34215561
BCD_r0047_c0087,T1/BCD_r0047_c0087.png,T2/BCD_r0047_c0087.png,1,masks/BCD_r0047_c0087.png,0.26885364
BCD_r0047_c0088,T1/BCD_r0047_c0088.png,T2/BCD_r0047_c0088.png,1,masks/BCD_r0047_c0088.png,0.00203284
BCD_r0047_c0089,T1/BCD_r0047_c0089.png,T2/BCD_r0047_c0089.png,0,masks/BCD_r0047_c0089.png,0.00000000
BCD_r0047_c0090,T1/BCD_r0047_c0090.png,T2/BCD_r0047_c0090.png,1,masks/BCD_r0047_c0090.png,0.30811543
BCD_r0047_c0091,T1/BCD_r0047_c0091.png,T2/BCD_r0047_c0091.png,1,masks/BCD_r0047_c0091.png,0.32519531
BCD_r0047_c0092,T1/BCD_r0047_c0092.png,T2/BCD_r0047_c0092.png,1,masks/BCD_r0047_c0092.png,0.39227918
BCD_r0047_c0093,T1/BCD_r0047_c0093.png,T2/BCD_r0047_c0093.png,1,masks/BCD_r0047_c0093.png,0.21143575
BCD_r0047_c0094,T1/BCD_r0047_c0094.png,T2/BCD_r0047_c0094.png,1,masks/BCD_r0047_c0094.png,0.40935906
BCD_r0047_c0095,T1/BCD_r0047_c0095.png,T2/BCD_r0047_c0095.png,1,masks/BCD_r0047_c0095.png,0.41350446
BCD_r0047_c0096,T1/BCD_r0047_c0096.png,T2/BCD_r0047_c0096.png,1,masks/BCD_r0047_c0096.png,0.23094707
BCD_r0047_c0097,T1/BCD_r0047_c0097.png,T2/BCD_r0047_c0097.png,0,masks/BCD_r0047_c0097.png,0.00000000
BCD_r0047_c0098,T1/BCD_r0047_c0098.png,T2/BCD_r0047_c0098.png,0,masks/BCD_r0047_c0098.png,0.00000000
BCD_r0047_c0099,T1/BCD_r0047_c0099.png,T2/BCD_r0047_c0099.png,0,masks/BCD_r0047_c0099.png,0.00000000
BCD_r0047_c0100,T1/BCD_r0047_c0100.png,T2/BCD_r0047_c0100.png,0,masks/BCD_r0047_c0100.png,0.00000000
BCD_r0047_c0101,T1/BCD_r0047_c0101.png,T2/BCD_r0047_c0101.png,0,masks/BCD_r0047_c0101.png,0.00000000
BCD_r0047_c0102,T1/BCD_r0047_c0102.png,T2/BCD_r0047_c0102.png,1,masks/BCD_r0047_c0102.png,0.11328125
BCD_r0047_c0103,T1/BCD_r0047_c0103.png,T2/BCD_r0047_c0103.png,1,masks/BCD_r0047_c0103.png,0.65638951
BCD_r0047_c0104,T1/BCD_r0047_c0104.png,T2/BCD_r0047_c0104.png,1,masks/BCD_r0047_c0104.png,0.07248485
BCD_r0047_c0105,T1/BCD_r0047_c0105.png,T2/BCD_r0047_c0105.png,1,masks/BCD_r0047_c0105.png,0.09889190
BCD_r0047_c0106,T1/BCD_r0047_c0106.png,T2/BCD_r0047_c0106.png,1,masks/BCD_r0047_c0106.png,0.04538026
BCD_r0047_c0107,T1/BCD_r0047_c0107.png,T2/BCD_r0047_c0107.png,0,masks/BCD_r0047_c0107.png,0.00000000
BCD_r0047_c0108,T1/BCD_r0047_c0108.png,T2/BCD_r0047_c0108.png,0,masks/BCD_r0047_c0108.png,0.00000000
BCD_r0047_c0109,T1/BCD_r0047_c0109.png,T2/BCD_r0047_c0109.png,0,masks/BCD_r0047_c0109.png,0.00000000
BCD_r0047_c0110,T1/BCD_r0047_c0110.png,T2/BCD_r0047_c0110.png,0,masks/BCD_r0047_c0110.png,0.00000000
BCD_r0047_c0111,T1/BCD_r0047_c0111.png,T2/BCD_r0047_c0111.png,0,masks/BCD_r0047_c0111.png,0.00000000
BCD_r0047_c0112,T1/BCD_r0047_c0112.png,T2/BCD_r0047_c0112.png,0,masks/BCD_r0047_c0112.png,0.00000000
BCD_r0047_c0113,T1/BCD_r0047_c0113.png,T2/BCD_r0047_c0113.png,0,masks/BCD_r0047_c0113.png,0.00000000
BCD_r0047_c0114,T1/BCD_r0047_c0114.png,T2/BCD_r0047_c0114.png,0,masks/BCD_r0047_c0114.png,0.00000000
BCD_r0047_c0115,T1/BCD_r0047_c0115.png,T2/BCD_r0047_c0115.png,0,masks/BCD_r0047_c0115.png,0.00000000
BCD_r0047_c0116,T1/BCD_r0047_c0116.png,T2/BCD_r0047_c0116.png,0,masks/BCD_r0047_c0116.png,0.00000000
BCD_r0047_c0117,T1/BCD_r0047_c0117.png,T2/BCD_r0047_c0117.png,0,masks/BCD_r0047_c0117.png,0.00000000
BCD_r0047_c0118,T1/BCD_r0047_c0118.png,T2/BCD_r0047_c0118.png,0,masks/BCD_r0047_c0118.png,0.00000000
BCD_r0047_c0119,T1/BCD_r0047_c0119.png,T2/BCD_r0047_c0119.png,0,masks/BCD_r0047_c0119.png,0.00000000
BCD_r0047_c0120,T1/BCD_r0047_c0120.png,T2/BCD_r0047_c0120.png,0,masks/BCD_r0047_c0120.png,0.00000000
BCD_r0047_c0121,T1/BCD_r0047_c0121.png,T2/BCD_r0047_c0121.png,0,masks/BCD_r0047_c0121.png,0.00000000
BCD_r0047_c0122,T1/BCD_r0047_c0122.png,T2/BCD_r0047_c0122.png,0,masks/BCD_r0047_c0122.png,0.00000000
BCD_r0047_c0123,T1/BCD_r0047_c0123.png,T2/BCD_r0047_c0123.png,0,masks/BCD_r0047_c0123.png,0.00000000
BCD_r0047_c0124,T1/BCD_r0047_c0124.png,T2/BCD_r0047_c0124.png,0,masks/BCD_r0047_c0124.png,0.00000000
BCD_r0047_c0125,T1/BCD_r0047_c0125.png,T2/BCD_r0047_c0125.png,0,masks/BCD_r0047_c0125.png,0.00000000
BCD_r0047_c0126,T1/BCD_r0047_c0126.png,T2/BCD_r0047_c0126.png,0,masks/BCD_r0047_c0126.png,0.00000000
BCD_r0047_c0127,T1/BCD_r0047_c0127.png,T2/BCD_r0047_c0127.png,0,masks/BCD_r0047_c0127.png,0.00000000
BCD_r0047_c0128,T1/BCD_r0047_c0128.png,T2/BCD_r0047_c0128.png,0,masks/BCD_r0047_c0128.png,0.00000000
BCD_r0047_c0129,T1/BCD_r0047_c0129.png,T2/BCD_r0047_c0129.png,0,masks/BCD_r0047_c0129.png,0.00000000
BCD_r0047_c0130,T1/BCD_r0047_c0130.png,T2/BCD_r0047_c0130.png,0,masks/BCD_r0047_c0130.png,0.00000000
BCD_r0047_c0131,T1/BCD_r0047_c0131.png,T2/BCD_r0047_c0131.png,0,masks/BCD_r0047_c0131.png,0.00000000
BCD_r0047_c0132,T1/BCD_r0047_c0132.png,T2/BCD_r0047_c0132.png,0,masks/BCD_r0047_c0132.png,0.00000000
BCD_r0047_c0133,T1/BCD_r0047_c0133.png,T2/BCD_r0047_c0133.png,0,masks/BCD_r0047_c0133.png,0.00000000
BCD_r0047_c0134,T1/BCD_r0047_c0134.png,T2/BCD_r0047_c0134.png,0,masks/BCD_r0047_c0134.png,0.00000000
BCD_r0047_c0135,T1/BCD_r0047_c0135.png,T2/BCD_r0047_c0135.png,0,masks/BCD_r0047_c0135.png,0.00000000
BCD_r0047_c0136,T1/BCD_r0047_c0136.png,T2/BCD_r0047_c0136.png,0,masks/BCD_r0047_c0136.png,0.00000000
BCD_r0047_c0137,T1/BCD_r0047_c0137.png,T2/BCD_r0047_c0137.png,0,masks/BCD_r0047_c0137.png,0.00000000
BCD_r0047_c0138,T1/BCD_r0047_c0138.png,T2/BCD_r0047_c0138.png,0,masks/BCD_r0047_c0138.png,0.00000000
BCD_r0047_c0139,T1/BCD_r0047_c0139.png,T2/BCD_r0047_c0139.png,0,masks/BCD_r0047_c0139.png,0.00000000
BCD_r0047_c0140,T1/BCD_r0047_c0140.png,T2/BCD_r0047_c0140.png,0,masks/BCD_r0047_c0140.png,0.00000000
BCD_r0047_c0141,T1/BCD_r0047_c0141.png,T2/BCD_r0047_c0141.png,0,masks/BCD_r0047_c0141.png,0.00000000
BCD_r0047_c0142,T1/BCD_r0047_c0142.png,T2/BCD_r0047_c0142.png,1,masks/BCD_r0047_c0142.png,0.03780692
BCD_r0047_c0143,T1/BCD_r0047_c0143.png,T2/BCD_r0047_c0143.png,0,masks/BCD_r0047_c0143.png,0.00000000
BCD_r0047_c0144,T1/BCD_r0047_c0144.png,T2/BCD_r0047_c0144.png,0,masks/BCD_r0047_c0144.png,0.00000000
BCD_r0048_c0000,T1/BCD_r0048_c0000.png,T2/BCD_r0048_c0000.png,0,masks/BCD_r0048_c0000.png,0.00000000
BCD_r0048_c0001,T1/BCD_r0048_c0001.png,T2/BCD_r0048_c0001.png,0,masks/BCD_r0048_c0001.png,0.00000000
BCD_r0048_c0002,T1/BCD_r0048_c0002.png,T2/BCD_r0048_c0002.png,0,masks/BCD_r0048_c0002.png,0.00000000
BCD_r0048_c0003,T1/BCD_r0048_c0003.png,T2/BCD_r0048_c0003.png,0,masks/BCD_r0048_c0003.png,0.00000000
BCD_r0048_c0004,T1/BCD_r0048_c0004.png,T2/BCD_r0048_c0004.png,0,masks/BCD_r0048_c0004.png,0.00000000
BCD_r0048_c0005,T1/BCD_r0048_c0005.png,T2/BCD_r0048_c0005.png,0,masks/BCD_r0048_c0005.png,0.00000000
BCD_r0048_c0006,T1/BCD_r0048_c0006.png,T2/BCD_r0048_c0006.png,0,masks/BCD_r0048_c0006.png,0.00000000
BCD_r0048_c0007,T1/BCD_r0048_c0007.png,T2/BCD_r0048_c0007.png,0,masks/BCD_r0048_c0007.png,0.00000000
BCD_r0048_c0008,T1/BCD_r0048_c0008.png,T2/BCD_r0048_c0008.png,0,masks/BCD_r0048_c0008.png,0.00000000
BCD_r0048_c0009,T1/BCD_r0048_c0009.png,T2/BCD_r0048_c0009.png,0,masks/BCD_r0048_c0009.png,0.00000000
BCD_r0048_c0010,T1/BCD_r0048_c0010.png,T2/BCD_r0048_c0010.png,0,masks/BCD_r0048_c0010.png,0.00000000
BCD_r0048_c0011,T1/BCD_r0048_c0011.png,T2/BCD_r0048_c0011.png,0,masks/BCD_r0048_c0011.png,0.00000000
BCD_r0048_c0012,T1/BCD_r0048_c0012.png,T2/BCD_r0048_c0012.png,0,masks/BCD_r0048_c0012.png,0.00000000
BCD_r0048_c0013,T1/BCD_r0048_c0013.png,T2/BCD_r0048_c0013.png,1,masks/BCD_r0048_c0013.png,0.05189732
BCD_r0048_c0014,T1/BCD_r0048_c0014.png,T2/BCD_r0048_c0014.png,1,masks/BCD_r0048_c0014.png,0.03045281
BCD_r0048_c0015,T1/BCD_r0048_c0015.png,T2/BCD_r0048_c0015.png,0,masks/BCD_r0048_c0015.png,0.00000000
BCD_r0048_c0016,T1/BCD_r0048_c0016.png,T2/BCD_r0048_c0016.png,0,masks/BCD_r0048_c0016.png,0.00000000
BCD_r0048_c0017,T1/BCD_r0048_c0017.png,T2/BCD_r0048_c0017.png,0,masks/BCD_r0048_c0017.png,0.00000000
BCD_r0048_c0018,T1/BCD_r0048_c0018.png,T2/BCD_r0048_c0018.png,0,masks/BCD_r0048_c0018.png,0.00000000
BCD_r0048_c0019,T1/BCD_r0048_c0019.png,T2/BCD_r0048_c0019.png,1,masks/BCD_r0048_c0019.png,0.01030373
BCD_r0048_c0020,T1/BCD_r0048_c0020.png,T2/BCD_r0048_c0020.png,1,masks/BCD_r0048_c0020.png,0.04862883
BCD_r0048_c0021,T1/BCD_r0048_c0021.png,T2/BCD_r0048_c0021.png,0,masks/BCD_r0048_c0021.png,0.00000000
BCD_r0048_c0022,T1/BCD_r0048_c0022.png,T2/BCD_r0048_c0022.png,0,masks/BCD_r0048_c0022.png,0.00000000
BCD_r0048_c0023,T1/BCD_r0048_c0023.png,T2/BCD_r0048_c0023.png,1,masks/BCD_r0048_c0023.png,0.01422991
BCD_r0048_c0024,T1/BCD_r0048_c0024.png,T2/BCD_r0048_c0024.png,1,masks/BCD_r0048_c0024.png,0.04996413
BCD_r0048_c0025,T1/BCD_r0048_c0025.png,T2/BCD_r0048_c0025.png,1,masks/BCD_r0048_c0025.png,0.01175861
BCD_r0048_c0026,T1/BCD_r0048_c0026.png,T2/BCD_r0048_c0026.png,0,masks/BCD_r0048_c0026.png,0.00000000
BCD_r0048_c0027,T1/BCD_r0048_c0027.png,T2/BCD_r0048_c0027.png,0,masks/BCD_r0048_c0027.png,0.00000000
BCD_r0048_c0028,T1/BCD_r0048_c0028.png,T2/BCD_r0048_c0028.png,0,masks/BCD_r0048_c0028.png,0.00000000
BCD_r0048_c0029,T1/BCD_r0048_c0029.png,T2/BCD_r0048_c0029.png,0,masks/BCD_r0048_c0029.png,0.00000000
BCD_r0048_c0030,T1/BCD_r0048_c0030.png,T2/BCD_r0048_c0030.png,1,masks/BCD_r0048_c0030.png,0.00005979
BCD_r0048_c0031,T1/BCD_r0048_c0031.png,T2/BCD_r0048_c0031.png,1,masks/BCD_r0048_c0031.png,0.01779735
BCD_r0048_c0032,T1/BCD_r0048_c0032.png,T2/BCD_r0048_c0032.png,0,masks/BCD_r0048_c0032.png,0.00000000
BCD_r0048_c0033,T1/BCD_r0048_c0033.png,T2/BCD_r0048_c0033.png,0,masks/BCD_r0048_c0033.png,0.00000000
BCD_r0048_c0034,T1/BCD_r0048_c0034.png,T2/BCD_r0048_c0034.png,0,masks/BCD_r0048_c0034.png,0.00000000
BCD_r0048_c0035,T1/BCD_r0048_c0035.png,T2/BCD_r0048_c0035.png,0,masks/BCD_r0048_c0035.png,0.00000000
BCD_r0048_c0036,T1/BCD_r0048_c0036.png,T2/BCD_r0048_c0036.png,0,masks/BCD_r0048_c0036.png,0.00000000
BCD_r0048_c0037,T1/BCD_r0048_c0037.png,T2/BCD_r0048_c0037.png,0,masks/BCD_r0048_c0037.png,0.00000000
BCD_r0048_c0038,T1/BCD_r0048_c0038.png,T2/BCD_r0048_c0038.png,0,masks/BCD_r0048_c0038.png,0.00000000
BCD_r0048_c0039,T1/BCD_r0048_c0039.png,T2/BCD_r0048_c0039.png,0,masks/BCD_r0048_c0039.png,0.00000000
BCD_r0048_c0040,T1/BCD_r0048_c0040.png,T2/BCD_r0048_c0040.png,0,masks/BCD_r0048_c0040.png,0.00000000
BCD_r0048_c0041,T1/BCD_r0048_c0041.png,T2/BCD_r0048_c0041.png,0,masks/BCD_r0048_c0041.png,0.00000000
BCD_r0048_c0042,T1/BCD_r0048_c0042.png,T2/BCD_r0048_c0042.png,0,masks/BCD_r0048_c0042.png,0.00000000
BCD_r0048_c0043,T1/BCD_r0048_c0043.png,T2/BCD_r0048_c0043.png,0,masks/BCD_r0048_c0043.png,0.00000000
BCD_r0048_c0044,T1/BCD_r0048_c0044.png,T2/BCD_r0048_c0044.png,0,masks/BCD_r0048_c0044.png,0.00000000
BCD_r0048_c0045,T1/BCD_r0048_c0045.png,T2/BCD_r0048_c0045.png,0,masks/BCD_r0048_c0045.png,0.00000000
BCD_r0048_c0046,T1/BCD_r0048_c0046.png,T2/BCD_r0048_c0046.png,0,masks/BCD_r0048_c0046.png,0.00000000
BCD_r0048_c0047,T1/BCD_r0048_c0047.png,T2/BCD_r0048_c0047.png,0,masks/BCD_r0048_c0047.png,0.00000000
BCD_r0048_c0048,T1/BCD_r0048_c0048.png,T2/BCD_r0048_c0048.png,0,masks/BCD_r0048_c0048.png,0.00000000
BCD_r0048_c0049,T1/BCD_r0048_c0049.png,T2/BCD_r0048_c0049.png,0,masks/BCD_r0048_c0049.png,0.00000000
BCD_r0048_c0050,T1/BCD_r0048_c0050.png,T2/BCD_r0048_c0050.png,0,masks/BCD_r0048_c0050.png,0.00000000
BCD_r0048_c0051,T1/BCD_r0048_c0051.png,T2/BCD_r0048_c0051.png,0,masks/BCD_r0048_c0051.png,0.00000000
BCD_r0048_c0052,T1/BCD_r0048_c0052.png,T2/BCD_r0048_c0052.png,0,masks/BCD_r0048_c0052.png,0.00000000
BCD_r0048_c0053,T1/BCD_r0048_c0053.png,T2/BCD_r0048_c0053.png,0,masks/BCD_r0048_c0053.png,0.00000000
BCD_r0048_c0054,T1/BCD_r0048_c0054.png,T2/BCD_r0048_c0054.png,0,masks/BCD_r0048_c0054.png,0.00000000
BCD_r0048_c0055,T1/BCD_r0048_c0055.png,T2/BCD_r0048_c0055.png,0,masks/BCD_r0048_c0055.png,0.00000000
BCD_r0048_c0056,T1/BCD_r0048_c0056.png,T2/BCD_r0048_c0056.png,1,masks/BCD_r0048_c0056.png,0.02080676
BCD_r0048_c0057,T1/BCD_r0048_c0057.png,T2/BCD_r0048_c0057.png,1,masks/BCD_r0048_c0057.png,0.38924984
BCD_r0048_c0058,T1/BCD_r0048_c0058.png,T2/BCD_r0048_c0058.png,1,masks/BCD_r0048_c0058.png,0.22793766
BCD_r0048_c0059,T1/BCD_r0048_c0059.png,T2/BCD_r0048_c0059.png,1,masks/BCD_r0048_c0059.png,0.07248485
BCD_r0048_c0060,T1/BCD_r0048_c0060.png,T2/BCD_r0048_c0060.png,0,masks/BCD_r0048_c0060.png,0.00000000
BCD_r0048_c0061,T1/BCD_r0048_c0061.png,T2/BCD_r0048_c0061.png,0,masks/BCD_r0048_c0061.png,0.00000000
BCD_r0048_c0062,T1/BCD_r0048_c0062.png,T2/BCD_r0048_c0062.png,0,masks/BCD_r0048_c0062.png,0.00000000
BCD_r0048_c0063,T1/BCD_r0048_c0063.png,T2/BCD_r0048_c0063.png,0,masks/BCD_r0048_c0063.png,0.00000000
BCD_r0048_c0064,T1/BCD_r0048_c0064.png,T2/BCD_r0048_c0064.png,0,masks/BCD_r0048_c0064.png,0.00000000
BCD_r0048_c0065,T1/BCD_r0048_c0065.png,T2/BCD_r0048_c0065.png,0,masks/BCD_r0048_c0065.png,0.00000000
BCD_r0048_c0066,T1/BCD_r0048_c0066.png,T2/BCD_r0048_c0066.png,0,masks/BCD_r0048_c0066.png,0.00000000
BCD_r0048_c0067,T1/BCD_r0048_c0067.png,T2/BCD_r0048_c0067.png,0,masks/BCD_r0048_c0067.png,0.00000000
BCD_r0048_c0068,T1/BCD_r0048_c0068.png,T2/BCD_r0048_c0068.png,0,masks/BCD_r0048_c0068.png,0.00000000
BCD_r0048_c0069,T1/BCD_r0048_c0069.png,T2/BCD_r0048_c0069.png,0,masks/BCD_r0048_c0069.png,0.00000000
BCD_r0048_c0070,T1/BCD_r0048_c0070.png,T2/BCD_r0048_c0070.png,0,masks/BCD_r0048_c0070.png,0.00000000
BCD_r0048_c0071,T1/BCD_r0048_c0071.png,T2/BCD_r0048_c0071.png,1,masks/BCD_r0048_c0071.png,0.06351642
BCD_r0048_c0072,T1/BCD_r0048_c0072.png,T2/BCD_r0048_c0072.png,1,masks/BCD_r0048_c0072.png,0.28517618
BCD_r0048_c0073,T1/BCD_r0048_c0073.png,T2/BCD_r0048_c0073.png,1,masks/BCD_r0048_c0073.png,0.00079719
BCD_r0048_c0074,T1/BCD_r0048_c0074.png,T2/BCD_r0048_c0074.png,1,masks/BCD_r0048_c0074.png,0.16970265
BCD_r0048_c0075,T1/BCD_r0048_c0075.png,T2/BCD_r0048_c0075.png,1,masks/BCD_r0048_c0075.png,0.44174506
BCD_r0048_c0076,T1/BCD_r0048_c0076.png,T2/BCD_r0048_c0076.png,1,masks/BCD_r0048_c0076.png,0.34448740
BCD_r0048_c0077,T1/BCD_r0048_c0077.png,T2/BCD_r0048_c0077.png,1,masks/BCD_r0048_c0077.png,0.44993622
BCD_r0048_c0078,T1/BCD_r0048_c0078.png,T2/BCD_r0048_c0078.png,1,masks/BCD_r0048_c0078.png,0.36872210
BCD_r0048_c0079,T1/BCD_r0048_c0079.png,T2/BCD_r0048_c0079.png,1,masks/BCD_r0048_c0079.png,0.31194196
BCD_r0048_c0080,T1/BCD_r0048_c0080.png,T2/BCD_r0048_c0080.png,1,masks/BCD_r0048_c0080.png,0.30825494
BCD_r0048_c0081,T1/BCD_r0048_c0081.png,T2/BCD_r0048_c0081.png,1,masks/BCD_r0048_c0081.png,0.22219786
BCD_r0048_c0082,T1/BCD_r0048_c0082.png,T2/BCD_r0048_c0082.png,1,masks/BCD_r0048_c0082.png,0.23674665
BCD_r0048_c0083,T1/BCD_r0048_c0083.png,T2/BCD_r0048_c0083.png,1,masks/BCD_r0048_c0083.png,0.31459263
BCD_r0048_c0084,T1/BCD_r0048_c0084.png,T2/BCD_r0048_c0084.png,1,masks/BCD_r0048_c0084.png,0.28413983
BCD_r0048_c0085,T1/BCD_r0048_c0085.png,T2/BCD_r0048_c0085.png,1,masks/BCD_r0048_c0085.png,0.13494499
BCD_r0048_c0086,T1/BCD_r0048_c0086.png,T2/BCD_r0048_c0086.png,1,masks/BCD_r0048_c0086.png,0.42747529
BCD_r0048_c0087,T1/BCD_r0048_c0087.png,T2/BCD_r0048_c0087.png,1,masks/BCD_r0048_c0087.png,0.42827248
BCD_r0048_c0088,T1/BCD_r0048_c0088.png,T2/BCD_r0048_c0088.png,0,masks/BCD_r0048_c0088.png,0.00000000
BCD_r0048_c0089,T1/BCD_r0048_c0089.png,T2/BCD_r0048_c0089.png,0,masks/BCD_r0048_c0089.png,0.00000000
BCD_r0048_c0090,T1/BCD_r0048_c0090.png,T2/BCD_r0048_c0090.png,1,masks/BCD_r0048_c0090.png,0.32202647
BCD_r0048_c0091,T1/BCD_r0048_c0091.png,T2/BCD_r0048_c0091.png,1,masks/BCD_r0048_c0091.png,0.32015306
BCD_r0048_c0092,T1/BCD_r0048_c0092.png,T2/BCD_r0048_c0092.png,1,masks/BCD_r0048_c0092.png,0.34532446
BCD_r0048_c0093,T1/BCD_r0048_c0093.png,T2/BCD_r0048_c0093.png,1,masks/BCD_r0048_c0093.png,0.31391502
BCD_r0048_c0094,T1/BCD_r0048_c0094.png,T2/BCD_r0048_c0094.png,1,masks/BCD_r0048_c0094.png,0.32796556
BCD_r0048_c0095,T1/BCD_r0048_c0095.png,T2/BCD_r0048_c0095.png,1,masks/BCD_r0048_c0095.png,0.20982143
BCD_r0048_c0096,T1/BCD_r0048_c0096.png,T2/BCD_r0048_c0096.png,0,masks/BCD_r0048_c0096.png,0.00000000
BCD_r0048_c0097,T1/BCD_r0048_c0097.png,T2/BCD_r0048_c0097.png,0,masks/BCD_r0048_c0097.png,0.00000000
BCD_r0048_c0098,T1/BCD_r0048_c0098.png,T2/BCD_r0048_c0098.png,0,masks/BCD_r0048_c0098.png,0.00000000
BCD_r0048_c0099,T1/BCD_r0048_c0099.png,T2/BCD_r0048_c0099.png,0,masks/BCD_r0048_c0099.png,0.00000000
BCD_r0048_c0100,T1/BCD_r0048_c0100.png,T2/BCD_r0048_c0100.png,0,masks/BCD_r0048_c0100.png,0.00000000
BCD_r0048_c0101,T1/BCD_r0048_c0101.png,T2/BCD_r0048_c0101.png,0,masks/BCD_r0048_c0101.png,0.00000000
BCD_r0048_c0102,T1/BCD_r0048_c0102.png,T2/BCD_r0048_c0102.png,0,masks/BCD_r0048_c0102.png,0.00000000
BCD_r0048_c0103,T1/BCD_r0048_c0103.png,T2/BCD_r0048_c0103.png,0,masks/BCD_r0048_c0103.png,0.00000000
BCD_r0048_c0104,T1/BCD_r0048_c0104.png,T2/BCD_r0048_c0104.png,0,masks/BCD_r0048_c0104.png,0.00000000
BCD_r0048_c0105,T1/BCD_r0048_c0105.png,T2/BCD_r0048_c0105.png,0,masks/BCD_r0048_c0105.png,0.00000000
BCD_r0048_c0106,T1/BCD_r0048_c0106.png,T2/BCD_r0048_c0106.png,0,masks/BCD_r0048_c0106.png,0.00000000
BCD_r0048_c0107,T1/BCD_r0048_c0107.png,T2/BCD_r0048_c0107.png,0,masks/BCD_r0048_c0107.png,0.00000000
BCD_r0048_c0108,T1/BCD_r0048_c0108.png,T2/BCD_r0048_c0108.png,0,masks/BCD_r0048_c0108.png,0.00000000
BCD_r0048_c0109,T1/BCD_r0048_c0109.png,T2/BCD_r0048_c0109.png,0,masks/BCD_r0048_c0109.png,0.00000000
BCD_r0048_c0110,T1/BCD_r0048_c0110.png,T2/BCD_r0048_c0110.png,0,masks/BCD_r0048_c0110.png,0.00000000
BCD_r0048_c0111,T1/BCD_r0048_c0111.png,T2/BCD_r0048_c0111.png,1,masks/BCD_r0048_c0111.png,0.10214047
BCD_r0048_c0112,T1/BCD_r0048_c0112.png,T2/BCD_r0048_c0112.png,0,masks/BCD_r0048_c0112.png,0.00000000
BCD_r0048_c0113,T1/BCD_r0048_c0113.png,T2/BCD_r0048_c0113.png,0,masks/BCD_r0048_c0113.png,0.00000000
BCD_r0048_c0114,T1/BCD_r0048_c0114.png,T2/BCD_r0048_c0114.png,0,masks/BCD_r0048_c0114.png,0.00000000
BCD_r0048_c0115,T1/BCD_r0048_c0115.png,T2/BCD_r0048_c0115.png,0,masks/BCD_r0048_c0115.png,0.00000000
BCD_r0048_c0116,T1/BCD_r0048_c0116.png,T2/BCD_r0048_c0116.png,0,masks/BCD_r0048_c0116.png,0.00000000
BCD_r0048_c0117,T1/BCD_r0048_c0117.png,T2/BCD_r0048_c0117.png,0,masks/BCD_r0048_c0117.png,0.00000000
BCD_r0048_c0118,T1/BCD_r0048_c0118.png,T2/BCD_r0048_c0118.png,0,masks/BCD_r0048_c0118.png,0.00000000
BCD_r0048_c0119,T1/BCD_r0048_c0119.png,T2/BCD_r0048_c0119.png,0,masks/BCD_r0048_c0119.png,0.00000000
BCD_r0048_c0120,T1/BCD_r0048_c0120.png,T2/BCD_r0048_c0120.png,0,masks/BCD_r0048_c0120.png,0.00000000
BCD_r0048_c0121,T1/BCD_r0048_c0121.png,T2/BCD_r0048_c0121.png,0,masks/BCD_r0048_c0121.png,0.00000000
BCD_r0048_c0122,T1/BCD_r0048_c0122.png,T2/BCD_r0048_c0122.png,0,masks/BCD_r0048_c0122.png,0.00000000
BCD_r0048_c0123,T1/BCD_r0048_c0123.png,T2/BCD_r0048_c0123.png,0,masks/BCD_r0048_c0123.png,0.00000000
BCD_r0048_c0124,T1/BCD_r0048_c0124.png,T2/BCD_r0048_c0124.png,0,masks/BCD_r0048_c0124.png,0.00000000
BCD_r0048_c0125,T1/BCD_r0048_c0125.png,T2/BCD_r0048_c0125.png,0,masks/BCD_r0048_c0125.png,0.00000000
BCD_r0048_c0126,T1/BCD_r0048_c0126.png,T2/BCD_r0048_c0126.png,0,masks/BCD_r0048_c0126.png,0.00000000
BCD_r0048_c0127,T1/BCD_r0048_c0127.png,T2/BCD_r0048_c0127.png,0,masks/BCD_r0048_c0127.png,0.00000000
BCD_r0048_c0128,T1/BCD_r0048_c0128.png,T2/BCD_r0048_c0128.png,0,masks/BCD_r0048_c0128.png,0.00000000
BCD_r0048_c0129,T1/BCD_r0048_c0129.png,T2/BCD_r0048_c0129.png,0,masks/BCD_r0048_c0129.png,0.00000000
BCD_r0048_c0130,T1/BCD_r0048_c0130.png,T2/BCD_r0048_c0130.png,0,masks/BCD_r0048_c0130.png,0.00000000
BCD_r0048_c0131,T1/BCD_r0048_c0131.png,T2/BCD_r0048_c0131.png,0,masks/BCD_r0048_c0131.png,0.00000000
BCD_r0048_c0132,T1/BCD_r0048_c0132.png,T2/BCD_r0048_c0132.png,0,masks/BCD_r0048_c0132.png,0.00000000
BCD_r0048_c0133,T1/BCD_r0048_c0133.png,T2/BCD_r0048_c0133.png,0,masks/BCD_r0048_c0133.png,0.00000000
BCD_r0048_c0134,T1/BCD_r0048_c0134.png,T2/BCD_r0048_c0134.png,0,masks/BCD_r0048_c0134.png,0.00000000
BCD_r0048_c0135,T1/BCD_r0048_c0135.png,T2/BCD_r0048_c0135.png,0,masks/BCD_r0048_c0135.png,0.00000000
BCD_r0048_c0136,T1/BCD_r0048_c0136.png,T2/BCD_r0048_c0136.png,0,masks/BCD_r0048_c0136.png,0.00000000
BCD_r0048_c0137,T1/BCD_r0048_c0137.png,T2/BCD_r0048_c0137.png,0,masks/BCD_r0048_c0137.png,0.00000000
BCD_r0048_c0138,T1/BCD_r0048_c0138.png,T2/BCD_r0048_c0138.png,0,masks/BCD_r0048_c0138.png,0.00000000
BCD_r0048_c0139,T1/BCD_r0048_c0139.png,T2/BCD_r0048_c0139.png,0,masks/BCD_r0048_c0139.png,0.00000000
BCD_r0048_c0140,T1/BCD_r0048_c0140.png,T2/BCD_r0048_c0140.png,1,masks/BCD_r0048_c0140.png,0.02838010
BCD_r0048_c0141,T1/BCD_r0048_c0141.png,T2/BCD_r0048_c0141.png,0,masks/BCD_r0048_c0141.png,0.00000000
BCD_r0048_c0142,T1/BCD_r0048_c0142.png,T2/BCD_r0048_c0142.png,0,masks/BCD_r0048_c0142.png,0.00000000
BCD_r0048_c0143,T1/BCD_r0048_c0143.png,T2/BCD_r0048_c0143.png,0,masks/BCD_r0048_c0143.png,0.00000000
BCD_r0048_c0144,T1/BCD_r0048_c0144.png,T2/BCD_r0048_c0144.png,0,masks/BCD_r0048_c0144.png,0.00000000
BCD_r0049_c0000,T1/BCD_r0049_c0000.png,T2/BCD_r0049_c0000.png,0,masks/BCD_r0049_c0000.png,0.00000000
BCD_r0049_c0001,T1/BCD_r0049_c0001.png,T2/BCD_r0049_c0001.png,0,masks/BCD_r0049_c0001.png,0.00000000
BCD_r0049_c0002,T1/BCD_r0049_c0002.png,T2/BCD_r0049_c0002.png,0,masks/BCD_r0049_c0002.png,0.00000000
BCD_r0049_c0003,T1/BCD_r0049_c0003.png,T2/BCD_r0049_c0003.png,0,masks/BCD_r0049_c0003.png,0.00000000
BCD_r0049_c0004,T1/BCD_r0049_c0004.png,T2/BCD_r0049_c0004.png,0,masks/BCD_r0049_c0004.png,0.00000000
BCD_r0049_c0005,T1/BCD_r0049_c0005.png,T2/BCD_r0049_c0005.png,0,masks/BCD_r0049_c0005.png,0.00000000
BCD_r0049_c0006,T1/BCD_r0049_c0006.png,T2/BCD_r0049_c0006.png,0,masks/BCD_r0049_c0006.png,0.00000000
BCD_r0049_c0007,T1/BCD_r0049_c0007.png,T2/BCD_r0049_c0007.png,0,masks/BCD_r0049_c0007.png,0.00000000
BCD_r0049_c0008,T1/BCD_r0049_c0008.png,T2/BCD_r0049_c0008.png,0,masks/BCD_r0049_c0008.png,0.00000000
BCD_r0049_c0009,T1/BCD_r0049_c0009.png,T2/BCD_r0049_c0009.png,0,masks/BCD_r0049_c0009.png,0.00000000
BCD_r0049_c0010,T1/BCD_r0049_c0010.png,T2/BCD_r0049_c0010.png,0,masks/BCD_r0049_c0010.png,0.00000000
BCD_r0049_c0011,T1/BCD_r0049_c0011.png,T2/BCD_r0049_c0011.png,1,masks/BCD_r0049_c0011.png,0.02588887
BCD_r0049_c0012,T1/BCD_r0049_c0012.png,T2/BCD_r0049_c0012.png,0,masks/BCD_r0049_c0012.png,0.00000000
BCD_r0049_c0013,T1/BCD_r0049_c0013.png,T2/BCD_r0049_c0013.png,0,masks/BCD_r0049_c0013.png,0.00000000
BCD_r0049_c0014,T1/BCD_r0049_c0014.png,T2/BCD_r0049_c0014.png,0,masks/BCD_r0049_c0014.png,0.00000000
BCD_r0049_c0015,T1/BCD_r0049_c0015.png,T2/BCD_r0049_c0015.png,0,masks/BCD_r0049_c0015.png,0.00000000
BCD_r0049_c0016,T1/BCD_r0049_c0016.png,T2/BCD_r0049_c0016.png,1,masks/BCD_r0049_c0016.png,0.06662548
BCD_r0049_c0017,T1/BCD_r0049_c0017.png,T2/BCD_r0049_c0017.png,0,masks/BCD_r0049_c0017.png,0.00000000
BCD_r0049_c0018,T1/BCD_r0049_c0018.png,T2/BCD_r0049_c0018.png,0,masks/BCD_r0049_c0018.png,0.00000000
BCD_r0049_c0019,T1/BCD_r0049_c0019.png,T2/BCD_r0049_c0019.png,1,masks/BCD_r0049_c0019.png,0.01528619
BCD_r0049_c0020,T1/BCD_r0049_c0020.png,T2/BCD_r0049_c0020.png,0,masks/BCD_r0049_c0020.png,0.00000000
BCD_r0049_c0021,T1/BCD_r0049_c0021.png,T2/BCD_r0049_c0021.png,0,masks/BCD_r0049_c0021.png,0.00000000
BCD_r0049_c0022,T1/BCD_r0049_c0022.png,T2/BCD_r0049_c0022.png,1,masks/BCD_r0049_c0022.png,0.03722895
BCD_r0049_c0023,T1/BCD_r0049_c0023.png,T2/BCD_r0049_c0023.png,0,masks/BCD_r0049_c0023.png,0.00000000
BCD_r0049_c0024,T1/BCD_r0049_c0024.png,T2/BCD_r0049_c0024.png,1,masks/BCD_r0049_c0024.png,0.00251116
BCD_r0049_c0025,T1/BCD_r0049_c0025.png,T2/BCD_r0049_c0025.png,1,masks/BCD_r0049_c0025.png,0.19417650
BCD_r0049_c0026,T1/BCD_r0049_c0026.png,T2/BCD_r0049_c0026.png,1,masks/BCD_r0049_c0026.png,0.08412388
BCD_r0049_c0027,T1/BCD_r0049_c0027.png,T2/BCD_r0049_c0027.png,0,masks/BCD_r0049_c0027.png,0.00000000
BCD_r0049_c0028,T1/BCD_r0049_c0028.png,T2/BCD_r0049_c0028.png,1,masks/BCD_r0049_c0028.png,0.13974809
BCD_r0049_c0029,T1/BCD_r0049_c0029.png,T2/BCD_r0049_c0029.png,0,masks/BCD_r0049_c0029.png,0.00000000
BCD_r0049_c0030,T1/BCD_r0049_c0030.png,T2/BCD_r0049_c0030.png,1,masks/BCD_r0049_c0030.png,0.02451371
BCD_r0049_c0031,T1/BCD_r0049_c0031.png,T2/BCD_r0049_c0031.png,1,masks/BCD_r0049_c0031.png,0.12242905
BCD_r0049_c0032,T1/BCD_r0049_c0032.png,T2/BCD_r0049_c0032.png,0,masks/BCD_r0049_c0032.png,0.00000000
BCD_r0049_c0033,T1/BCD_r0049_c0033.png,T2/BCD_r0049_c0033.png,0,masks/BCD_r0049_c0033.png,0.00000000
BCD_r0049_c0034,T1/BCD_r0049_c0034.png,T2/BCD_r0049_c0034.png,0,masks/BCD_r0049_c0034.png,0.00000000
BCD_r0049_c0035,T1/BCD_r0049_c0035.png,T2/BCD_r0049_c0035.png,0,masks/BCD_r0049_c0035.png,0.00000000
BCD_r0049_c0036,T1/BCD_r0049_c0036.png,T2/BCD_r0049_c0036.png,0,masks/BCD_r0049_c0036.png,0.00000000
BCD_r0049_c0037,T1/BCD_r0049_c0037.png,T2/BCD_r0049_c0037.png,0,masks/BCD_r0049_c0037.png,0.00000000
BCD_r0049_c0038,T1/BCD_r0049_c0038.png,T2/BCD_r0049_c0038.png,0,masks/BCD_r0049_c0038.png,0.00000000
BCD_r0049_c0039,T1/BCD_r0049_c0039.png,T2/BCD_r0049_c0039.png,0,masks/BCD_r0049_c0039.png,0.00000000
BCD_r0049_c0040,T1/BCD_r0049_c0040.png,T2/BCD_r0049_c0040.png,0,masks/BCD_r0049_c0040.png,0.00000000
BCD_r0049_c0041,T1/BCD_r0049_c0041.png,T2/BCD_r0049_c0041.png,0,masks/BCD_r0049_c0041.png,0.00000000
BCD_r0049_c0042,T1/BCD_r0049_c0042.png,T2/BCD_r0049_c0042.png,0,masks/BCD_r0049_c0042.png,0.00000000
BCD_r0049_c0043,T1/BCD_r0049_c0043.png,T2/BCD_r0049_c0043.png,0,masks/BCD_r0049_c0043.png,0.00000000
BCD_r0049_c0044,T1/BCD_r0049_c0044.png,T2/BCD_r0049_c0044.png,0,masks/BCD_r0049_c0044.png,0.00000000
BCD_r0049_c0045,T1/BCD_r0049_c0045.png,T2/BCD_r0049_c0045.png,0,masks/BCD_r0049_c0045.png,0.00000000
BCD_r0049_c0046,T1/BCD_r0049_c0046.png,T2/BCD_r0049_c0046.png,0,masks/BCD_r0049_c0046.png,0.00000000
BCD_r0049_c0047,T1/BCD_r0049_c0047.png,T2/BCD_r0049_c0047.png,0,masks/BCD_r0049_c0047.png,0.00000000
BCD_r0049_c0048,T1/BCD_r0049_c0048.png,T2/BCD_r0049_c0048.png,0,masks/BCD_r0049_c0048.png,0.00000000
BCD_r0049_c0049,T1/BCD_r0049_c0049.png,T2/BCD_r0049_c0049.png,0,masks/BCD_r0049_c0049.png,0.00000000
BCD_r0049_c0050,T1/BCD_r0049_c0050.png,T2/BCD_r0049_c0050.png,0,masks/BCD_r0049_c0050.png,0.00000000
BCD_r0049_c0051,T1/BCD_r0049_c0051.png,T2/BCD_r0049_c0051.png,0,masks/BCD_r0049_c0051.png,0.00000000
BCD_r0049_c0052,T1/BCD_r0049_c0052.png,T2/BCD_r0049_c0052.png,0,masks/BCD_r0049_c0052.png,0.00000000
BCD_r0049_c0053,T1/BCD_r0049_c0053.png,T2/BCD_r0049_c0053.png,0,masks/BCD_r0049_c0053.png,0.00000000
BCD_r0049_c0054,T1/BCD_r0049_c0054.png,T2/BCD_r0049_c0054.png,0,masks/BCD_r0049_c0054.png,0.00000000
BCD_r0049_c0055,T1/BCD_r0049_c0055.png,T2/BCD_r0049_c0055.png,0,masks/BCD_r0049_c0055.png,0.00000000
BCD_r0049_c0056,T1/BCD_r0049_c0056.png,T2/BCD_r0049_c0056.png,1,masks/BCD_r0049_c0056.png,0.08868782
BCD_r0049_c0057,T1/BCD_r0049_c0057.png,T2/BCD_r0049_c0057.png,1,masks/BCD_r0049_c0057.png,0.12731186
BCD_r0049_c0058,T1/BCD_r0049_c0058.png,T2/BCD_r0049_c0058.png,0,masks/BCD_r0049_c0058.png,0.00000000
BCD_r0049_c0059,T1/BCD_r0049_c0059.png,T2/BCD_r0049_c0059.png,0,masks/BCD_r0049_c0059.png,0.00000000
BCD_r0049_c0060,T1/BCD_r0049_c0060.png,T2/BCD_r0049_c0060.png,0,masks/BCD_r0049_c0060.png,0.00000000
BCD_r0049_c0061,T1/BCD_r0049_c0061.png,T2/BCD_r0049_c0061.png,0,masks/BCD_r0049_c0061.png,0.00000000
BCD_r0049_c0062,T1/BCD_r0049_c0062.png,T2/BCD_r0049_c0062.png,0,masks/BCD_r0049_c0062.png,0.00000000
BCD_r0049_c0063,T1/BCD_r0049_c0063.png,T2/BCD_r0049_c0063.png,0,masks/BCD_r0049_c0063.png,0.00000000
BCD_r0049_c0064,T1/BCD_r0049_c0064.png,T2/BCD_r0049_c0064.png,0,masks/BCD_r0049_c0064.png,0.00000000
BCD_r0049_c0065,T1/BCD_r0049_c0065.png,T2/BCD_r0049_c0065.png,0,masks/BCD_r0049_c0065.png,0.00000000
BCD_r0049_c0066,T1/BCD_r0049_c0066.png,T2/BCD_r0049_c0066.png,0,masks/BCD_r0049_c0066.png,0.00000000
BCD_r0049_c0067,T1/BCD_r0049_c0067.png,T2/BCD_r0049_c0067.png,0,masks/BCD_r0049_c0067.png,0.00000000
BCD_r0049_c0068,T1/BCD_r0049_c0068.png,T2/BCD_r0049_c0068.png,0,masks/BCD_r0049_c0068.png,0.00000000
BCD_r0049_c0069,T1/BCD_r0049_c0069.png,T2/BCD_r0049_c0069.png,0,masks/BCD_r0049_c0069.png,0.00000000
BCD_r0049_c0070,T1/BCD_r0049_c0070.png,T2/BCD_r0049_c0070.png,0,masks/BCD_r0049_c0070.png,0.00000000
BCD_r0049_c0071,T1/BCD_r0049_c0071.png,T2/BCD_r0049_c0071.png,0,masks/BCD_r0049_c0071.png,0.00000000
BCD_r0049_c0072,T1/BCD_r0049_c0072.png,T2/BCD_r0049_c0072.png,0,masks/BCD_r0049_c0072.png,0.00000000
BCD_r0049_c0073,T1/BCD_r0049_c0073.png,T2/BCD_r0049_c0073.png,0,masks/BCD_r0049_c0073.png,0.00000000
BCD_r0049_c0074,T1/BCD_r0049_c0074.png,T2/BCD_r0049_c0074.png,0,masks/BCD_r0049_c0074.png,0.00000000
BCD_r0049_c0075,T1/BCD_r0049_c0075.png,T2/BCD_r0049_c0075.png,1,masks/BCD_r0049_c0075.png,0.03892299
BCD_r0049_c0076,T1/BCD_r0049_c0076.png,T2/BCD_r0049_c0076.png,1,masks/BCD_r0049_c0076.png,0.11864238
BCD_r0049_c0077,T1/BCD_r0049_c0077.png,T2/BCD_r0049_c0077.png,1,masks/BCD_r0049_c0077.png,0.26508689
BCD_r0049_c0078,T1/BCD_r0049_c0078.png,T2/BCD_r0049_c0078.png,1,masks/BCD_r0049_c0078.png,0.18494898
BCD_r0049_c0079,T1/BCD_r0049_c0079.png,T2/BCD_r0049_c0079.png,1,masks/BCD_r0049_c0079.png,0.21649793
BCD_r0049_c0080,T1/BCD_r0049_c0080.png,T2/BCD_r0049_c0080.png,1,masks/BCD_r0049_c0080.png,0.41089365
BCD_r0049_c0081,T1/BCD_r0049_c0081.png,T2/BCD_r0049_c0081.png,1,masks/BCD_r0049_c0081.png,0.39622529
BCD_r0049_c0082,T1/BCD_r0049_c0082.png,T2/BCD_r0049_c0082.png,1,masks/BCD_r0049_c0082.png,0.45850606
BCD_r0049_c0083,T1/BCD_r0049_c0083.png,T2/BCD_r0049_c0083.png,1,masks/BCD_r0049_c0083.png,0.49655214
BCD_r0049_c0084,T1/BCD_r0049_c0084.png,T2/BCD_r0049_c0084.png,1,masks/BCD_r0049_c0084.png,0.49071269
BCD_r0049_c0085,T1/BCD_r0049_c0085.png,T2/BCD_r0049_c0085.png,1,masks/BCD_r0049_c0085.png,0.37193080
BCD_r0049_c0086,T1/BCD_r0049_c0086.png,T2/BCD_r0049_c0086.png,1,masks/BCD_r0049_c0086.png,0.15728635
BCD_r0049_c0087,T1/BCD_r0049_c0087.png,T2/BCD_r0049_c0087.png,1,masks/BCD_r0049_c0087.png,0.14377392
BCD_r0049_c0088,T1/BCD_r0049_c0088.png,T2/BCD_r0049_c0088.png,1,masks/BCD_r0049_c0088.png,0.38352997
BCD_r0049_c0089,T1/BCD_r0049_c0089.png,T2/BCD_r0049_c0089.png,1,masks/BCD_r0049_c0089.png,0.32027264
BCD_r0049_c0090,T1/BCD_r0049_c0090.png,T2/BCD_r0049_c0090.png,1,masks/BCD_r0049_c0090.png,0.20836655
BCD_r0049_c0091,T1/BCD_r0049_c0091.png,T2/BCD_r0049_c0091.png,1,masks/BCD_r0049_c0091.png,0.26295440
BCD_r0049_c0092,T1/BCD_r0049_c0092.png,T2/BCD_r0049_c0092.png,1,masks/BCD_r0049_c0092.png,0.23214286
BCD_r0049_c0093,T1/BCD_r0049_c0093.png,T2/BCD_r0049_c0093.png,1,masks/BCD_r0049_c0093.png,0.16424187
BCD_r0049_c0094,T1/BCD_r0049_c0094.png,T2/BCD_r0049_c0094.png,0,masks/BCD_r0049_c0094.png,0.00000000
BCD_r0049_c0095,T1/BCD_r0049_c0095.png,T2/BCD_r0049_c0095.png,0,masks/BCD_r0049_c0095.png,0.00000000
BCD_r0049_c0096,T1/BCD_r0049_c0096.png,T2/BCD_r0049_c0096.png,0,masks/BCD_r0049_c0096.png,0.00000000
BCD_r0049_c0097,T1/BCD_r0049_c0097.png,T2/BCD_r0049_c0097.png,0,masks/BCD_r0049_c0097.png,0.00000000
BCD_r0049_c0098,T1/BCD_r0049_c0098.png,T2/BCD_r0049_c0098.png,0,masks/BCD_r0049_c0098.png,0.00000000
BCD_r0049_c0099,T1/BCD_r0049_c0099.png,T2/BCD_r0049_c0099.png,0,masks/BCD_r0049_c0099.png,0.00000000
BCD_r0049_c0100,T1/BCD_r0049_c0100.png,T2/BCD_r0049_c0100.png,0,masks/BCD_r0049_c0100.png,0.00000000
BCD_r0049_c0101,T1/BCD_r0049_c0101.png,T2/BCD_r0049_c0101.png,0,masks/BCD_r0049_c0101.png,0.00000000
BCD_r0049_c0102,T1/BCD_r0049_c0102.png,T2/BCD_r0049_c0102.png,0,masks/BCD_r0049_c0102.png,0.00000000
BCD_r0049_c0103,T1/BCD_r0049_c0103.png,T2/BCD_r0049_c0103.png,0,masks/BCD_r0049_c0103.png,0.00000000
BCD_r0049_c0104,T1/BCD_r0049_c0104.png,T2/BCD_r0049_c0104.png,0,masks/BCD_r0049_c0104.png,0.00000000
BCD_r0049_c0105,T1/BCD_r0049_c0105.png,T2/BCD_r0049_c0105.png,0,masks/BCD_r0049_c0105.png,0.00000000
BCD_r0049_c0106,T1/BCD_r0049_c0106.png,T2/BCD_r0049_c0106.png,0,masks/BCD_r0049_c0106.png,0.00000000
BCD_r0049_c0107,T1/BCD_r0049_c0107.png,T2/BCD_r0049_c0107.png,0,masks/BCD_r0049_c0107.png,0.00000000
BCD_r0049_c0108,T1/BCD_r0049_c0108.png,T2/BCD_r0049_c0108.png,0,masks/BCD_r0049_c0108.png,0.00000000
BCD_r0049_c0109,T1/BCD_r0049_c0109.png,T2/BCD_r0049_c0109.png,0,masks/BCD_r0049_c0109.png,0.00000000
BCD_r0049_c0110,T1/BCD_r0049_c0110.png,T2/BCD_r0049_c0110.png,0,masks/BCD_r0049_c0110.png,0.00000000
BCD_r0049_c0111,T1/BCD_r0049_c0111.png,T2/BCD_r0049_c0111.png,1,masks/BCD_r0049_c0111.png,0.21835140
BCD_r0049_c0112,T1/BCD_r0049_c0112.png,T2/BCD_r0049_c0112.png,1,masks/BCD_r0049_c0112.png,0.31417411
BCD_r0049_c0113,T1/BCD_r0049_c0113.png,T2/BCD_r0049_c0113.png,1,masks/BCD_r0049_c0113.png,0.01367188
BCD_r0049_c0114,T1/BCD_r0049_c0114.png,T2/BCD_r0049_c0114.png,0,masks/BCD_r0049_c0114.png,0.00000000
BCD_r0049_c0115,T1/BCD_r0049_c0115.png,T2/BCD_r0049_c0115.png,0,masks/BCD_r0049_c0115.png,0.00000000
BCD_r0049_c0116,T1/BCD_r0049_c0116.png,T2/BCD_r0049_c0116.png,0,masks/BCD_r0049_c0116.png,0.00000000
BCD_r0049_c0117,T1/BCD_r0049_c0117.png,T2/BCD_r0049_c0117.png,0,masks/BCD_r0049_c0117.png,0.00000000
BCD_r0049_c0118,T1/BCD_r0049_c0118.png,T2/BCD_r0049_c0118.png,0,masks/BCD_r0049_c0118.png,0.00000000
BCD_r0049_c0119,T1/BCD_r0049_c0119.png,T2/BCD_r0049_c0119.png,0,masks/BCD_r0049_c0119.png,0.00000000
BCD_r0049_c0120,T1/BCD_r0049_c0120.png,T2/BCD_r0049_c0120.png,0,masks/BCD_r0049_c0120.png,0.00000000
BCD_r0049_c0121,T1/BCD_r0049_c0121.png,T2/BCD_r0049_c0121.png,0,masks/BCD_r0049_c0121.png,0.00000000
BCD_r0049_c0122,T1/BCD_r0049_c0122.png,T2/BCD_r0049_c0122.png,0,masks/BCD_r0049_c0122.png,0.00000000
BCD_r0049_c0123,T1/BCD_r0049_c0123.png,T2/BCD_r0049_c0123.png,0,masks/BCD_r0049_c0123.png,0.00000000
BCD_r0049_c0124,T1/BCD_r0049_c0124.png,T2/BCD_r0049_c0124.png,0,masks/BCD_r0049_c0124.png,0.00000000
BCD_r0049_c0125,T1/BCD_r0049_c0125.png,T2/BCD_r0049_c0125.png,0,masks/BCD_r0049_c0125.png,0.00000000
BCD_r0049_c0126,T1/BCD_r0049_c0126.png,T2/BCD_r0049_c0126.png,0,masks/BCD_r0049_c0126.png,0.00000000
BCD_r0049_c0127,T1/BCD_r0049_c0127.png,T2/BCD_r0049_c0127.png,0,masks/BCD_r0049_c0127.png,0.00000000
BCD_r0049_c0128,T1/BCD_r0049_c0128.png,T2/BCD_r0049_c0128.png,0,masks/BCD_r0049_c0128.png,0.00000000
BCD_r0049_c0129,T1/BCD_r0049_c0129.png,T2/BCD_r0049_c0129.png,0,masks/BCD_r0049_c0129.png,0.00000000
BCD_r0049_c0130,T1/BCD_r0049_c0130.png,T2/BCD_r0049_c0130.png,0,masks/BCD_r0049_c0130.png,0.00000000
BCD_r0049_c0131,T1/BCD_r0049_c0131.png,T2/BCD_r0049_c0131.png,0,masks/BCD_r0049_c0131.png,0.00000000
BCD_r0049_c0132,T1/BCD_r0049_c0132.png,T2/BCD_r0049_c0132.png,0,masks/BCD_r0049_c0132.png,0.00000000
BCD_r0049_c0133,T1/BCD_r0049_c0133.png,T2/BCD_r0049_c0133.png,0,masks/BCD_r0049_c0133.png,0.00000000
BCD_r0049_c0134,T1/BCD_r0049_c0134.png,T2/BCD_r0049_c0134.png,0,masks/BCD_r0049_c0134.png,0.00000000
BCD_r0049_c0135,T1/BCD_r0049_c0135.png,T2/BCD_r0049_c0135.png,0,masks/BCD_r0049_c0135.png,0.00000000
BCD_r0049_c0136,T1/BCD_r0049_c0136.png,T2/BCD_r0049_c0136.png,0,masks/BCD_r0049_c0136.png,0.00000000
BCD_r0049_c0137,T1/BCD_r0049_c0137.png,T2/BCD_r0049_c0137.png,0,masks/BCD_r0049_c0137.png,0.00000000
BCD_r0049_c0138,T1/BCD_r0049_c0138.png,T2/BCD_r0049_c0138.png,0,masks/BCD_r0049_c0138.png,0.00000000
BCD_r0049_c0139,T1/BCD_r0049_c0139.png,T2/BCD_r0049_c0139.png,0,masks/BCD_r0049_c0139.png,0.00000000
BCD_r0049_c0140,T1/BCD_r0049_c0140.png,T2/BCD_r0049_c0140.png,0,masks/BCD_r0049_c0140.png,0.00000000
BCD_r0049_c0141,T1/BCD_r0049_c0141.png,T2/BCD_r0049_c0141.png,0,masks/BCD_r0049_c0141.png,0.00000000
BCD_r0049_c0142,T1/BCD_r0049_c0142.png,T2/BCD_r0049_c0142.png,0,masks/BCD_r0049_c0142.png,0.00000000
BCD_r0049_c0143,T1/BCD_r0049_c0143.png,T2/BCD_r0049_c0143.png,0,masks/BCD_r0049_c0143.png,0.00000000
BCD_r0049_c0144,T1/BCD_r0049_c0144.png,T2/BCD_r0049_c0144.png,1,masks/BCD_r0049_c0144.png,0.01092156
BCD_r0050_c0000,T1/BCD_r0050_c0000.png,T2/BCD_r0050_c0000.png,0,masks/BCD_r0050_c0000.png,0.00000000
BCD_r0050_c0001,T1/BCD_r0050_c0001.png,T2/BCD_r0050_c0001.png,0,masks/BCD_r0050_c0001.png,0.00000000
BCD_r0050_c0002,T1/BCD_r0050_c0002.png,T2/BCD_r0050_c0002.png,0,masks/BCD_r0050_c0002.png,0.00000000
BCD_r0050_c0003,T1/BCD_r0050_c0003.png,T2/BCD_r0050_c0003.png,0,masks/BCD_r0050_c0003.png,0.00000000
BCD_r0050_c0004,T1/BCD_r0050_c0004.png,T2/BCD_r0050_c0004.png,0,masks/BCD_r0050_c0004.png,0.00000000
BCD_r0050_c0005,T1/BCD_r0050_c0005.png,T2/BCD_r0050_c0005.png,0,masks/BCD_r0050_c0005.png,0.00000000
BCD_r0050_c0006,T1/BCD_r0050_c0006.png,T2/BCD_r0050_c0006.png,0,masks/BCD_r0050_c0006.png,0.00000000
BCD_r0050_c0007,T1/BCD_r0050_c0007.png,T2/BCD_r0050_c0007.png,0,masks/BCD_r0050_c0007.png,0.00000000
BCD_r0050_c0008,T1/BCD_r0050_c0008.png,T2/BCD_r0050_c0008.png,0,masks/BCD_r0050_c0008.png,0.00000000
BCD_r0050_c0009,T1/BCD_r0050_c0009.png,T2/BCD_r0050_c0009.png,1,masks/BCD_r0050_c0009.png,0.04888791
BCD_r0050_c0010,T1/BCD_r0050_c0010.png,T2/BCD_r0050_c0010.png,0,masks/BCD_r0050_c0010.png,0.00000000
BCD_r0050_c0011,T1/BCD_r0050_c0011.png,T2/BCD_r0050_c0011.png,1,masks/BCD_r0050_c0011.png,0.03091119
BCD_r0050_c0012,T1/BCD_r0050_c0012.png,T2/BCD_r0050_c0012.png,1,masks/BCD_r0050_c0012.png,0.02879863
BCD_r0050_c0013,T1/BCD_r0050_c0013.png,T2/BCD_r0050_c0013.png,0,masks/BCD_r0050_c0013.png,0.00000000
BCD_r0050_c0014,T1/BCD_r0050_c0014.png,T2/BCD_r0050_c0014.png,0,masks/BCD_r0050_c0014.png,0.00000000
BCD_r0050_c0015,T1/BCD_r0050_c0015.png,T2/BCD_r0050_c0015.png,0,masks/BCD_r0050_c0015.png,0.00000000
BCD_r0050_c0016,T1/BCD_r0050_c0016.png,T2/BCD_r0050_c0016.png,0,masks/BCD_r0050_c0016.png,0.00000000
BCD_r0050_c0017,T1/BCD_r0050_c0017.png,T2/BCD_r0050_c0017.png,0,masks/BCD_r0050_c0017.png,0.00000000
BCD_r0050_c0018,T1/BCD_r0050_c0018.png,T2/BCD_r0050_c0018.png,0,masks/BCD_r0050_c0018.png,0.00000000
BCD_r0050_c0019,T1/BCD_r0050_c0019.png,T2/BCD_r0050_c0019.png,0,masks/BCD_r0050_c0019.png,0.00000000
BCD_r0050_c0020,T1/BCD_r0050_c0020.png,T2/BCD_r0050_c0020.png,0,masks/BCD_r0050_c0020.png,0.00000000
BCD_r0050_c0021,T1/BCD_r0050_c0021.png,T2/BCD_r0050_c0021.png,0,masks/BCD_r0050_c0021.png,0.00000000
BCD_r0050_c0022,T1/BCD_r0050_c0022.png,T2/BCD_r0050_c0022.png,0,masks/BCD_r0050_c0022.png,0.00000000
BCD_r0050_c0023,T1/BCD_r0050_c0023.png,T2/BCD_r0050_c0023.png,0,masks/BCD_r0050_c0023.png,0.00000000
BCD_r0050_c0024,T1/BCD_r0050_c0024.png,T2/BCD_r0050_c0024.png,0,masks/BCD_r0050_c0024.png,0.00000000
BCD_r0050_c0025,T1/BCD_r0050_c0025.png,T2/BCD_r0050_c0025.png,0,masks/BCD_r0050_c0025.png,0.00000000
BCD_r0050_c0026,T1/BCD_r0050_c0026.png,T2/BCD_r0050_c0026.png,0,masks/BCD_r0050_c0026.png,0.00000000
BCD_r0050_c0027,T1/BCD_r0050_c0027.png,T2/BCD_r0050_c0027.png,0,masks/BCD_r0050_c0027.png,0.00000000
BCD_r0050_c0028,T1/BCD_r0050_c0028.png,T2/BCD_r0050_c0028.png,1,masks/BCD_r0050_c0028.png,0.02116550
BCD_r0050_c0029,T1/BCD_r0050_c0029.png,T2/BCD_r0050_c0029.png,0,masks/BCD_r0050_c0029.png,0.00000000
BCD_r0050_c0030,T1/BCD_r0050_c0030.png,T2/BCD_r0050_c0030.png,0,masks/BCD_r0050_c0030.png,0.00000000
BCD_r0050_c0031,T1/BCD_r0050_c0031.png,T2/BCD_r0050_c0031.png,0,masks/BCD_r0050_c0031.png,0.00000000
BCD_r0050_c0032,T1/BCD_r0050_c0032.png,T2/BCD_r0050_c0032.png,0,masks/BCD_r0050_c0032.png,0.00000000
BCD_r0050_c0033,T1/BCD_r0050_c0033.png,T2/BCD_r0050_c0033.png,0,masks/BCD_r0050_c0033.png,0.00000000
BCD_r0050_c0034,T1/BCD_r0050_c0034.png,T2/BCD_r0050_c0034.png,0,masks/BCD_r0050_c0034.png,0.00000000
BCD_r0050_c0035,T1/BCD_r0050_c0035.png,T2/BCD_r0050_c0035.png,0,masks/BCD_r0050_c0035.png,0.00000000
BCD_r0050_c0036,T1/BCD_r0050_c0036.png,T2/BCD_r0050_c0036.png,0,masks/BCD_r0050_c0036.png,0.00000000
BCD_r0050_c0037,T1/BCD_r0050_c0037.png,T2/BCD_r0050_c0037.png,1,masks/BCD_r0050_c0037.png,0.01237643
BCD_r0050_c0038,T1/BCD_r0050_c0038.png,T2/BCD_r0050_c0038.png,1,masks/BCD_r0050_c0038.png,0.05434869
BCD_r0050_c0039,T1/BCD_r0050_c0039.png,T2/BCD_r0050_c0039.png,0,masks/BCD_r0050_c0039.png,0.00000000
BCD_r0050_c0040,T1/BCD_r0050_c0040.png,T2/BCD_r0050_c0040.png,0,masks/BCD_r0050_c0040.png,0.00000000
BCD_r0050_c0041,T1/BCD_r0050_c0041.png,T2/BCD_r0050_c0041.png,0,masks/BCD_r0050_c0041.png,0.00000000
BCD_r0050_c0042,T1/BCD_r0050_c0042.png,T2/BCD_r0050_c0042.png,0,masks/BCD_r0050_c0042.png,0.00000000
BCD_r0050_c0043,T1/BCD_r0050_c0043.png,T2/BCD_r0050_c0043.png,0,masks/BCD_r0050_c0043.png,0.00000000
BCD_r0050_c0044,T1/BCD_r0050_c0044.png,T2/BCD_r0050_c0044.png,0,masks/BCD_r0050_c0044.png,0.00000000
BCD_r0050_c0045,T1/BCD_r0050_c0045.png,T2/BCD_r0050_c0045.png,0,masks/BCD_r0050_c0045.png,0.00000000
BCD_r0050_c0046,T1/BCD_r0050_c0046.png,T2/BCD_r0050_c0046.png,0,masks/BCD_r0050_c0046.png,0.00000000
BCD_r0050_c0047,T1/BCD_r0050_c0047.png,T2/BCD_r0050_c0047.png,0,masks/BCD_r0050_c0047.png,0.00000000
BCD_r0050_c0048,T1/BCD_r0050_c0048.png,T2/BCD_r0050_c0048.png,0,masks/BCD_r0050_c0048.png,0.00000000
BCD_r0050_c0049,T1/BCD_r0050_c0049.png,T2/BCD_r0050_c0049.png,0,masks/BCD_r0050_c0049.png,0.00000000
BCD_r0050_c0050,T1/BCD_r0050_c0050.png,T2/BCD_r0050_c0050.png,0,masks/BCD_r0050_c0050.png,0.00000000
BCD_r0050_c0051,T1/BCD_r0050_c0051.png,T2/BCD_r0050_c0051.png,0,masks/BCD_r0050_c0051.png,0.00000000
BCD_r0050_c0052,T1/BCD_r0050_c0052.png,T2/BCD_r0050_c0052.png,0,masks/BCD_r0050_c0052.png,0.00000000
BCD_r0050_c0053,T1/BCD_r0050_c0053.png,T2/BCD_r0050_c0053.png,0,masks/BCD_r0050_c0053.png,0.00000000
BCD_r0050_c0054,T1/BCD_r0050_c0054.png,T2/BCD_r0050_c0054.png,0,masks/BCD_r0050_c0054.png,0.00000000
BCD_r0050_c0055,T1/BCD_r0050_c0055.png,T2/BCD_r0050_c0055.png,0,masks/BCD_r0050_c0055.png,0.00000000
BCD_r0050_c0056,T1/BCD_r0050_c0056.png,T2/BCD_r0050_c0056.png,1,masks/BCD_r0050_c0056.png,0.17723613
BCD_r0050_c0057,T1/BCD_r0050_c0057.png,T2/BCD_r0050_c0057.png,1,masks/BCD_r0050_c0057.png,0.47568559
BCD_r0050_c0058,T1/BCD_r0050_c0058.png,T2/BCD_r0050_c0058.png,1,masks/BCD_r0050_c0058.png,0.27379624
BCD_r0050_c0059,T1/BCD_r0050_c0059.png,T2/BCD_r0050_c0059.png,0,masks/BCD_r0050_c0059.png,0.00000000
BCD_r0050_c0060,T1/BCD_r0050_c0060.png,T2/BCD_r0050_c0060.png,1,masks/BCD_r0050_c0060.png,0.01032366
BCD_r0050_c0061,T1/BCD_r0050_c0061.png,T2/BCD_r0050_c0061.png,1,masks/BCD_r0050_c0061.png,0.07918128
BCD_r0050_c0062,T1/BCD_r0050_c0062.png,T2/BCD_r0050_c0062.png,0,masks/BCD_r0050_c0062.png,0.00000000
BCD_r0050_c0063,T1/BCD_r0050_c0063.png,T2/BCD_r0050_c0063.png,0,masks/BCD_r0050_c0063.png,0.00000000
BCD_r0050_c0064,T1/BCD_r0050_c0064.png,T2/BCD_r0050_c0064.png,0,masks/BCD_r0050_c0064.png,0.00000000
BCD_r0050_c0065,T1/BCD_r0050_c0065.png,T2/BCD_r0050_c0065.png,0,masks/BCD_r0050_c0065.png,0.00000000
BCD_r0050_c0066,T1/BCD_r0050_c0066.png,T2/BCD_r0050_c0066.png,0,masks/BCD_r0050_c0066.png,0.00000000
BCD_r0050_c0067,T1/BCD_r0050_c0067.png,T2/BCD_r0050_c0067.png,0,masks/BCD_r0050_c0067.png,0.00000000
BCD_r0050_c0068,T1/BCD_r0050_c0068.png,T2/BCD_r0050_c0068.png,0,masks/BCD_r0050_c0068.png,0.00000000
BCD_r0050_c0069,T1/BCD_r0050_c0069.png,T2/BCD_r0050_c0069.png,0,masks/BCD_r0050_c0069.png,0.00000000
BCD_r0050_c0070,T1/BCD_r0050_c0070.png,T2/BCD_r0050_c0070.png,0,masks/BCD_r0050_c0070.png,0.00000000
BCD_r0050_c0071,T1/BCD_r0050_c0071.png,T2/BCD_r0050_c0071.png,0,masks/BCD_r0050_c0071.png,0.00000000
BCD_r0050_c0072,T1/BCD_r0050_c0072.png,T2/BCD_r0050_c0072.png,0,masks/BCD_r0050_c0072.png,0.00000000
BCD_r0050_c0073,T1/BCD_r0050_c0073.png,T2/BCD_r0050_c0073.png,0,masks/BCD_r0050_c0073.png,0.00000000
BCD_r0050_c0074,T1/BCD_r0050_c0074.png,T2/BCD_r0050_c0074.png,0,masks/BCD_r0050_c0074.png,0.00000000
BCD_r0050_c0075,T1/BCD_r0050_c0075.png,T2/BCD_r0050_c0075.png,0,masks/BCD_r0050_c0075.png,0.00000000
BCD_r0050_c0076,T1/BCD_r0050_c0076.png,T2/BCD_r0050_c0076.png,0,masks/BCD_r0050_c0076.png,0.00000000
BCD_r0050_c0077,T1/BCD_r0050_c0077.png,T2/BCD_r0050_c0077.png,0,masks/BCD_r0050_c0077.png,0.00000000
BCD_r0050_c0078,T1/BCD_r0050_c0078.png,T2/BCD_r0050_c0078.png,0,masks/BCD_r0050_c0078.png,0.00000000
BCD_r0050_c0079,T1/BCD_r0050_c0079.png,T2/BCD_r0050_c0079.png,0,masks/BCD_r0050_c0079.png,0.00000000
BCD_r0050_c0080,T1/BCD_r0050_c0080.png,T2/BCD_r0050_c0080.png,0,masks/BCD_r0050_c0080.png,0.00000000
BCD_r0050_c0081,T1/BCD_r0050_c0081.png,T2/BCD_r0050_c0081.png,0,masks/BCD_r0050_c0081.png,0.00000000
BCD_r0050_c0082,T1/BCD_r0050_c0082.png,T2/BCD_r0050_c0082.png,0,masks/BCD_r0050_c0082.png,0.00000000
BCD_r0050_c0083,T1/BCD_r0050_c0083.png,T2/BCD_r0050_c0083.png,1,masks/BCD_r0050_c0083.png,0.05257494
BCD_r0050_c0084,T1/BCD_r0050_c0084.png,T2/BCD_r0050_c0084.png,1,masks/BCD_r0050_c0084.png,0.21400670
BCD_r0050_c0085,T1/BCD_r0050_c0085.png,T2/BCD_r0050_c0085.png,1,masks/BCD_r0050_c0085.png,0.23790258
BCD_r0050_c0086,T1/BCD_r0050_c0086.png,T2/BCD_r0050_c0086.png,1,masks/BCD_r0050_c0086.png,0.27610810
BCD_r0050_c0087,T1/BCD_r0050_c0087.png,T2/BCD_r0050_c0087.png,1,masks/BCD_r0050_c0087.png,0.34058115
BCD_r0050_c0088,T1/BCD_r0050_c0088.png,T2/BCD_r0050_c0088.png,1,masks/BCD_r0050_c0088.png,0.21681680
BCD_r0050_c0089,T1/BCD_r0050_c0089.png,T2/BCD_r0050_c0089.png,1,masks/BCD_r0050_c0089.png,0.46586017
BCD_r0050_c0090,T1/BCD_r0050_c0090.png,T2/BCD_r0050_c0090.png,0,masks/BCD_r0050_c0090.png,0.00000000
BCD_r0050_c0091,T1/BCD_r0050_c0091.png,T2/BCD_r0050_c0091.png,0,masks/BCD_r0050_c0091.png,0.00000000
BCD_r0050_c0092,T1/BCD_r0050_c0092.png,T2/BCD_r0050_c0092.png,0,masks/BCD_r0050_c0092.png,0.00000000
BCD_r0050_c0093,T1/BCD_r0050_c0093.png,T2/BCD_r0050_c0093.png,0,masks/BCD_r0050_c0093.png,0.00000000
BCD_r0050_c0094,T1/BCD_r0050_c0094.png,T2/BCD_r0050_c0094.png,0,masks/BCD_r0050_c0094.png,0.00000000
BCD_r0050_c0095,T1/BCD_r0050_c0095.png,T2/BCD_r0050_c0095.png,0,masks/BCD_r0050_c0095.png,0.00000000
BCD_r0050_c0096,T1/BCD_r0050_c0096.png,T2/BCD_r0050_c0096.png,0,masks/BCD_r0050_c0096.png,0.00000000
BCD_r0050_c0097,T1/BCD_r0050_c0097.png,T2/BCD_r0050_c0097.png,0,masks/BCD_r0050_c0097.png,0.00000000
BCD_r0050_c0098,T1/BCD_r0050_c0098.png,T2/BCD_r0050_c0098.png,0,masks/BCD_r0050_c0098.png,0.00000000
BCD_r0050_c0099,T1/BCD_r0050_c0099.png,T2/BCD_r0050_c0099.png,0,masks/BCD_r0050_c0099.png,0.00000000
BCD_r0050_c0100,T1/BCD_r0050_c0100.png,T2/BCD_r0050_c0100.png,0,masks/BCD_r0050_c0100.png,0.00000000
BCD_r0050_c0101,T1/BCD_r0050_c0101.png,T2/BCD_r0050_c0101.png,0,masks/BCD_r0050_c0101.png,0.00000000
BCD_r0050_c0102,T1/BCD_r0050_c0102.png,T2/BCD_r0050_c0102.png,0,masks/BCD_r0050_c0102.png,0.00000000
BCD_r0050_c0103,T1/BCD_r0050_c0103.png,T2/BCD_r0050_c0103.png,0,masks/BCD_r0050_c0103.png,0.00000000
BCD_r0050_c0104,T1/BCD_r0050_c0104.png,T2/BCD_r0050_c0104.png,0,masks/BCD_r0050_c0104.png,0.00000000
BCD_r0050_c0105,T1/BCD_r0050_c0105.png,T2/BCD_r0050_c0105.png,0,masks/BCD_r0050_c0105.png,0.00000000
BCD_r0050_c0106,T1/BCD_r0050_c0106.png,T2/BCD_r0050_c0106.png,0,masks/BCD_r0050_c0106.png,0.00000000
BCD_r0050_c0107,T1/BCD_r0050_c0107.png,T2/BCD_r0050_c0107.png,0,masks/BCD_r0050_c0107.png,0.00000000
BCD_r0050_c0108,T1/BCD_r0050_c0108.png,T2/BCD_r0050_c0108.png,0,masks/BCD_r0050_c0108.png,0.00000000
BCD_r0050_c0109,T1/BCD_r0050_c0109.png,T2/BCD_r0050_c0109.png,1,masks/BCD_r0050_c0109.png,0.14080437
BCD_r0050_c0110,T1/BCD_r0050_c0110.png,T2/BCD_r0050_c0110.png,1,masks/BCD_r0050_c0110.png,0.11836336
BCD_r0050_c0111,T1/BCD_r0050_c0111.png,T2/BCD_r0050_c0111.png,1,masks/BCD_r0050_c0111.png,0.24272561
BCD_r0050_c0112,T1/BCD_r0050_c0112.png,T2/BCD_r0050_c0112.png,1,masks/BCD_r0050_c0112.png,0.14770010
BCD_r0050_c0113,T1/BCD_r0050_c0113.png,T2/BCD_r0050_c0113.png,0,masks/BCD_r0050_c0113.png,0.00000000
BCD_r0050_c0114,T1/BCD_r0050_c0114.png,T2/BCD_r0050_c0114.png,0,masks/BCD_r0050_c0114.png,0.00000000
BCD_r0050_c0115,T1/BCD_r0050_c0115.png,T2/BCD_r0050_c0115.png,0,masks/BCD_r0050_c0115.png,0.00000000
BCD_r0050_c0116,T1/BCD_r0050_c0116.png,T2/BCD_r0050_c0116.png,0,masks/BCD_r0050_c0116.png,0.00000000
BCD_r0050_c0117,T1/BCD_r0050_c0117.png,T2/BCD_r0050_c0117.png,0,masks/BCD_r0050_c0117.png,0.00000000
BCD_r0050_c0118,T1/BCD_r0050_c0118.png,T2/BCD_r0050_c0118.png,0,masks/BCD_r0050_c0118.png,0.00000000
BCD_r0050_c0119,T1/BCD_r0050_c0119.png,T2/BCD_r0050_c0119.png,0,masks/BCD_r0050_c0119.png,0.00000000
BCD_r0050_c0120,T1/BCD_r0050_c0120.png,T2/BCD_r0050_c0120.png,0,masks/BCD_r0050_c0120.png,0.00000000
BCD_r0050_c0121,T1/BCD_r0050_c0121.png,T2/BCD_r0050_c0121.png,0,masks/BCD_r0050_c0121.png,0.00000000
BCD_r0050_c0122,T1/BCD_r0050_c0122.png,T2/BCD_r0050_c0122.png,0,masks/BCD_r0050_c0122.png,0.00000000
BCD_r0050_c0123,T1/BCD_r0050_c0123.png,T2/BCD_r0050_c0123.png,0,masks/BCD_r0050_c0123.png,0.00000000
BCD_r0050_c0124,T1/BCD_r0050_c0124.png,T2/BCD_r0050_c0124.png,0,masks/BCD_r0050_c0124.png,0.00000000
BCD_r0050_c0125,T1/BCD_r0050_c0125.png,T2/BCD_r0050_c0125.png,0,masks/BCD_r0050_c0125.png,0.00000000
BCD_r0050_c0126,T1/BCD_r0050_c0126.png,T2/BCD_r0050_c0126.png,0,masks/BCD_r0050_c0126.png,0.00000000
BCD_r0050_c0127,T1/BCD_r0050_c0127.png,T2/BCD_r0050_c0127.png,0,masks/BCD_r0050_c0127.png,0.00000000
BCD_r0050_c0128,T1/BCD_r0050_c0128.png,T2/BCD_r0050_c0128.png,0,masks/BCD_r0050_c0128.png,0.00000000
BCD_r0050_c0129,T1/BCD_r0050_c0129.png,T2/BCD_r0050_c0129.png,0,masks/BCD_r0050_c0129.png,0.00000000
BCD_r0050_c0130,T1/BCD_r0050_c0130.png,T2/BCD_r0050_c0130.png,0,masks/BCD_r0050_c0130.png,0.00000000
BCD_r0050_c0131,T1/BCD_r0050_c0131.png,T2/BCD_r0050_c0131.png,1,masks/BCD_r0050_c0131.png,0.00647720
BCD_r0050_c0132,T1/BCD_r0050_c0132.png,T2/BCD_r0050_c0132.png,1,masks/BCD_r0050_c0132.png,0.00988520
BCD_r0050_c0133,T1/BCD_r0050_c0133.png,T2/BCD_r0050_c0133.png,0,masks/BCD_r0050_c0133.png,0.00000000
BCD_r0050_c0134,T1/BCD_r0050_c0134.png,T2/BCD_r0050_c0134.png,0,masks/BCD_r0050_c0134.png,0.00000000
BCD_r0050_c0135,T1/BCD_r0050_c0135.png,T2/BCD_r0050_c0135.png,0,masks/BCD_r0050_c0135.png,0.00000000
BCD_r0050_c0136,T1/BCD_r0050_c0136.png,T2/BCD_r0050_c0136.png,0,masks/BCD_r0050_c0136.png,0.00000000
BCD_r0050_c0137,T1/BCD_r0050_c0137.png,T2/BCD_r0050_c0137.png,0,masks/BCD_r0050_c0137.png,0.00000000
BCD_r0050_c0138,T1/BCD_r0050_c0138.png,T2/BCD_r0050_c0138.png,0,masks/BCD_r0050_c0138.png,0.00000000
BCD_r0050_c0139,T1/BCD_r0050_c0139.png,T2/BCD_r0050_c0139.png,0,masks/BCD_r0050_c0139.png,0.00000000
BCD_r0050_c0140,T1/BCD_r0050_c0140.png,T2/BCD_r0050_c0140.png,0,masks/BCD_r0050_c0140.png,0.00000000
BCD_r0050_c0141,T1/BCD_r0050_c0141.png,T2/BCD_r0050_c0141.png,0,masks/BCD_r0050_c0141.png,0.00000000
BCD_r0050_c0142,T1/BCD_r0050_c0142.png,T2/BCD_r0050_c0142.png,0,masks/BCD_r0050_c0142.png,0.00000000
BCD_r0050_c0143,T1/BCD_r0050_c0143.png,T2/BCD_r0050_c0143.png,0,masks/BCD_r0050_c0143.png,0.00000000
BCD_r0050_c0144,T1/BCD_r0050_c0144.png,T2/BCD_r0050_c0144.png,0,masks/BCD_r0050_c0144.png,0.00000000
BCD_r0051_c0000,T1/BCD_r0051_c0000.png,T2/BCD_r0051_c0000.png,0,masks/BCD_r0051_c0000.png,0.00000000
BCD_r0051_c0001,T1/BCD_r0051_c0001.png,T2/BCD_r0051_c0001.png,0,masks/BCD_r0051_c0001.png,0.00000000
BCD_r0051_c0002,T1/BCD_r0051_c0002.png,T2/BCD_r0051_c0002.png,0,masks/BCD_r0051_c0002.png,0.00000000
BCD_r0051_c0003,T1/BCD_r0051_c0003.png,T2/BCD_r0051_c0003.png,0,masks/BCD_r0051_c0003.png,0.00000000
BCD_r0051_c0004,T1/BCD_r0051_c0004.png,T2/BCD_r0051_c0004.png,0,masks/BCD_r0051_c0004.png,0.00000000
BCD_r0051_c0005,T1/BCD_r0051_c0005.png,T2/BCD_r0051_c0005.png,0,masks/BCD_r0051_c0005.png,0.00000000
BCD_r0051_c0006,T1/BCD_r0051_c0006.png,T2/BCD_r0051_c0006.png,0,masks/BCD_r0051_c0006.png,0.00000000
BCD_r0051_c0007,T1/BCD_r0051_c0007.png,T2/BCD_r0051_c0007.png,0,masks/BCD_r0051_c0007.png,0.00000000
BCD_r0051_c0008,T1/BCD_r0051_c0008.png,T2/BCD_r0051_c0008.png,0,masks/BCD_r0051_c0008.png,0.00000000
BCD_r0051_c0009,T1/BCD_r0051_c0009.png,T2/BCD_r0051_c0009.png,0,masks/BCD_r0051_c0009.png,0.00000000
BCD_r0051_c0010,T1/BCD_r0051_c0010.png,T2/BCD_r0051_c0010.png,0,masks/BCD_r0051_c0010.png,0.00000000
BCD_r0051_c0011,T1/BCD_r0051_c0011.png,T2/BCD_r0051_c0011.png,0,masks/BCD_r0051_c0011.png,0.00000000
BCD_r0051_c0012,T1/BCD_r0051_c0012.png,T2/BCD_r0051_c0012.png,0,masks/BCD_r0051_c0012.png,0.00000000
BCD_r0051_c0013,T1/BCD_r0051_c0013.png,T2/BCD_r0051_c0013.png,0,masks/BCD_r0051_c0013.png,0.00000000
BCD_r0051_c0014,T1/BCD_r0051_c0014.png,T2/BCD_r0051_c0014.png,0,masks/BCD_r0051_c0014.png,0.00000000
BCD_r0051_c0015,T1/BCD_r0051_c0015.png,T2/BCD_r0051_c0015.png,0,masks/BCD_r0051_c0015.png,0.00000000
BCD_r0051_c0016,T1/BCD_r0051_c0016.png,T2/BCD_r0051_c0016.png,1,masks/BCD_r0051_c0016.png,0.11220504
BCD_r0051_c0017,T1/BCD_r0051_c0017.png,T2/BCD_r0051_c0017.png,1,masks/BCD_r0051_c0017.png,0.08260922
BCD_r0051_c0018,T1/BCD_r0051_c0018.png,T2/BCD_r0051_c0018.png,1,masks/BCD_r0051_c0018.png,0.02447385
BCD_r0051_c0019,T1/BCD_r0051_c0019.png,T2/BCD_r0051_c0019.png,0,masks/BCD_r0051_c0019.png,0.00000000
BCD_r0051_c0020,T1/BCD_r0051_c0020.png,T2/BCD_r0051_c0020.png,0,masks/BCD_r0051_c0020.png,0.00000000
BCD_r0051_c0021,T1/BCD_r0051_c0021.png,T2/BCD_r0051_c0021.png,0,masks/BCD_r0051_c0021.png,0.00000000
BCD_r0051_c0022,T1/BCD_r0051_c0022.png,T2/BCD_r0051_c0022.png,0,masks/BCD_r0051_c0022.png,0.00000000
BCD_r0051_c0023,T1/BCD_r0051_c0023.png,T2/BCD_r0051_c0023.png,0,masks/BCD_r0051_c0023.png,0.00000000
BCD_r0051_c0024,T1/BCD_r0051_c0024.png,T2/BCD_r0051_c0024.png,0,masks/BCD_r0051_c0024.png,0.00000000
BCD_r0051_c0025,T1/BCD_r0051_c0025.png,T2/BCD_r0051_c0025.png,0,masks/BCD_r0051_c0025.png,0.00000000
BCD_r0051_c0026,T1/BCD_r0051_c0026.png,T2/BCD_r0051_c0026.png,0,masks/BCD_r0051_c0026.png,0.00000000
BCD_r0051_c0027,T1/BCD_r0051_c0027.png,T2/BCD_r0051_c0027.png,0,masks/BCD_r0051_c0027.png,0.00000000
BCD_r0051_c0028,T1/BCD_r0051_c0028.png,T2/BCD_r0051_c0028.png,0,masks/BCD_r0051_c0028.png,0.00000000
BCD_r0051_c0029,T1/BCD_r0051_c0029.png,T2/BCD_r0051_c0029.png,0,masks/BCD_r0051_c0029.png,0.00000000
BCD_r0051_c0030,T1/BCD_r0051_c0030.png,T2/BCD_r0051_c0030.png,0,masks/BCD_r0051_c0030.png,0.00000000
BCD_r0051_c0031,T1/BCD_r0051_c0031.png,T2/BCD_r0051_c0031.png,0,masks/BCD_r0051_c0031.png,0.00000000
BCD_r0051_c0032,T1/BCD_r0051_c0032.png,T2/BCD_r0051_c0032.png,0,masks/BCD_r0051_c0032.png,0.00000000
BCD_r0051_c0033,T1/BCD_r0051_c0033.png,T2/BCD_r0051_c0033.png,1,masks/BCD_r0051_c0033.png,0.02706473
BCD_r0051_c0034,T1/BCD_r0051_c0034.png,T2/BCD_r0051_c0034.png,0,masks/BCD_r0051_c0034.png,0.00000000
BCD_r0051_c0035,T1/BCD_r0051_c0035.png,T2/BCD_r0051_c0035.png,0,masks/BCD_r0051_c0035.png,0.00000000
BCD_r0051_c0036,T1/BCD_r0051_c0036.png,T2/BCD_r0051_c0036.png,0,masks/BCD_r0051_c0036.png,0.00000000
BCD_r0051_c0037,T1/BCD_r0051_c0037.png,T2/BCD_r0051_c0037.png,1,masks/BCD_r0051_c0037.png,0.12033642
BCD_r0051_c0038,T1/BCD_r0051_c0038.png,T2/BCD_r0051_c0038.png,1,masks/BCD_r0051_c0038.png,0.54001913
BCD_r0051_c0039,T1/BCD_r0051_c0039.png,T2/BCD_r0051_c0039.png,0,masks/BCD_r0051_c0039.png,0.00000000
BCD_r0051_c0040,T1/BCD_r0051_c0040.png,T2/BCD_r0051_c0040.png,1,masks/BCD_r0051_c0040.png,0.05484694
BCD_r0051_c0041,T1/BCD_r0051_c0041.png,T2/BCD_r0051_c0041.png,0,masks/BCD_r0051_c0041.png,0.00000000
BCD_r0051_c0042,T1/BCD_r0051_c0042.png,T2/BCD_r0051_c0042.png,0,masks/BCD_r0051_c0042.png,0.00000000
BCD_r0051_c0043,T1/BCD_r0051_c0043.png,T2/BCD_r0051_c0043.png,0,masks/BCD_r0051_c0043.png,0.00000000
BCD_r0051_c0044,T1/BCD_r0051_c0044.png,T2/BCD_r0051_c0044.png,0,masks/BCD_r0051_c0044.png,0.00000000
BCD_r0051_c0045,T1/BCD_r0051_c0045.png,T2/BCD_r0051_c0045.png,0,masks/BCD_r0051_c0045.png,0.00000000
BCD_r0051_c0046,T1/BCD_r0051_c0046.png,T2/BCD_r0051_c0046.png,0,masks/BCD_r0051_c0046.png,0.00000000
BCD_r0051_c0047,T1/BCD_r0051_c0047.png,T2/BCD_r0051_c0047.png,0,masks/BCD_r0051_c0047.png,0.00000000
BCD_r0051_c0048,T1/BCD_r0051_c0048.png,T2/BCD_r0051_c0048.png,0,masks/BCD_r0051_c0048.png,0.00000000
BCD_r0051_c0049,T1/BCD_r0051_c0049.png,T2/BCD_r0051_c0049.png,0,masks/BCD_r0051_c0049.png,0.00000000
BCD_r0051_c0050,T1/BCD_r0051_c0050.png,T2/BCD_r0051_c0050.png,0,masks/BCD_r0051_c0050.png,0.00000000
BCD_r0051_c0051,T1/BCD_r0051_c0051.png,T2/BCD_r0051_c0051.png,0,masks/BCD_r0051_c0051.png,0.00000000
BCD_r0051_c0052,T1/BCD_r0051_c0052.png,T2/BCD_r0051_c0052.png,0,masks/BCD_r0051_c0052.png,0.00000000
BCD_r0051_c0053,T1/BCD_r0051_c0053.png,T2/BCD_r0051_c0053.png,0,masks/BCD_r0051_c0053.png,0.00000000
BCD_r0051_c0054,T1/BCD_r0051_c0054.png,T2/BCD_r0051_c0054.png,0,masks/BCD_r0051_c0054.png,0.00000000
BCD_r0051_c0055,T1/BCD_r0051_c0055.png,T2/BCD_r0051_c0055.png,1,masks/BCD_r0051_c0055.png,0.04187261
BCD_r0051_c0056,T1/BCD_r0051_c0056.png,T2/BCD_r0051_c0056.png,0,masks/BCD_r0051_c0056.png,0.00000000
BCD_r0051_c0057,T1/BCD_r0051_c0057.png,T2/BCD_r0051_c0057.png,1,masks/BCD_r0051_c0057.png,0.03085140
BCD_r0051_c0058,T1/BCD_r0051_c0058.png,T2/BCD_r0051_c0058.png,1,masks/BCD_r0051_c0058.png,0.16493941
BCD_r0051_c0059,T1/BCD_r0051_c0059.png,T2/BCD_r0051_c0059.png,1,masks/BCD_r0051_c0059.png,0.22389190
BCD_r0051_c0060,T1/BCD_r0051_c0060.png,T2/BCD_r0051_c0060.png,1,masks/BCD_r0051_c0060.png,0.00045839
BCD_r0051_c0061,T1/BCD_r0051_c0061.png,T2/BCD_r0051_c0061.png,1,masks/BCD_r0051_c0061.png,0.06445312
BCD_r0051_c0062,T1/BCD_r0051_c0062.png,T2/BCD_r0051_c0062.png,0,masks/BCD_r0051_c0062.png,0.00000000
BCD_r0051_c0063,T1/BCD_r0051_c0063.png,T2/BCD_r0051_c0063.png,0,masks/BCD_r0051_c0063.png,0.00000000
BCD_r0051_c0064,T1/BCD_r0051_c0064.png,T2/BCD_r0051_c0064.png,0,masks/BCD_r0051_c0064.png,0.00000000
BCD_r0051_c0065,T1/BCD_r0051_c0065.png,T2/BCD_r0051_c0065.png,0,masks/BCD_r0051_c0065.png,0.00000000
BCD_r0051_c0066,T1/BCD_r0051_c0066.png,T2/BCD_r0051_c0066.png,0,masks/BCD_r0051_c0066.png,0.00000000
BCD_r0051_c0067,T1/BCD_r0051_c0067.png,T2/BCD_r0051_c0067.png,0,masks/BCD_r0051_c0067.png,0.00000000
BCD_r0051_c0068,T1/BCD_r0051_c0068.png,T2/BCD_r0051_c0068.png,0,masks/BCD_r0051_c0068.png,0.00000000
BCD_r0051_c0069,T1/BCD_r0051_c0069.png,T2/BCD_r0051_c0069.png,0,masks/BCD_r0051_c0069.png,0.00000000
BCD_r0051_c0070,T1/BCD_r0051_c0070.png,T2/BCD_r0051_c0070.png,0,masks/BCD_r0051_c0070.png,0.00000000
BCD_r0051_c0071,T1/BCD_r0051_c0071.png,T2/BCD_r0051_c0071.png,0,masks/BCD_r0051_c0071.png,0.00000000
BCD_r0051_c0072,T1/BCD_r0051_c0072.png,T2/BCD_r0051_c0072.png,0,masks/BCD_r0051_c0072.png,0.00000000
BCD_r0051_c0073,T1/BCD_r0051_c0073.png,T2/BCD_r0051_c0073.png,0,masks/BCD_r0051_c0073.png,0.00000000
BCD_r0051_c0074,T1/BCD_r0051_c0074.png,T2/BCD_r0051_c0074.png,0,masks/BCD_r0051_c0074.png,0.00000000
BCD_r0051_c0075,T1/BCD_r0051_c0075.png,T2/BCD_r0051_c0075.png,0,masks/BCD_r0051_c0075.png,0.00000000
BCD_r0051_c0076,T1/BCD_r0051_c0076.png,T2/BCD_r0051_c0076.png,0,masks/BCD_r0051_c0076.png,0.00000000
BCD_r0051_c0077,T1/BCD_r0051_c0077.png,T2/BCD_r0051_c0077.png,0,masks/BCD_r0051_c0077.png,0.00000000
BCD_r0051_c0078,T1/BCD_r0051_c0078.png,T2/BCD_r0051_c0078.png,0,masks/BCD_r0051_c0078.png,0.00000000
BCD_r0051_c0079,T1/BCD_r0051_c0079.png,T2/BCD_r0051_c0079.png,0,masks/BCD_r0051_c0079.png,0.00000000
BCD_r0051_c0080,T1/BCD_r0051_c0080.png,T2/BCD_r0051_c0080.png,0,masks/BCD_r0051_c0080.png,0.00000000
BCD_r0051_c0081,T1/BCD_r0051_c0081.png,T2/BCD_r0051_c0081.png,0,masks/BCD_r0051_c0081.png,0.00000000
BCD_r0051_c0082,T1/BCD_r0051_c0082.png,T2/BCD_r0051_c0082.png,0,masks/BCD_r0051_c0082.png,0.00000000
BCD_r0051_c0083,T1/BCD_r0051_c0083.png,T2/BCD_r0051_c0083.png,0,masks/BCD_r0051_c0083.png,0.00000000
BCD_r0051_c0084,T1/BCD_r0051_c0084.png,T2/BCD_r0051_c0084.png,0,masks/BCD_r0051_c0084.png,0.00000000
BCD_r0051_c0085,T1/BCD_r0051_c0085.png,T2/BCD_r0051_c0085.png,0,masks/BCD_r0051_c0085.png,0.00000000
BCD_r0051_c0086,T1/BCD_r0051_c0086.png,T2/BCD_r0051_c0086.png,0,masks/BCD_r0051_c0086.png,0.00000000
BCD_r0051_c0087,T1/BCD_r0051_c0087.png,T2/BCD_r0051_c0087.png,1,masks/BCD_r0051_c0087.png,0.01492746
BCD_r0051_c0088,T1/BCD_r0051_c0088.png,T2/BCD_r0051_c0088.png,1,masks/BCD_r0051_c0088.png,0.21386719
BCD_r0051_c0089,T1/BCD_r0051_c0089.png,T2/BCD_r0051_c0089.png,1,masks/BCD_r0051_c0089.png,0.23206314
BCD_r0051_c0090,T1/BCD_r0051_c0090.png,T2/BCD_r0051_c0090.png,0,masks/BCD_r0051_c0090.png,0.00000000
BCD_r0051_c0091,T1/BCD_r0051_c0091.png,T2/BCD_r0051_c0091.png,0,masks/BCD_r0051_c0091.png,0.00000000
BCD_r0051_c0092,T1/BCD_r0051_c0092.png,T2/BCD_r0051_c0092.png,0,masks/BCD_r0051_c0092.png,0.00000000
BCD_r0051_c0093,T1/BCD_r0051_c0093.png,T2/BCD_r0051_c0093.png,0,masks/BCD_r0051_c0093.png,0.00000000
BCD_r0051_c0094,T1/BCD_r0051_c0094.png,T2/BCD_r0051_c0094.png,1,masks/BCD_r0051_c0094.png,0.08719308
BCD_r0051_c0095,T1/BCD_r0051_c0095.png,T2/BCD_r0051_c0095.png,0,masks/BCD_r0051_c0095.png,0.00000000
BCD_r0051_c0096,T1/BCD_r0051_c0096.png,T2/BCD_r0051_c0096.png,0,masks/BCD_r0051_c0096.png,0.00000000
BCD_r0051_c0097,T1/BCD_r0051_c0097.png,T2/BCD_r0051_c0097.png,0,masks/BCD_r0051_c0097.png,0.00000000
BCD_r0051_c0098,T1/BCD_r0051_c0098.png,T2/BCD_r0051_c0098.png,0,masks/BCD_r0051_c0098.png,0.00000000
BCD_r0051_c0099,T1/BCD_r0051_c0099.png,T2/BCD_r0051_c0099.png,0,masks/BCD_r0051_c0099.png,0.00000000
BCD_r0051_c0100,T1/BCD_r0051_c0100.png,T2/BCD_r0051_c0100.png,0,masks/BCD_r0051_c0100.png,0.00000000
BCD_r0051_c0101,T1/BCD_r0051_c0101.png,T2/BCD_r0051_c0101.png,0,masks/BCD_r0051_c0101.png,0.00000000
BCD_r0051_c0102,T1/BCD_r0051_c0102.png,T2/BCD_r0051_c0102.png,0,masks/BCD_r0051_c0102.png,0.00000000
BCD_r0051_c0103,T1/BCD_r0051_c0103.png,T2/BCD_r0051_c0103.png,0,masks/BCD_r0051_c0103.png,0.00000000
BCD_r0051_c0104,T1/BCD_r0051_c0104.png,T2/BCD_r0051_c0104.png,0,masks/BCD_r0051_c0104.png,0.00000000
BCD_r0051_c0105,T1/BCD_r0051_c0105.png,T2/BCD_r0051_c0105.png,0,masks/BCD_r0051_c0105.png,0.00000000
BCD_r0051_c0106,T1/BCD_r0051_c0106.png,T2/BCD_r0051_c0106.png,0,masks/BCD_r0051_c0106.png,0.00000000
BCD_r0051_c0107,T1/BCD_r0051_c0107.png,T2/BCD_r0051_c0107.png,0,masks/BCD_r0051_c0107.png,0.00000000
BCD_r0051_c0108,T1/BCD_r0051_c0108.png,T2/BCD_r0051_c0108.png,1,masks/BCD_r0051_c0108.png,0.17053970
BCD_r0051_c0109,T1/BCD_r0051_c0109.png,T2/BCD_r0051_c0109.png,1,masks/BCD_r0051_c0109.png,0.29121492
BCD_r0051_c0110,T1/BCD_r0051_c0110.png,T2/BCD_r0051_c0110.png,1,masks/BCD_r0051_c0110.png,0.18630421
BCD_r0051_c0111,T1/BCD_r0051_c0111.png,T2/BCD_r0051_c0111.png,1,masks/BCD_r0051_c0111.png,0.28154895
BCD_r0051_c0112,T1/BCD_r0051_c0112.png,T2/BCD_r0051_c0112.png,1,masks/BCD_r0051_c0112.png,0.21526228
BCD_r0051_c0113,T1/BCD_r0051_c0113.png,T2/BCD_r0051_c0113.png,0,masks/BCD_r0051_c0113.png,0.00000000
BCD_r0051_c0114,T1/BCD_r0051_c0114.png,T2/BCD_r0051_c0114.png,0,masks/BCD_r0051_c0114.png,0.00000000
BCD_r0051_c0115,T1/BCD_r0051_c0115.png,T2/BCD_r0051_c0115.png,0,masks/BCD_r0051_c0115.png,0.00000000
BCD_r0051_c0116,T1/BCD_r0051_c0116.png,T2/BCD_r0051_c0116.png,0,masks/BCD_r0051_c0116.png,0.00000000
BCD_r0051_c0117,T1/BCD_r0051_c0117.png,T2/BCD_r0051_c0117.png,0,masks/BCD_r0051_c0117.png,0.00000000
BCD_r0051_c0118,T1/BCD_r0051_c0118.png,T2/BCD_r0051_c0118.png,0,masks/BCD_r0051_c0118.png,0.00000000
BCD_r0051_c0119,T1/BCD_r0051_c0119.png,T2/BCD_r0051_c0119.png,0,masks/BCD_r0051_c0119.png,0.00000000
BCD_r0051_c0120,T1/BCD_r0051_c0120.png,T2/BCD_r0051_c0120.png,0,masks/BCD_r0051_c0120.png,0.00000000
BCD_r0051_c0121,T1/BCD_r0051_c0121.png,T2/BCD_r0051_c0121.png,0,masks/BCD_r0051_c0121.png,0.00000000
BCD_r0051_c0122,T1/BCD_r0051_c0122.png,T2/BCD_r0051_c0122.png,0,masks/BCD_r0051_c0122.png,0.00000000
BCD_r0051_c0123,T1/BCD_r0051_c0123.png,T2/BCD_r0051_c0123.png,0,masks/BCD_r0051_c0123.png,0.00000000
BCD_r0051_c0124,T1/BCD_r0051_c0124.png,T2/BCD_r0051_c0124.png,0,masks/BCD_r0051_c0124.png,0.00000000
BCD_r0051_c0125,T1/BCD_r0051_c0125.png,T2/BCD_r0051_c0125.png,0,masks/BCD_r0051_c0125.png,0.00000000
BCD_r0051_c0126,T1/BCD_r0051_c0126.png,T2/BCD_r0051_c0126.png,0,masks/BCD_r0051_c0126.png,0.00000000
BCD_r0051_c0127,T1/BCD_r0051_c0127.png,T2/BCD_r0051_c0127.png,0,masks/BCD_r0051_c0127.png,0.00000000
BCD_r0051_c0128,T1/BCD_r0051_c0128.png,T2/BCD_r0051_c0128.png,0,masks/BCD_r0051_c0128.png,0.00000000
BCD_r0051_c0129,T1/BCD_r0051_c0129.png,T2/BCD_r0051_c0129.png,0,masks/BCD_r0051_c0129.png,0.00000000
BCD_r0051_c0130,T1/BCD_r0051_c0130.png,T2/BCD_r0051_c0130.png,0,masks/BCD_r0051_c0130.png,0.00000000
BCD_r0051_c0131,T1/BCD_r0051_c0131.png,T2/BCD_r0051_c0131.png,0,masks/BCD_r0051_c0131.png,0.00000000
BCD_r0051_c0132,T1/BCD_r0051_c0132.png,T2/BCD_r0051_c0132.png,0,masks/BCD_r0051_c0132.png,0.00000000
BCD_r0051_c0133,T1/BCD_r0051_c0133.png,T2/BCD_r0051_c0133.png,0,masks/BCD_r0051_c0133.png,0.00000000
BCD_r0051_c0134,T1/BCD_r0051_c0134.png,T2/BCD_r0051_c0134.png,0,masks/BCD_r0051_c0134.png,0.00000000
BCD_r0051_c0135,T1/BCD_r0051_c0135.png,T2/BCD_r0051_c0135.png,0,masks/BCD_r0051_c0135.png,0.00000000
BCD_r0051_c0136,T1/BCD_r0051_c0136.png,T2/BCD_r0051_c0136.png,0,masks/BCD_r0051_c0136.png,0.00000000
BCD_r0051_c0137,T1/BCD_r0051_c0137.png,T2/BCD_r0051_c0137.png,0,masks/BCD_r0051_c0137.png,0.00000000
BCD_r0051_c0138,T1/BCD_r0051_c0138.png,T2/BCD_r0051_c0138.png,0,masks/BCD_r0051_c0138.png,0.00000000
BCD_r0051_c0139,T1/BCD_r0051_c0139.png,T2/BCD_r0051_c0139.png,0,masks/BCD_r0051_c0139.png,0.00000000
BCD_r0051_c0140,T1/BCD_r0051_c0140.png,T2/BCD_r0051_c0140.png,0,masks/BCD_r0051_c0140.png,0.00000000
BCD_r0051_c0141,T1/BCD_r0051_c0141.png,T2/BCD_r0051_c0141.png,0,masks/BCD_r0051_c0141.png,0.00000000
BCD_r0051_c0142,T1/BCD_r0051_c0142.png,T2/BCD_r0051_c0142.png,0,masks/BCD_r0051_c0142.png,0.00000000
BCD_r0051_c0143,T1/BCD_r0051_c0143.png,T2/BCD_r0051_c0143.png,0,masks/BCD_r0051_c0143.png,0.00000000
BCD_r0051_c0144,T1/BCD_r0051_c0144.png,T2/BCD_r0051_c0144.png,0,masks/BCD_r0051_c0144.png,0.00000000
BCD_r0052_c0000,T1/BCD_r0052_c0000.png,T2/BCD_r0052_c0000.png,0,masks/BCD_r0052_c0000.png,0.00000000
BCD_r0052_c0001,T1/BCD_r0052_c0001.png,T2/BCD_r0052_c0001.png,0,masks/BCD_r0052_c0001.png,0.00000000
BCD_r0052_c0002,T1/BCD_r0052_c0002.png,T2/BCD_r0052_c0002.png,0,masks/BCD_r0052_c0002.png,0.00000000
BCD_r0052_c0003,T1/BCD_r0052_c0003.png,T2/BCD_r0052_c0003.png,0,masks/BCD_r0052_c0003.png,0.00000000
BCD_r0052_c0004,T1/BCD_r0052_c0004.png,T2/BCD_r0052_c0004.png,0,masks/BCD_r0052_c0004.png,0.00000000
BCD_r0052_c0005,T1/BCD_r0052_c0005.png,T2/BCD_r0052_c0005.png,0,masks/BCD_r0052_c0005.png,0.00000000
BCD_r0052_c0006,T1/BCD_r0052_c0006.png,T2/BCD_r0052_c0006.png,0,masks/BCD_r0052_c0006.png,0.00000000
BCD_r0052_c0007,T1/BCD_r0052_c0007.png,T2/BCD_r0052_c0007.png,0,masks/BCD_r0052_c0007.png,0.00000000
BCD_r0052_c0008,T1/BCD_r0052_c0008.png,T2/BCD_r0052_c0008.png,0,masks/BCD_r0052_c0008.png,0.00000000
BCD_r0052_c0009,T1/BCD_r0052_c0009.png,T2/BCD_r0052_c0009.png,1,masks/BCD_r0052_c0009.png,0.09909120
BCD_r0052_c0010,T1/BCD_r0052_c0010.png,T2/BCD_r0052_c0010.png,0,masks/BCD_r0052_c0010.png,0.00000000
BCD_r0052_c0011,T1/BCD_r0052_c0011.png,T2/BCD_r0052_c0011.png,0,masks/BCD_r0052_c0011.png,0.00000000
BCD_r0052_c0012,T1/BCD_r0052_c0012.png,T2/BCD_r0052_c0012.png,0,masks/BCD_r0052_c0012.png,0.00000000
BCD_r0052_c0013,T1/BCD_r0052_c0013.png,T2/BCD_r0052_c0013.png,0,masks/BCD_r0052_c0013.png,0.00000000
BCD_r0052_c0014,T1/BCD_r0052_c0014.png,T2/BCD_r0052_c0014.png,1,masks/BCD_r0052_c0014.png,0.12101403
BCD_r0052_c0015,T1/BCD_r0052_c0015.png,T2/BCD_r0052_c0015.png,0,masks/BCD_r0052_c0015.png,0.00000000
BCD_r0052_c0016,T1/BCD_r0052_c0016.png,T2/BCD_r0052_c0016.png,1,masks/BCD_r0052_c0016.png,0.01114078
BCD_r0052_c0017,T1/BCD_r0052_c0017.png,T2/BCD_r0052_c0017.png,1,masks/BCD_r0052_c0017.png,0.02012915
BCD_r0052_c0018,T1/BCD_r0052_c0018.png,T2/BCD_r0052_c0018.png,0,masks/BCD_r0052_c0018.png,0.00000000
BCD_r0052_c0019,T1/BCD_r0052_c0019.png,T2/BCD_r0052_c0019.png,1,masks/BCD_r0052_c0019.png,0.03111049
BCD_r0052_c0020,T1/BCD_r0052_c0020.png,T2/BCD_r0052_c0020.png,0,masks/BCD_r0052_c0020.png,0.00000000
BCD_r0052_c0021,T1/BCD_r0052_c0021.png,T2/BCD_r0052_c0021.png,1,masks/BCD_r0052_c0021.png,0.26476802
BCD_r0052_c0022,T1/BCD_r0052_c0022.png,T2/BCD_r0052_c0022.png,1,masks/BCD_r0052_c0022.png,0.01171875
BCD_r0052_c0023,T1/BCD_r0052_c0023.png,T2/BCD_r0052_c0023.png,0,masks/BCD_r0052_c0023.png,0.00000000
BCD_r0052_c0024,T1/BCD_r0052_c0024.png,T2/BCD_r0052_c0024.png,0,masks/BCD_r0052_c0024.png,0.00000000
BCD_r0052_c0025,T1/BCD_r0052_c0025.png,T2/BCD_r0052_c0025.png,1,masks/BCD_r0052_c0025.png,0.05213648
BCD_r0052_c0026,T1/BCD_r0052_c0026.png,T2/BCD_r0052_c0026.png,1,masks/BCD_r0052_c0026.png,0.14391342
BCD_r0052_c0027,T1/BCD_r0052_c0027.png,T2/BCD_r0052_c0027.png,0,masks/BCD_r0052_c0027.png,0.00000000
BCD_r0052_c0028,T1/BCD_r0052_c0028.png,T2/BCD_r0052_c0028.png,0,masks/BCD_r0052_c0028.png,0.00000000
BCD_r0052_c0029,T1/BCD_r0052_c0029.png,T2/BCD_r0052_c0029.png,0,masks/BCD_r0052_c0029.png,0.00000000
BCD_r0052_c0030,T1/BCD_r0052_c0030.png,T2/BCD_r0052_c0030.png,1,masks/BCD_r0052_c0030.png,0.01753827
BCD_r0052_c0031,T1/BCD_r0052_c0031.png,T2/BCD_r0052_c0031.png,1,masks/BCD_r0052_c0031.png,0.07055166
BCD_r0052_c0032,T1/BCD_r0052_c0032.png,T2/BCD_r0052_c0032.png,1,masks/BCD_r0052_c0032.png,0.19349888
BCD_r0052_c0033,T1/BCD_r0052_c0033.png,T2/BCD_r0052_c0033.png,0,masks/BCD_r0052_c0033.png,0.00000000
BCD_r0052_c0034,T1/BCD_r0052_c0034.png,T2/BCD_r0052_c0034.png,0,masks/BCD_r0052_c0034.png,0.00000000
BCD_r0052_c0035,T1/BCD_r0052_c0035.png,T2/BCD_r0052_c0035.png,0,masks/BCD_r0052_c0035.png,0.00000000
BCD_r0052_c0036,T1/BCD_r0052_c0036.png,T2/BCD_r0052_c0036.png,0,masks/BCD_r0052_c0036.png,0.00000000
BCD_r0052_c0037,T1/BCD_r0052_c0037.png,T2/BCD_r0052_c0037.png,0,masks/BCD_r0052_c0037.png,0.00000000
BCD_r0052_c0038,T1/BCD_r0052_c0038.png,T2/BCD_r0052_c0038.png,0,masks/BCD_r0052_c0038.png,0.00000000
BCD_r0052_c0039,T1/BCD_r0052_c0039.png,T2/BCD_r0052_c0039.png,0,masks/BCD_r0052_c0039.png,0.00000000
BCD_r0052_c0040,T1/BCD_r0052_c0040.png,T2/BCD_r0052_c0040.png,1,masks/BCD_r0052_c0040.png,0.21267140
BCD_r0052_c0041,T1/BCD_r0052_c0041.png,T2/BCD_r0052_c0041.png,0,masks/BCD_r0052_c0041.png,0.00000000
BCD_r0052_c0042,T1/BCD_r0052_c0042.png,T2/BCD_r0052_c0042.png,0,masks/BCD_r0052_c0042.png,0.00000000
BCD_r0052_c0043,T1/BCD_r0052_c0043.png,T2/BCD_r0052_c0043.png,0,masks/BCD_r0052_c0043.png,0.00000000
BCD_r0052_c0044,T1/BCD_r0052_c0044.png,T2/BCD_r0052_c0044.png,0,masks/BCD_r0052_c0044.png,0.00000000
BCD_r0052_c0045,T1/BCD_r0052_c0045.png,T2/BCD_r0052_c0045.png,0,masks/BCD_r0052_c0045.png,0.00000000
BCD_r0052_c0046,T1/BCD_r0052_c0046.png,T2/BCD_r0052_c0046.png,0,masks/BCD_r0052_c0046.png,0.00000000
BCD_r0052_c0047,T1/BCD_r0052_c0047.png,T2/BCD_r0052_c0047.png,0,masks/BCD_r0052_c0047.png,0.00000000
BCD_r0052_c0048,T1/BCD_r0052_c0048.png,T2/BCD_r0052_c0048.png,0,masks/BCD_r0052_c0048.png,0.00000000
BCD_r0052_c0049,T1/BCD_r0052_c0049.png,T2/BCD_r0052_c0049.png,0,masks/BCD_r0052_c0049.png,0.00000000
BCD_r0052_c0050,T1/BCD_r0052_c0050.png,T2/BCD_r0052_c0050.png,0,masks/BCD_r0052_c0050.png,0.00000000
BCD_r0052_c0051,T1/BCD_r0052_c0051.png,T2/BCD_r0052_c0051.png,0,masks/BCD_r0052_c0051.png,0.00000000
BCD_r0052_c0052,T1/BCD_r0052_c0052.png,T2/BCD_r0052_c0052.png,0,masks/BCD_r0052_c0052.png,0.00000000
BCD_r0052_c0053,T1/BCD_r0052_c0053.png,T2/BCD_r0052_c0053.png,0,masks/BCD_r0052_c0053.png,0.00000000
BCD_r0052_c0054,T1/BCD_r0052_c0054.png,T2/BCD_r0052_c0054.png,0,masks/BCD_r0052_c0054.png,0.00000000
BCD_r0052_c0055,T1/BCD_r0052_c0055.png,T2/BCD_r0052_c0055.png,0,masks/BCD_r0052_c0055.png,0.00000000
BCD_r0052_c0056,T1/BCD_r0052_c0056.png,T2/BCD_r0052_c0056.png,0,masks/BCD_r0052_c0056.png,0.00000000
BCD_r0052_c0057,T1/BCD_r0052_c0057.png,T2/BCD_r0052_c0057.png,0,masks/BCD_r0052_c0057.png,0.00000000
BCD_r0052_c0058,T1/BCD_r0052_c0058.png,T2/BCD_r0052_c0058.png,0,masks/BCD_r0052_c0058.png,0.00000000
BCD_r0052_c0059,T1/BCD_r0052_c0059.png,T2/BCD_r0052_c0059.png,1,masks/BCD_r0052_c0059.png,0.00771285
BCD_r0052_c0060,T1/BCD_r0052_c0060.png,T2/BCD_r0052_c0060.png,1,masks/BCD_r0052_c0060.png,0.11997768
BCD_r0052_c0061,T1/BCD_r0052_c0061.png,T2/BCD_r0052_c0061.png,0,masks/BCD_r0052_c0061.png,0.00000000
BCD_r0052_c0062,T1/BCD_r0052_c0062.png,T2/BCD_r0052_c0062.png,0,masks/BCD_r0052_c0062.png,0.00000000
BCD_r0052_c0063,T1/BCD_r0052_c0063.png,T2/BCD_r0052_c0063.png,0,masks/BCD_r0052_c0063.png,0.00000000
BCD_r0052_c0064,T1/BCD_r0052_c0064.png,T2/BCD_r0052_c0064.png,0,masks/BCD_r0052_c0064.png,0.00000000
BCD_r0052_c0065,T1/BCD_r0052_c0065.png,T2/BCD_r0052_c0065.png,0,masks/BCD_r0052_c0065.png,0.00000000
BCD_r0052_c0066,T1/BCD_r0052_c0066.png,T2/BCD_r0052_c0066.png,0,masks/BCD_r0052_c0066.png,0.00000000
BCD_r0052_c0067,T1/BCD_r0052_c0067.png,T2/BCD_r0052_c0067.png,0,masks/BCD_r0052_c0067.png,0.00000000
BCD_r0052_c0068,T1/BCD_r0052_c0068.png,T2/BCD_r0052_c0068.png,0,masks/BCD_r0052_c0068.png,0.00000000
BCD_r0052_c0069,T1/BCD_r0052_c0069.png,T2/BCD_r0052_c0069.png,0,masks/BCD_r0052_c0069.png,0.00000000
BCD_r0052_c0070,T1/BCD_r0052_c0070.png,T2/BCD_r0052_c0070.png,0,masks/BCD_r0052_c0070.png,0.00000000
BCD_r0052_c0071,T1/BCD_r0052_c0071.png,T2/BCD_r0052_c0071.png,0,masks/BCD_r0052_c0071.png,0.00000000
BCD_r0052_c0072,T1/BCD_r0052_c0072.png,T2/BCD_r0052_c0072.png,0,masks/BCD_r0052_c0072.png,0.00000000
BCD_r0052_c0073,T1/BCD_r0052_c0073.png,T2/BCD_r0052_c0073.png,1,masks/BCD_r0052_c0073.png,0.09478635
BCD_r0052_c0074,T1/BCD_r0052_c0074.png,T2/BCD_r0052_c0074.png,1,masks/BCD_r0052_c0074.png,0.12368463
BCD_r0052_c0075,T1/BCD_r0052_c0075.png,T2/BCD_r0052_c0075.png,0,masks/BCD_r0052_c0075.png,0.00000000
BCD_r0052_c0076,T1/BCD_r0052_c0076.png,T2/BCD_r0052_c0076.png,1,masks/BCD_r0052_c0076.png,0.11623087
BCD_r0052_c0077,T1/BCD_r0052_c0077.png,T2/BCD_r0052_c0077.png,1,masks/BCD_r0052_c0077.png,0.24673151
BCD_r0052_c0078,T1/BCD_r0052_c0078.png,T2/BCD_r0052_c0078.png,1,masks/BCD_r0052_c0078.png,0.10610651
BCD_r0052_c0079,T1/BCD_r0052_c0079.png,T2/BCD_r0052_c0079.png,0,masks/BCD_r0052_c0079.png,0.00000000
BCD_r0052_c0080,T1/BCD_r0052_c0080.png,T2/BCD_r0052_c0080.png,1,masks/BCD_r0052_c0080.png,0.00005979
BCD_r0052_c0081,T1/BCD_r0052_c0081.png,T2/BCD_r0052_c0081.png,1,masks/BCD_r0052_c0081.png,0.02445392
BCD_r0052_c0082,T1/BCD_r0052_c0082.png,T2/BCD_r0052_c0082.png,0,masks/BCD_r0052_c0082.png,0.00000000
BCD_r0052_c0083,T1/BCD_r0052_c0083.png,T2/BCD_r0052_c0083.png,0,masks/BCD_r0052_c0083.png,0.00000000
BCD_r0052_c0084,T1/BCD_r0052_c0084.png,T2/BCD_r0052_c0084.png,0,masks/BCD_r0052_c0084.png,0.00000000
BCD_r0052_c0085,T1/BCD_r0052_c0085.png,T2/BCD_r0052_c0085.png,0,masks/BCD_r0052_c0085.png,0.00000000
BCD_r0052_c0086,T1/BCD_r0052_c0086.png,T2/BCD_r0052_c0086.png,0,masks/BCD_r0052_c0086.png,0.00000000
BCD_r0052_c0087,T1/BCD_r0052_c0087.png,T2/BCD_r0052_c0087.png,0,masks/BCD_r0052_c0087.png,0.00000000
BCD_r0052_c0088,T1/BCD_r0052_c0088.png,T2/BCD_r0052_c0088.png,1,masks/BCD_r0052_c0088.png,0.07116948
BCD_r0052_c0089,T1/BCD_r0052_c0089.png,T2/BCD_r0052_c0089.png,1,masks/BCD_r0052_c0089.png,0.43138154
BCD_r0052_c0090,T1/BCD_r0052_c0090.png,T2/BCD_r0052_c0090.png,1,masks/BCD_r0052_c0090.png,0.03017379
BCD_r0052_c0091,T1/BCD_r0052_c0091.png,T2/BCD_r0052_c0091.png,0,masks/BCD_r0052_c0091.png,0.00000000
BCD_r0052_c0092,T1/BCD_r0052_c0092.png,T2/BCD_r0052_c0092.png,0,masks/BCD_r0052_c0092.png,0.00000000
BCD_r0052_c0093,T1/BCD_r0052_c0093.png,T2/BCD_r0052_c0093.png,0,masks/BCD_r0052_c0093.png,0.00000000
BCD_r0052_c0094,T1/BCD_r0052_c0094.png,T2/BCD_r0052_c0094.png,1,masks/BCD_r0052_c0094.png,0.02096620
BCD_r0052_c0095,T1/BCD_r0052_c0095.png,T2/BCD_r0052_c0095.png,0,masks/BCD_r0052_c0095.png,0.00000000
BCD_r0052_c0096,T1/BCD_r0052_c0096.png,T2/BCD_r0052_c0096.png,0,masks/BCD_r0052_c0096.png,0.00000000
BCD_r0052_c0097,T1/BCD_r0052_c0097.png,T2/BCD_r0052_c0097.png,0,masks/BCD_r0052_c0097.png,0.00000000
BCD_r0052_c0098,T1/BCD_r0052_c0098.png,T2/BCD_r0052_c0098.png,0,masks/BCD_r0052_c0098.png,0.00000000
BCD_r0052_c0099,T1/BCD_r0052_c0099.png,T2/BCD_r0052_c0099.png,0,masks/BCD_r0052_c0099.png,0.00000000
BCD_r0052_c0100,T1/BCD_r0052_c0100.png,T2/BCD_r0052_c0100.png,0,masks/BCD_r0052_c0100.png,0.00000000
BCD_r0052_c0101,T1/BCD_r0052_c0101.png,T2/BCD_r0052_c0101.png,0,masks/BCD_r0052_c0101.png,0.00000000
BCD_r0052_c0102,T1/BCD_r0052_c0102.png,T2/BCD_r0052_c0102.png,0,masks/BCD_r0052_c0102.png,0.00000000
BCD_r0052_c0103,T1/BCD_r0052_c0103.png,T2/BCD_r0052_c0103.png,0,masks/BCD_r0052_c0103.png,0.00000000
BCD_r0052_c0104,T1/BCD_r0052_c0104.png,T2/BCD_r0052_c0104.png,0,masks/BCD_r0052_c0104.png,0.00000000
BCD_r0052_c0105,T1/BCD_r0052_c0105.png,T2/BCD_r0052_c0105.png,0,masks/BCD_r0052_c0105.png,0.00000000
BCD_r0052_c0106,T1/BCD_r0052_c0106.png,T2/BCD_r0052_c0106.png,0,masks/BCD_r0052_c0106.png,0.00000000
BCD_r0052_c0107,T1/BCD_r0052_c0107.png,T2/BCD_r0052_c0107.png,1,masks/BCD_r0052_c0107.png,0.05785635
BCD_r0052_c0108,T1/BCD_r0052_c0108.png,T2/BCD_r0052_c0108.png,1,masks/BCD_r0052_c0108.png,0.32314254
BCD_r0052_c0109,T1/BCD_r0052_c0109.png,T2/BCD_r0052_c0109.png,1,masks/BCD_r0052_c0109.png,0.18020568
BCD_r0052_c0110,T1/BCD_r0052_c0110.png,T2/BCD_r0052_c0110.png,1,masks/BCD_r0052_c0110.png,0.27295918
BCD_r0052_c0111,T1/BCD_r0052_c0111.png,T2/BCD_r0052_c0111.png,0,masks/BCD_r0052_c0111.png,0.00000000
BCD_r0052_c0112,T1/BCD_r0052_c0112.png,T2/BCD_r0052_c0112.png,0,masks/BCD_r0052_c0112.png,0.00000000
BCD_r0052_c0113,T1/BCD_r0052_c0113.png,T2/BCD_r0052_c0113.png,0,masks/BCD_r0052_c0113.png,0.00000000
BCD_r0052_c0114,T1/BCD_r0052_c0114.png,T2/BCD_r0052_c0114.png,0,masks/BCD_r0052_c0114.png,0.00000000
BCD_r0052_c0115,T1/BCD_r0052_c0115.png,T2/BCD_r0052_c0115.png,0,masks/BCD_r0052_c0115.png,0.00000000
BCD_r0052_c0116,T1/BCD_r0052_c0116.png,T2/BCD_r0052_c0116.png,0,masks/BCD_r0052_c0116.png,0.00000000
BCD_r0052_c0117,T1/BCD_r0052_c0117.png,T2/BCD_r0052_c0117.png,0,masks/BCD_r0052_c0117.png,0.00000000
BCD_r0052_c0118,T1/BCD_r0052_c0118.png,T2/BCD_r0052_c0118.png,0,masks/BCD_r0052_c0118.png,0.00000000
BCD_r0052_c0119,T1/BCD_r0052_c0119.png,T2/BCD_r0052_c0119.png,0,masks/BCD_r0052_c0119.png,0.00000000
BCD_r0052_c0120,T1/BCD_r0052_c0120.png,T2/BCD_r0052_c0120.png,0,masks/BCD_r0052_c0120.png,0.00000000
BCD_r0052_c0121,T1/BCD_r0052_c0121.png,T2/BCD_r0052_c0121.png,0,masks/BCD_r0052_c0121.png,0.00000000
BCD_r0052_c0122,T1/BCD_r0052_c0122.png,T2/BCD_r0052_c0122.png,0,masks/BCD_r0052_c0122.png,0.00000000
BCD_r0052_c0123,T1/BCD_r0052_c0123.png,T2/BCD_r0052_c0123.png,0,masks/BCD_r0052_c0123.png,0.00000000
BCD_r0052_c0124,T1/BCD_r0052_c0124.png,T2/BCD_r0052_c0124.png,0,masks/BCD_r0052_c0124.png,0.00000000
BCD_r0052_c0125,T1/BCD_r0052_c0125.png,T2/BCD_r0052_c0125.png,0,masks/BCD_r0052_c0125.png,0.00000000
BCD_r0052_c0126,T1/BCD_r0052_c0126.png,T2/BCD_r0052_c0126.png,0,masks/BCD_r0052_c0126.png,0.00000000
BCD_r0052_c0127,T1/BCD_r0052_c0127.png,T2/BCD_r0052_c0127.png,0,masks/BCD_r0052_c0127.png,0.00000000
BCD_r0052_c0128,T1/BCD_r0052_c0128.png,T2/BCD_r0052_c0128.png,0,masks/BCD_r0052_c0128.png,0.00000000
BCD_r0052_c0129,T1/BCD_r0052_c0129.png,T2/BCD_r0052_c0129.png,0,masks/BCD_r0052_c0129.png,0.00000000
BCD_r0052_c0130,T1/BCD_r0052_c0130.png,T2/BCD_r0052_c0130.png,0,masks/BCD_r0052_c0130.png,0.00000000
BCD_r0052_c0131,T1/BCD_r0052_c0131.png,T2/BCD_r0052_c0131.png,0,masks/BCD_r0052_c0131.png,0.00000000
BCD_r0052_c0132,T1/BCD_r0052_c0132.png,T2/BCD_r0052_c0132.png,0,masks/BCD_r0052_c0132.png,0.00000000
BCD_r0052_c0133,T1/BCD_r0052_c0133.png,T2/BCD_r0052_c0133.png,0,masks/BCD_r0052_c0133.png,0.00000000
BCD_r0052_c0134,T1/BCD_r0052_c0134.png,T2/BCD_r0052_c0134.png,0,masks/BCD_r0052_c0134.png,0.00000000
BCD_r0052_c0135,T1/BCD_r0052_c0135.png,T2/BCD_r0052_c0135.png,0,masks/BCD_r0052_c0135.png,0.00000000
BCD_r0052_c0136,T1/BCD_r0052_c0136.png,T2/BCD_r0052_c0136.png,0,masks/BCD_r0052_c0136.png,0.00000000
BCD_r0052_c0137,T1/BCD_r0052_c0137.png,T2/BCD_r0052_c0137.png,0,masks/BCD_r0052_c0137.png,0.00000000
BCD_r0052_c0138,T1/BCD_r0052_c0138.png,T2/BCD_r0052_c0138.png,0,masks/BCD_r0052_c0138.png,0.00000000
BCD_r0052_c0139,T1/BCD_r0052_c0139.png,T2/BCD_r0052_c0139.png,0,masks/BCD_r0052_c0139.png,0.00000000
BCD_r0052_c0140,T1/BCD_r0052_c0140.png,T2/BCD_r0052_c0140.png,0,masks/BCD_r0052_c0140.png,0.00000000
BCD_r0052_c0141,T1/BCD_r0052_c0141.png,T2/BCD_r0052_c0141.png,0,masks/BCD_r0052_c0141.png,0.00000000
BCD_r0052_c0142,T1/BCD_r0052_c0142.png,T2/BCD_r0052_c0142.png,0,masks/BCD_r0052_c0142.png,0.00000000
BCD_r0052_c0143,T1/BCD_r0052_c0143.png,T2/BCD_r0052_c0143.png,0,masks/BCD_r0052_c0143.png,0.00000000
BCD_r0052_c0144,T1/BCD_r0052_c0144.png,T2/BCD_r0052_c0144.png,1,masks/BCD_r0052_c0144.png,0.02096620
